"page","tool","rule","severity","count","description","help"
"https://www.centralpharmacy.clinic/","axe","color-contrast","serious","37","Elements must meet minimum color contrast ratio thresholds","https://dequeuniversity.com/rules/axe/4.13/color-contrast?application=playwright"
"https://www.centralpharmacy.clinic/","axe","heading-order","moderate","1","Heading levels should only increase by one","https://dequeuniversity.com/rules/axe/4.13/heading-order?application=playwright"
"https://www.centralpharmacy.clinic/","axe","target-size","serious","4","All touch targets must be 24px large, or leave sufficient space","https://dequeuniversity.com/rules/axe/4.13/target-size?application=playwright"
"https://www.centralpharmacy.clinic/","structure","heading-skip","warning","1","Heading levels skipped: h2 → h4 (""Explore"")",""
"https://www.centralpharmacy.clinic/","structure","skip-link-missing","notice","1","No ""skip to content"" link",""
"https://www.centralpharmacy.clinic/","structure","new-tab-no-warning","notice","1","6 links open new tab without warning",""
"https://www.centralpharmacy.clinic/","structure","img-no-dimensions","notice","1","47 images without width/height (CLS risk)",""
"https://www.centralpharmacy.clinic/","html-validate","require-sri","warning","1","L4: SRI ""integrity"" attribute is required on <link> element","https://html-validate.org/rules/require-sri.html"
"https://www.centralpharmacy.clinic/","html-validate","require-sri","warning","1","L4: SRI ""integrity"" attribute is required on <script> element","https://html-validate.org/rules/require-sri.html"
"https://www.centralpharmacy.clinic/","html-validate","require-sri","warning","1","L4: SRI ""integrity"" attribute is required on <script> element","https://html-validate.org/rules/require-sri.html"
"https://www.centralpharmacy.clinic/","html-validate","require-sri","warning","1","L4: SRI ""integrity"" attribute is required on <script> element","https://html-validate.org/rules/require-sri.html"
"https://www.centralpharmacy.clinic/","html-validate","require-sri","warning","1","L4: SRI ""integrity"" attribute is required on <script> element","https://html-validate.org/rules/require-sri.html"
"https://www.centralpharmacy.clinic/","html-validate","require-sri","warning","1","L4: SRI ""integrity"" attribute is required on <script> element","https://html-validate.org/rules/require-sri.html"
"https://www.centralpharmacy.clinic/","html-validate","require-sri","warning","1","L4: SRI ""integrity"" attribute is required on <script> element","https://html-validate.org/rules/require-sri.html"
"https://www.centralpharmacy.clinic/","html-validate","require-sri","warning","1","L4: SRI ""integrity"" attribute is required on <script> element","https://html-validate.org/rules/require-sri.html"
"https://www.centralpharmacy.clinic/","html-validate","require-sri","warning","1","L4: SRI ""integrity"" attribute is required on <script> element","https://html-validate.org/rules/require-sri.html"
"https://www.centralpharmacy.clinic/","html-validate","require-sri","warning","1","L4: SRI ""integrity"" attribute is required on <script> element","https://html-validate.org/rules/require-sri.html"
"https://www.centralpharmacy.clinic/","html-validate","require-sri","warning","1","L4: SRI ""integrity"" attribute is required on <script> element","https://html-validate.org/rules/require-sri.html"
"https://www.centralpharmacy.clinic/","html-validate","require-sri","warning","1","L4: SRI ""integrity"" attribute is required on <script> element","https://html-validate.org/rules/require-sri.html"
"https://www.centralpharmacy.clinic/","html-validate","require-sri","warning","1","L4: SRI ""integrity"" attribute is required on <script> element","https://html-validate.org/rules/require-sri.html"
"https://www.centralpharmacy.clinic/","html-validate","require-sri","warning","1","L4: SRI ""integrity"" attribute is required on <script> element","https://html-validate.org/rules/require-sri.html"
"https://www.centralpharmacy.clinic/","html-validate","require-sri","warning","1","L4: SRI ""integrity"" attribute is required on <script> element","https://html-validate.org/rules/require-sri.html"
"https://www.centralpharmacy.clinic/","html-validate","require-sri","warning","1","L4: SRI ""integrity"" attribute is required on <script> element","https://html-validate.org/rules/require-sri.html"
"https://www.centralpharmacy.clinic/","html-validate","require-sri","warning","1","L4: SRI ""integrity"" attribute is required on <script> element","https://html-validate.org/rules/require-sri.html"
"https://www.centralpharmacy.clinic/","html-validate","require-sri","warning","1","L4: SRI ""integrity"" attribute is required on <script> element","https://html-validate.org/rules/require-sri.html"
"https://www.centralpharmacy.clinic/","html-validate","require-sri","warning","1","L4: SRI ""integrity"" attribute is required on <link> element","https://html-validate.org/rules/require-sri.html"
"https://www.centralpharmacy.clinic/","html-validate","require-sri","warning","1","L4: SRI ""integrity"" attribute is required on <script> element","https://html-validate.org/rules/require-sri.html"
"https://www.centralpharmacy.clinic/","html-validate","attribute-allowed-values","error","1","L4: Attribute ""width"" has invalid value ""97.5""","https://html-validate.org/rules/attribute-allowed-values.html"
"https://www.centralpharmacy.clinic/","html-validate","aria-label-misuse","error","1","L4: ""aria-label"" cannot be used on this element","https://html-validate.org/rules/aria-label-misuse.html"
"https://www.centralpharmacy.clinic/","html-validate","element-permitted-content","error","1","L4: <p> element is not permitted as content under <h2>","https://html-validate.org/rules/element-permitted-content.html"
"https://www.centralpharmacy.clinic/","html-validate","element-permitted-content","error","1","L4: <p> element is not permitted as content under <h2>","https://html-validate.org/rules/element-permitted-content.html"
"https://www.centralpharmacy.clinic/","html-validate","element-permitted-content","error","1","L4: <p> element is not permitted as content under <h2>","https://html-validate.org/rules/element-permitted-content.html"
"https://www.centralpharmacy.clinic/","html-validate","element-permitted-content","error","1","L4: <p> element is not permitted as content under <h2>","https://html-validate.org/rules/element-permitted-content.html"
"https://www.centralpharmacy.clinic/","html-validate","heading-level","error","1","L4: Heading level can only increase by one, expected <h3> but got <h4>","https://html-validate.org/rules/heading-level.html"
"https://www.centralpharmacy.clinic/","html-validate","require-sri","warning","1","L4: SRI ""integrity"" attribute is required on <script> element","https://html-validate.org/rules/require-sri.html"
"https://www.centralpharmacy.clinic/blog","axe","color-contrast","serious","1","Elements must meet minimum color contrast ratio thresholds","https://dequeuniversity.com/rules/axe/4.13/color-contrast?application=playwright"
"https://www.centralpharmacy.clinic/blog","axe","page-has-heading-one","moderate","1","Page should contain a level-one heading","https://dequeuniversity.com/rules/axe/4.13/page-has-heading-one?application=playwright"
"https://www.centralpharmacy.clinic/blog","structure","heading-skip","warning","1","Heading levels skipped: h1 → h4 (""Explore"")",""
"https://www.centralpharmacy.clinic/blog","structure","skip-link-missing","notice","1","No ""skip to content"" link",""
"https://www.centralpharmacy.clinic/blog","structure","new-tab-no-warning","notice","1","5 links open new tab without warning",""
"https://www.centralpharmacy.clinic/blog","structure","thin-content","notice","1","Only 109 words",""
"https://www.centralpharmacy.clinic/blog","html-validate","require-sri","warning","1","L4: SRI ""integrity"" attribute is required on <link> element","https://html-validate.org/rules/require-sri.html"
"https://www.centralpharmacy.clinic/blog","html-validate","require-sri","warning","1","L4: SRI ""integrity"" attribute is required on <script> element","https://html-validate.org/rules/require-sri.html"
"https://www.centralpharmacy.clinic/blog","html-validate","require-sri","warning","1","L4: SRI ""integrity"" attribute is required on <script> element","https://html-validate.org/rules/require-sri.html"
"https://www.centralpharmacy.clinic/blog","html-validate","require-sri","warning","1","L4: SRI ""integrity"" attribute is required on <script> element","https://html-validate.org/rules/require-sri.html"
"https://www.centralpharmacy.clinic/blog","html-validate","require-sri","warning","1","L4: SRI ""integrity"" attribute is required on <script> element","https://html-validate.org/rules/require-sri.html"
"https://www.centralpharmacy.clinic/blog","html-validate","require-sri","warning","1","L4: SRI ""integrity"" attribute is required on <script> element","https://html-validate.org/rules/require-sri.html"
"https://www.centralpharmacy.clinic/blog","html-validate","require-sri","warning","1","L4: SRI ""integrity"" attribute is required on <script> element","https://html-validate.org/rules/require-sri.html"
"https://www.centralpharmacy.clinic/blog","html-validate","require-sri","warning","1","L4: SRI ""integrity"" attribute is required on <script> element","https://html-validate.org/rules/require-sri.html"
"https://www.centralpharmacy.clinic/blog","html-validate","require-sri","warning","1","L4: SRI ""integrity"" attribute is required on <script> element","https://html-validate.org/rules/require-sri.html"
"https://www.centralpharmacy.clinic/blog","html-validate","require-sri","warning","1","L4: SRI ""integrity"" attribute is required on <script> element","https://html-validate.org/rules/require-sri.html"
"https://www.centralpharmacy.clinic/blog","html-validate","require-sri","warning","1","L4: SRI ""integrity"" attribute is required on <script> element","https://html-validate.org/rules/require-sri.html"
"https://www.centralpharmacy.clinic/blog","html-validate","require-sri","warning","1","L4: SRI ""integrity"" attribute is required on <script> element","https://html-validate.org/rules/require-sri.html"
"https://www.centralpharmacy.clinic/blog","html-validate","require-sri","warning","1","L4: SRI ""integrity"" attribute is required on <script> element","https://html-validate.org/rules/require-sri.html"
"https://www.centralpharmacy.clinic/blog","html-validate","require-sri","warning","1","L4: SRI ""integrity"" attribute is required on <script> element","https://html-validate.org/rules/require-sri.html"
"https://www.centralpharmacy.clinic/blog","html-validate","require-sri","warning","1","L4: SRI ""integrity"" attribute is required on <script> element","https://html-validate.org/rules/require-sri.html"
"https://www.centralpharmacy.clinic/blog","html-validate","require-sri","warning","1","L4: SRI ""integrity"" attribute is required on <script> element","https://html-validate.org/rules/require-sri.html"
"https://www.centralpharmacy.clinic/blog","html-validate","require-sri","warning","1","L4: SRI ""integrity"" attribute is required on <script> element","https://html-validate.org/rules/require-sri.html"
"https://www.centralpharmacy.clinic/blog","html-validate","require-sri","warning","1","L4: SRI ""integrity"" attribute is required on <script> element","https://html-validate.org/rules/require-sri.html"
"https://www.centralpharmacy.clinic/blog","html-validate","require-sri","warning","1","L4: SRI ""integrity"" attribute is required on <link> element","https://html-validate.org/rules/require-sri.html"
"https://www.centralpharmacy.clinic/blog","html-validate","require-sri","warning","1","L4: SRI ""integrity"" attribute is required on <script> element","https://html-validate.org/rules/require-sri.html"
"https://www.centralpharmacy.clinic/blog","html-validate","attribute-allowed-values","error","1","L4: Attribute ""width"" has invalid value ""97.5""","https://html-validate.org/rules/attribute-allowed-values.html"
"https://www.centralpharmacy.clinic/blog","html-validate","aria-label-misuse","error","1","L4: ""aria-label"" cannot be used on this element","https://html-validate.org/rules/aria-label-misuse.html"
"https://www.centralpharmacy.clinic/blog","html-validate","heading-level","error","1","L8: Heading level can only increase by one, expected <h2> but got <h4>","https://html-validate.org/rules/heading-level.html"
"https://www.centralpharmacy.clinic/blog","html-validate","require-sri","warning","1","L8: SRI ""integrity"" attribute is required on <script> element","https://html-validate.org/rules/require-sri.html"
"https://www.centralpharmacy.clinic/about","axe","color-contrast","serious","2","Elements must meet minimum color contrast ratio thresholds","https://dequeuniversity.com/rules/axe/4.13/color-contrast?application=playwright"
"https://www.centralpharmacy.clinic/about","axe","heading-order","moderate","1","Heading levels should only increase by one","https://dequeuniversity.com/rules/axe/4.13/heading-order?application=playwright"
"https://www.centralpharmacy.clinic/about","structure","heading-skip","warning","1","Heading levels skipped: h2 → h4 (""Explore"")",""
"https://www.centralpharmacy.clinic/about","structure","skip-link-missing","notice","1","No ""skip to content"" link",""
"https://www.centralpharmacy.clinic/about","structure","new-tab-no-warning","notice","1","6 links open new tab without warning",""
"https://www.centralpharmacy.clinic/about","structure","img-no-dimensions","notice","1","4 images without width/height (CLS risk)",""
"https://www.centralpharmacy.clinic/about","html-validate","require-sri","warning","1","L4: SRI ""integrity"" attribute is required on <link> element","https://html-validate.org/rules/require-sri.html"
"https://www.centralpharmacy.clinic/about","html-validate","require-sri","warning","1","L4: SRI ""integrity"" attribute is required on <script> element","https://html-validate.org/rules/require-sri.html"
"https://www.centralpharmacy.clinic/about","html-validate","require-sri","warning","1","L4: SRI ""integrity"" attribute is required on <script> element","https://html-validate.org/rules/require-sri.html"
"https://www.centralpharmacy.clinic/about","html-validate","require-sri","warning","1","L4: SRI ""integrity"" attribute is required on <script> element","https://html-validate.org/rules/require-sri.html"
"https://www.centralpharmacy.clinic/about","html-validate","require-sri","warning","1","L4: SRI ""integrity"" attribute is required on <script> element","https://html-validate.org/rules/require-sri.html"
"https://www.centralpharmacy.clinic/about","html-validate","require-sri","warning","1","L4: SRI ""integrity"" attribute is required on <script> element","https://html-validate.org/rules/require-sri.html"
"https://www.centralpharmacy.clinic/about","html-validate","require-sri","warning","1","L4: SRI ""integrity"" attribute is required on <script> element","https://html-validate.org/rules/require-sri.html"
"https://www.centralpharmacy.clinic/about","html-validate","require-sri","warning","1","L4: SRI ""integrity"" attribute is required on <script> element","https://html-validate.org/rules/require-sri.html"
"https://www.centralpharmacy.clinic/about","html-validate","require-sri","warning","1","L4: SRI ""integrity"" attribute is required on <script> element","https://html-validate.org/rules/require-sri.html"
"https://www.centralpharmacy.clinic/about","html-validate","require-sri","warning","1","L4: SRI ""integrity"" attribute is required on <script> element","https://html-validate.org/rules/require-sri.html"
"https://www.centralpharmacy.clinic/about","html-validate","require-sri","warning","1","L4: SRI ""integrity"" attribute is required on <script> element","https://html-validate.org/rules/require-sri.html"
"https://www.centralpharmacy.clinic/about","html-validate","require-sri","warning","1","L4: SRI ""integrity"" attribute is required on <script> element","https://html-validate.org/rules/require-sri.html"
"https://www.centralpharmacy.clinic/about","html-validate","require-sri","warning","1","L4: SRI ""integrity"" attribute is required on <script> element","https://html-validate.org/rules/require-sri.html"
"https://www.centralpharmacy.clinic/about","html-validate","require-sri","warning","1","L4: SRI ""integrity"" attribute is required on <script> element","https://html-validate.org/rules/require-sri.html"
"https://www.centralpharmacy.clinic/about","html-validate","require-sri","warning","1","L4: SRI ""integrity"" attribute is required on <script> element","https://html-validate.org/rules/require-sri.html"
"https://www.centralpharmacy.clinic/about","html-validate","require-sri","warning","1","L4: SRI ""integrity"" attribute is required on <script> element","https://html-validate.org/rules/require-sri.html"
"https://www.centralpharmacy.clinic/about","html-validate","require-sri","warning","1","L4: SRI ""integrity"" attribute is required on <script> element","https://html-validate.org/rules/require-sri.html"
"https://www.centralpharmacy.clinic/about","html-validate","require-sri","warning","1","L4: SRI ""integrity"" attribute is required on <script> element","https://html-validate.org/rules/require-sri.html"
"https://www.centralpharmacy.clinic/about","html-validate","require-sri","warning","1","L4: SRI ""integrity"" attribute is required on <link> element","https://html-validate.org/rules/require-sri.html"
"https://www.centralpharmacy.clinic/about","html-validate","require-sri","warning","1","L4: SRI ""integrity"" attribute is required on <script> element","https://html-validate.org/rules/require-sri.html"
"https://www.centralpharmacy.clinic/about","html-validate","attribute-allowed-values","error","1","L4: Attribute ""width"" has invalid value ""97.5""","https://html-validate.org/rules/attribute-allowed-values.html"
"https://www.centralpharmacy.clinic/about","html-validate","aria-label-misuse","error","1","L4: ""aria-label"" cannot be used on this element","https://html-validate.org/rules/aria-label-misuse.html"
"https://www.centralpharmacy.clinic/about","html-validate","heading-level","error","1","L4: Heading level can only increase by one, expected <h3> but got <h4>","https://html-validate.org/rules/heading-level.html"
"https://www.centralpharmacy.clinic/about","html-validate","require-sri","warning","1","L4: SRI ""integrity"" attribute is required on <script> element","https://html-validate.org/rules/require-sri.html"
"https://www.centralpharmacy.clinic/contact","axe","color-contrast","serious","2","Elements must meet minimum color contrast ratio thresholds","https://dequeuniversity.com/rules/axe/4.13/color-contrast?application=playwright"
"https://www.centralpharmacy.clinic/contact","axe","heading-order","moderate","1","Heading levels should only increase by one","https://dequeuniversity.com/rules/axe/4.13/heading-order?application=playwright"
"https://www.centralpharmacy.clinic/contact","structure","heading-skip","warning","1","Heading levels skipped: h2 → h4 (""Explore"")",""
"https://www.centralpharmacy.clinic/contact","structure","skip-link-missing","notice","1","No ""skip to content"" link",""
"https://www.centralpharmacy.clinic/contact","structure","new-tab-no-warning","notice","1","6 links open new tab without warning",""
"https://www.centralpharmacy.clinic/contact","structure","img-no-dimensions","notice","1","1 images without width/height (CLS risk)",""
"https://www.centralpharmacy.clinic/contact","html-validate","require-sri","warning","1","L4: SRI ""integrity"" attribute is required on <link> element","https://html-validate.org/rules/require-sri.html"
"https://www.centralpharmacy.clinic/contact","html-validate","require-sri","warning","1","L4: SRI ""integrity"" attribute is required on <script> element","https://html-validate.org/rules/require-sri.html"
"https://www.centralpharmacy.clinic/contact","html-validate","require-sri","warning","1","L4: SRI ""integrity"" attribute is required on <script> element","https://html-validate.org/rules/require-sri.html"
"https://www.centralpharmacy.clinic/contact","html-validate","require-sri","warning","1","L4: SRI ""integrity"" attribute is required on <script> element","https://html-validate.org/rules/require-sri.html"
"https://www.centralpharmacy.clinic/contact","html-validate","require-sri","warning","1","L4: SRI ""integrity"" attribute is required on <script> element","https://html-validate.org/rules/require-sri.html"
"https://www.centralpharmacy.clinic/contact","html-validate","require-sri","warning","1","L4: SRI ""integrity"" attribute is required on <script> element","https://html-validate.org/rules/require-sri.html"
"https://www.centralpharmacy.clinic/contact","html-validate","require-sri","warning","1","L4: SRI ""integrity"" attribute is required on <script> element","https://html-validate.org/rules/require-sri.html"
"https://www.centralpharmacy.clinic/contact","html-validate","require-sri","warning","1","L4: SRI ""integrity"" attribute is required on <script> element","https://html-validate.org/rules/require-sri.html"
"https://www.centralpharmacy.clinic/contact","html-validate","require-sri","warning","1","L4: SRI ""integrity"" attribute is required on <script> element","https://html-validate.org/rules/require-sri.html"
"https://www.centralpharmacy.clinic/contact","html-validate","require-sri","warning","1","L4: SRI ""integrity"" attribute is required on <script> element","https://html-validate.org/rules/require-sri.html"
"https://www.centralpharmacy.clinic/contact","html-validate","require-sri","warning","1","L4: SRI ""integrity"" attribute is required on <script> element","https://html-validate.org/rules/require-sri.html"
"https://www.centralpharmacy.clinic/contact","html-validate","require-sri","warning","1","L4: SRI ""integrity"" attribute is required on <script> element","https://html-validate.org/rules/require-sri.html"
"https://www.centralpharmacy.clinic/contact","html-validate","require-sri","warning","1","L4: SRI ""integrity"" attribute is required on <script> element","https://html-validate.org/rules/require-sri.html"
"https://www.centralpharmacy.clinic/contact","html-validate","require-sri","warning","1","L4: SRI ""integrity"" attribute is required on <script> element","https://html-validate.org/rules/require-sri.html"
"https://www.centralpharmacy.clinic/contact","html-validate","require-sri","warning","1","L4: SRI ""integrity"" attribute is required on <script> element","https://html-validate.org/rules/require-sri.html"
"https://www.centralpharmacy.clinic/contact","html-validate","require-sri","warning","1","L4: SRI ""integrity"" attribute is required on <script> element","https://html-validate.org/rules/require-sri.html"
"https://www.centralpharmacy.clinic/contact","html-validate","require-sri","warning","1","L4: SRI ""integrity"" attribute is required on <script> element","https://html-validate.org/rules/require-sri.html"
"https://www.centralpharmacy.clinic/contact","html-validate","require-sri","warning","1","L4: SRI ""integrity"" attribute is required on <script> element","https://html-validate.org/rules/require-sri.html"
"https://www.centralpharmacy.clinic/contact","html-validate","require-sri","warning","1","L4: SRI ""integrity"" attribute is required on <link> element","https://html-validate.org/rules/require-sri.html"
"https://www.centralpharmacy.clinic/contact","html-validate","require-sri","warning","1","L4: SRI ""integrity"" attribute is required on <script> element","https://html-validate.org/rules/require-sri.html"
"https://www.centralpharmacy.clinic/contact","html-validate","attribute-allowed-values","error","1","L4: Attribute ""width"" has invalid value ""97.5""","https://html-validate.org/rules/attribute-allowed-values.html"
"https://www.centralpharmacy.clinic/contact","html-validate","aria-label-misuse","error","1","L4: ""aria-label"" cannot be used on this element","https://html-validate.org/rules/aria-label-misuse.html"
"https://www.centralpharmacy.clinic/contact","html-validate","attribute-allowed-values","error","1","L4: Attribute ""width"" has invalid value ""100%""","https://html-validate.org/rules/attribute-allowed-values.html"
"https://www.centralpharmacy.clinic/contact","html-validate","attribute-allowed-values","error","1","L4: Attribute ""height"" has invalid value ""100%""","https://html-validate.org/rules/attribute-allowed-values.html"
"https://www.centralpharmacy.clinic/contact","html-validate","heading-level","error","1","L4: Heading level can only increase by one, expected <h3> but got <h4>","https://html-validate.org/rules/heading-level.html"
"https://www.centralpharmacy.clinic/contact","html-validate","require-sri","warning","1","L4: SRI ""integrity"" attribute is required on <script> element","https://html-validate.org/rules/require-sri.html"
"https://www.centralpharmacy.clinic/conditions/acute-otitis-media-pf-nhs","axe","color-contrast","serious","2","Elements must meet minimum color contrast ratio thresholds","https://dequeuniversity.com/rules/axe/4.13/color-contrast?application=playwright"
"https://www.centralpharmacy.clinic/conditions/acute-otitis-media-pf-nhs","axe","heading-order","moderate","1","Heading levels should only increase by one","https://dequeuniversity.com/rules/axe/4.13/heading-order?application=playwright"
"https://www.centralpharmacy.clinic/conditions/acute-otitis-media-pf-nhs","axe","landmark-one-main","moderate","1","Document should have one main landmark","https://dequeuniversity.com/rules/axe/4.13/landmark-one-main?application=playwright"
"https://www.centralpharmacy.clinic/conditions/acute-otitis-media-pf-nhs","axe","region","moderate","20","All page content should be contained by landmarks","https://dequeuniversity.com/rules/axe/4.13/region?application=playwright"
"https://www.centralpharmacy.clinic/conditions/acute-otitis-media-pf-nhs","structure","heading-skip","warning","1","Heading levels skipped: h1 → h3 (""Patient information"")",""
"https://www.centralpharmacy.clinic/conditions/acute-otitis-media-pf-nhs","structure","landmark-main-missing","warning","1","No <main> landmark",""
"https://www.centralpharmacy.clinic/conditions/acute-otitis-media-pf-nhs","structure","skip-link-missing","notice","1","No ""skip to content"" link",""
"https://www.centralpharmacy.clinic/conditions/acute-otitis-media-pf-nhs","structure","new-tab-no-warning","notice","1","1 links open new tab without warning",""
"https://www.centralpharmacy.clinic/conditions/acute-otitis-media-pf-nhs","structure","img-no-dimensions","notice","1","1 images without width/height (CLS risk)",""
"https://www.centralpharmacy.clinic/conditions/acute-otitis-media-pf-nhs","html-validate","require-sri","warning","1","L5: SRI ""integrity"" attribute is required on <link> element","https://html-validate.org/rules/require-sri.html"
"https://www.centralpharmacy.clinic/conditions/acute-otitis-media-pf-nhs","html-validate","require-sri","warning","1","L5: SRI ""integrity"" attribute is required on <script> element","https://html-validate.org/rules/require-sri.html"
"https://www.centralpharmacy.clinic/conditions/acute-otitis-media-pf-nhs","html-validate","require-sri","warning","1","L5: SRI ""integrity"" attribute is required on <script> element","https://html-validate.org/rules/require-sri.html"
"https://www.centralpharmacy.clinic/conditions/acute-otitis-media-pf-nhs","html-validate","require-sri","warning","1","L5: SRI ""integrity"" attribute is required on <script> element","https://html-validate.org/rules/require-sri.html"
"https://www.centralpharmacy.clinic/conditions/acute-otitis-media-pf-nhs","html-validate","require-sri","warning","1","L5: SRI ""integrity"" attribute is required on <script> element","https://html-validate.org/rules/require-sri.html"
"https://www.centralpharmacy.clinic/conditions/acute-otitis-media-pf-nhs","html-validate","require-sri","warning","1","L5: SRI ""integrity"" attribute is required on <script> element","https://html-validate.org/rules/require-sri.html"
"https://www.centralpharmacy.clinic/conditions/acute-otitis-media-pf-nhs","html-validate","require-sri","warning","1","L5: SRI ""integrity"" attribute is required on <script> element","https://html-validate.org/rules/require-sri.html"
"https://www.centralpharmacy.clinic/conditions/acute-otitis-media-pf-nhs","html-validate","require-sri","warning","1","L5: SRI ""integrity"" attribute is required on <script> element","https://html-validate.org/rules/require-sri.html"
"https://www.centralpharmacy.clinic/conditions/acute-otitis-media-pf-nhs","html-validate","require-sri","warning","1","L5: SRI ""integrity"" attribute is required on <script> element","https://html-validate.org/rules/require-sri.html"
"https://www.centralpharmacy.clinic/conditions/acute-otitis-media-pf-nhs","html-validate","require-sri","warning","1","L5: SRI ""integrity"" attribute is required on <script> element","https://html-validate.org/rules/require-sri.html"
"https://www.centralpharmacy.clinic/conditions/acute-otitis-media-pf-nhs","html-validate","require-sri","warning","1","L5: SRI ""integrity"" attribute is required on <script> element","https://html-validate.org/rules/require-sri.html"
"https://www.centralpharmacy.clinic/conditions/acute-otitis-media-pf-nhs","html-validate","require-sri","warning","1","L5: SRI ""integrity"" attribute is required on <script> element","https://html-validate.org/rules/require-sri.html"
"https://www.centralpharmacy.clinic/conditions/acute-otitis-media-pf-nhs","html-validate","require-sri","warning","1","L5: SRI ""integrity"" attribute is required on <script> element","https://html-validate.org/rules/require-sri.html"
"https://www.centralpharmacy.clinic/conditions/acute-otitis-media-pf-nhs","html-validate","require-sri","warning","1","L5: SRI ""integrity"" attribute is required on <script> element","https://html-validate.org/rules/require-sri.html"
"https://www.centralpharmacy.clinic/conditions/acute-otitis-media-pf-nhs","html-validate","require-sri","warning","1","L5: SRI ""integrity"" attribute is required on <script> element","https://html-validate.org/rules/require-sri.html"
"https://www.centralpharmacy.clinic/conditions/acute-otitis-media-pf-nhs","html-validate","require-sri","warning","1","L5: SRI ""integrity"" attribute is required on <script> element","https://html-validate.org/rules/require-sri.html"
"https://www.centralpharmacy.clinic/conditions/acute-otitis-media-pf-nhs","html-validate","require-sri","warning","1","L5: SRI ""integrity"" attribute is required on <script> element","https://html-validate.org/rules/require-sri.html"
"https://www.centralpharmacy.clinic/conditions/acute-otitis-media-pf-nhs","html-validate","require-sri","warning","1","L5: SRI ""integrity"" attribute is required on <script> element","https://html-validate.org/rules/require-sri.html"
"https://www.centralpharmacy.clinic/conditions/acute-otitis-media-pf-nhs","html-validate","require-sri","warning","1","L5: SRI ""integrity"" attribute is required on <script> element","https://html-validate.org/rules/require-sri.html"
"https://www.centralpharmacy.clinic/conditions/acute-otitis-media-pf-nhs","html-validate","require-sri","warning","1","L5: SRI ""integrity"" attribute is required on <script> element","https://html-validate.org/rules/require-sri.html"
"https://www.centralpharmacy.clinic/conditions/acute-otitis-media-pf-nhs","html-validate","require-sri","warning","1","L5: SRI ""integrity"" attribute is required on <script> element","https://html-validate.org/rules/require-sri.html"
"https://www.centralpharmacy.clinic/conditions/acute-otitis-media-pf-nhs","html-validate","require-sri","warning","1","L5: SRI ""integrity"" attribute is required on <script> element","https://html-validate.org/rules/require-sri.html"
"https://www.centralpharmacy.clinic/conditions/acute-otitis-media-pf-nhs","html-validate","require-sri","warning","1","L5: SRI ""integrity"" attribute is required on <script> element","https://html-validate.org/rules/require-sri.html"
"https://www.centralpharmacy.clinic/conditions/acute-otitis-media-pf-nhs","html-validate","require-sri","warning","1","L5: SRI ""integrity"" attribute is required on <script> element","https://html-validate.org/rules/require-sri.html"
"https://www.centralpharmacy.clinic/conditions/acute-otitis-media-pf-nhs","html-validate","require-sri","warning","1","L5: SRI ""integrity"" attribute is required on <script> element","https://html-validate.org/rules/require-sri.html"
"https://www.centralpharmacy.clinic/conditions/acute-otitis-media-pf-nhs","html-validate","require-sri","warning","1","L5: SRI ""integrity"" attribute is required on <link> element","https://html-validate.org/rules/require-sri.html"
"https://www.centralpharmacy.clinic/conditions/acute-otitis-media-pf-nhs","html-validate","require-sri","warning","1","L5: SRI ""integrity"" attribute is required on <script> element","https://html-validate.org/rules/require-sri.html"
"https://www.centralpharmacy.clinic/conditions/acute-otitis-media-pf-nhs","html-validate","heading-level","error","1","L5: Heading level can only increase by one, expected <h2> but got <h3>","https://html-validate.org/rules/heading-level.html"
"https://www.centralpharmacy.clinic/conditions/acute-otitis-media-pf-nhs","html-validate","input-missing-label","error","1","L5: <input> element does not have a <label>","https://html-validate.org/rules/input-missing-label.html"
"https://www.centralpharmacy.clinic/conditions/acute-otitis-media-pf-nhs","html-validate","input-missing-label","error","1","L5: <input> element does not have a <label>","https://html-validate.org/rules/input-missing-label.html"
"https://www.centralpharmacy.clinic/conditions/acute-otitis-media-pf-nhs","html-validate","input-missing-label","error","1","L5: <input> element does not have a <label>","https://html-validate.org/rules/input-missing-label.html"
"https://www.centralpharmacy.clinic/conditions/acute-otitis-media-pf-nhs","html-validate","input-missing-label","error","1","L5: <input> element does not have a <label>","https://html-validate.org/rules/input-missing-label.html"
"https://www.centralpharmacy.clinic/conditions/acute-otitis-media-pf-nhs","html-validate","input-missing-label","error","1","L5: <input> element does not have a <label>","https://html-validate.org/rules/input-missing-label.html"
"https://www.centralpharmacy.clinic/conditions/acute-otitis-media-pf-nhs","html-validate","input-missing-label","error","1","L5: <input> element does not have a <label>","https://html-validate.org/rules/input-missing-label.html"
"https://www.centralpharmacy.clinic/conditions/acute-otitis-media-pf-nhs","html-validate","require-sri","warning","1","L5: SRI ""integrity"" attribute is required on <script> element","https://html-validate.org/rules/require-sri.html"
"https://www.centralpharmacy.clinic/conditions/acute-sore-throat-pf-nhs","axe","color-contrast","serious","2","Elements must meet minimum color contrast ratio thresholds","https://dequeuniversity.com/rules/axe/4.13/color-contrast?application=playwright"
"https://www.centralpharmacy.clinic/conditions/acute-sore-throat-pf-nhs","axe","heading-order","moderate","1","Heading levels should only increase by one","https://dequeuniversity.com/rules/axe/4.13/heading-order?application=playwright"
"https://www.centralpharmacy.clinic/conditions/acute-sore-throat-pf-nhs","axe","landmark-one-main","moderate","1","Document should have one main landmark","https://dequeuniversity.com/rules/axe/4.13/landmark-one-main?application=playwright"
"https://www.centralpharmacy.clinic/conditions/acute-sore-throat-pf-nhs","axe","region","moderate","20","All page content should be contained by landmarks","https://dequeuniversity.com/rules/axe/4.13/region?application=playwright"
"https://www.centralpharmacy.clinic/conditions/acute-sore-throat-pf-nhs","structure","heading-skip","warning","1","Heading levels skipped: h1 → h3 (""Patient information"")",""
"https://www.centralpharmacy.clinic/conditions/acute-sore-throat-pf-nhs","structure","landmark-main-missing","warning","1","No <main> landmark",""
"https://www.centralpharmacy.clinic/conditions/acute-sore-throat-pf-nhs","structure","skip-link-missing","notice","1","No ""skip to content"" link",""
"https://www.centralpharmacy.clinic/conditions/acute-sore-throat-pf-nhs","structure","new-tab-no-warning","notice","1","1 links open new tab without warning",""
"https://www.centralpharmacy.clinic/conditions/acute-sore-throat-pf-nhs","structure","img-no-dimensions","notice","1","1 images without width/height (CLS risk)",""
"https://www.centralpharmacy.clinic/conditions/acute-sore-throat-pf-nhs","html-validate","require-sri","warning","1","L5: SRI ""integrity"" attribute is required on <link> element","https://html-validate.org/rules/require-sri.html"
"https://www.centralpharmacy.clinic/conditions/acute-sore-throat-pf-nhs","html-validate","require-sri","warning","1","L5: SRI ""integrity"" attribute is required on <script> element","https://html-validate.org/rules/require-sri.html"
"https://www.centralpharmacy.clinic/conditions/acute-sore-throat-pf-nhs","html-validate","require-sri","warning","1","L5: SRI ""integrity"" attribute is required on <script> element","https://html-validate.org/rules/require-sri.html"
"https://www.centralpharmacy.clinic/conditions/acute-sore-throat-pf-nhs","html-validate","require-sri","warning","1","L5: SRI ""integrity"" attribute is required on <script> element","https://html-validate.org/rules/require-sri.html"
"https://www.centralpharmacy.clinic/conditions/acute-sore-throat-pf-nhs","html-validate","require-sri","warning","1","L5: SRI ""integrity"" attribute is required on <script> element","https://html-validate.org/rules/require-sri.html"
"https://www.centralpharmacy.clinic/conditions/acute-sore-throat-pf-nhs","html-validate","require-sri","warning","1","L5: SRI ""integrity"" attribute is required on <script> element","https://html-validate.org/rules/require-sri.html"
"https://www.centralpharmacy.clinic/conditions/acute-sore-throat-pf-nhs","html-validate","require-sri","warning","1","L5: SRI ""integrity"" attribute is required on <script> element","https://html-validate.org/rules/require-sri.html"
"https://www.centralpharmacy.clinic/conditions/acute-sore-throat-pf-nhs","html-validate","require-sri","warning","1","L5: SRI ""integrity"" attribute is required on <script> element","https://html-validate.org/rules/require-sri.html"
"https://www.centralpharmacy.clinic/conditions/acute-sore-throat-pf-nhs","html-validate","require-sri","warning","1","L5: SRI ""integrity"" attribute is required on <script> element","https://html-validate.org/rules/require-sri.html"
"https://www.centralpharmacy.clinic/conditions/acute-sore-throat-pf-nhs","html-validate","require-sri","warning","1","L5: SRI ""integrity"" attribute is required on <script> element","https://html-validate.org/rules/require-sri.html"
"https://www.centralpharmacy.clinic/conditions/acute-sore-throat-pf-nhs","html-validate","require-sri","warning","1","L5: SRI ""integrity"" attribute is required on <script> element","https://html-validate.org/rules/require-sri.html"
"https://www.centralpharmacy.clinic/conditions/acute-sore-throat-pf-nhs","html-validate","require-sri","warning","1","L5: SRI ""integrity"" attribute is required on <script> element","https://html-validate.org/rules/require-sri.html"
"https://www.centralpharmacy.clinic/conditions/acute-sore-throat-pf-nhs","html-validate","require-sri","warning","1","L5: SRI ""integrity"" attribute is required on <script> element","https://html-validate.org/rules/require-sri.html"
"https://www.centralpharmacy.clinic/conditions/acute-sore-throat-pf-nhs","html-validate","require-sri","warning","1","L5: SRI ""integrity"" attribute is required on <script> element","https://html-validate.org/rules/require-sri.html"
"https://www.centralpharmacy.clinic/conditions/acute-sore-throat-pf-nhs","html-validate","require-sri","warning","1","L5: SRI ""integrity"" attribute is required on <script> element","https://html-validate.org/rules/require-sri.html"
"https://www.centralpharmacy.clinic/conditions/acute-sore-throat-pf-nhs","html-validate","require-sri","warning","1","L5: SRI ""integrity"" attribute is required on <script> element","https://html-validate.org/rules/require-sri.html"
"https://www.centralpharmacy.clinic/conditions/acute-sore-throat-pf-nhs","html-validate","require-sri","warning","1","L5: SRI ""integrity"" attribute is required on <script> element","https://html-validate.org/rules/require-sri.html"
"https://www.centralpharmacy.clinic/conditions/acute-sore-throat-pf-nhs","html-validate","require-sri","warning","1","L5: SRI ""integrity"" attribute is required on <script> element","https://html-validate.org/rules/require-sri.html"
"https://www.centralpharmacy.clinic/conditions/acute-sore-throat-pf-nhs","html-validate","require-sri","warning","1","L5: SRI ""integrity"" attribute is required on <script> element","https://html-validate.org/rules/require-sri.html"
"https://www.centralpharmacy.clinic/conditions/acute-sore-throat-pf-nhs","html-validate","require-sri","warning","1","L5: SRI ""integrity"" attribute is required on <script> element","https://html-validate.org/rules/require-sri.html"
"https://www.centralpharmacy.clinic/conditions/acute-sore-throat-pf-nhs","html-validate","require-sri","warning","1","L5: SRI ""integrity"" attribute is required on <script> element","https://html-validate.org/rules/require-sri.html"
"https://www.centralpharmacy.clinic/conditions/acute-sore-throat-pf-nhs","html-validate","require-sri","warning","1","L5: SRI ""integrity"" attribute is required on <script> element","https://html-validate.org/rules/require-sri.html"
"https://www.centralpharmacy.clinic/conditions/acute-sore-throat-pf-nhs","html-validate","require-sri","warning","1","L5: SRI ""integrity"" attribute is required on <script> element","https://html-validate.org/rules/require-sri.html"
"https://www.centralpharmacy.clinic/conditions/acute-sore-throat-pf-nhs","html-validate","require-sri","warning","1","L5: SRI ""integrity"" attribute is required on <script> element","https://html-validate.org/rules/require-sri.html"
"https://www.centralpharmacy.clinic/conditions/acute-sore-throat-pf-nhs","html-validate","require-sri","warning","1","L5: SRI ""integrity"" attribute is required on <script> element","https://html-validate.org/rules/require-sri.html"
"https://www.centralpharmacy.clinic/conditions/acute-sore-throat-pf-nhs","html-validate","require-sri","warning","1","L5: SRI ""integrity"" attribute is required on <link> element","https://html-validate.org/rules/require-sri.html"
"https://www.centralpharmacy.clinic/conditions/acute-sore-throat-pf-nhs","html-validate","require-sri","warning","1","L5: SRI ""integrity"" attribute is required on <script> element","https://html-validate.org/rules/require-sri.html"
"https://www.centralpharmacy.clinic/conditions/acute-sore-throat-pf-nhs","html-validate","heading-level","error","1","L5: Heading level can only increase by one, expected <h2> but got <h3>","https://html-validate.org/rules/heading-level.html"
"https://www.centralpharmacy.clinic/conditions/acute-sore-throat-pf-nhs","html-validate","input-missing-label","error","1","L5: <input> element does not have a <label>","https://html-validate.org/rules/input-missing-label.html"
"https://www.centralpharmacy.clinic/conditions/acute-sore-throat-pf-nhs","html-validate","input-missing-label","error","1","L5: <input> element does not have a <label>","https://html-validate.org/rules/input-missing-label.html"
"https://www.centralpharmacy.clinic/conditions/acute-sore-throat-pf-nhs","html-validate","input-missing-label","error","1","L5: <input> element does not have a <label>","https://html-validate.org/rules/input-missing-label.html"
"https://www.centralpharmacy.clinic/conditions/acute-sore-throat-pf-nhs","html-validate","input-missing-label","error","1","L5: <input> element does not have a <label>","https://html-validate.org/rules/input-missing-label.html"
"https://www.centralpharmacy.clinic/conditions/acute-sore-throat-pf-nhs","html-validate","input-missing-label","error","1","L5: <input> element does not have a <label>","https://html-validate.org/rules/input-missing-label.html"
"https://www.centralpharmacy.clinic/conditions/acute-sore-throat-pf-nhs","html-validate","input-missing-label","error","1","L5: <input> element does not have a <label>","https://html-validate.org/rules/input-missing-label.html"
"https://www.centralpharmacy.clinic/conditions/acute-sore-throat-pf-nhs","html-validate","require-sri","warning","1","L5: SRI ""integrity"" attribute is required on <script> element","https://html-validate.org/rules/require-sri.html"
"https://www.centralpharmacy.clinic/conditions/altitude-sickness-private","axe","color-contrast","serious","2","Elements must meet minimum color contrast ratio thresholds","https://dequeuniversity.com/rules/axe/4.13/color-contrast?application=playwright"
"https://www.centralpharmacy.clinic/conditions/altitude-sickness-private","axe","heading-order","moderate","1","Heading levels should only increase by one","https://dequeuniversity.com/rules/axe/4.13/heading-order?application=playwright"
"https://www.centralpharmacy.clinic/conditions/altitude-sickness-private","axe","landmark-one-main","moderate","1","Document should have one main landmark","https://dequeuniversity.com/rules/axe/4.13/landmark-one-main?application=playwright"
"https://www.centralpharmacy.clinic/conditions/altitude-sickness-private","axe","region","moderate","20","All page content should be contained by landmarks","https://dequeuniversity.com/rules/axe/4.13/region?application=playwright"
"https://www.centralpharmacy.clinic/conditions/altitude-sickness-private","structure","heading-skip","warning","1","Heading levels skipped: h1 → h3 (""Patient information"")",""
"https://www.centralpharmacy.clinic/conditions/altitude-sickness-private","structure","landmark-main-missing","warning","1","No <main> landmark",""
"https://www.centralpharmacy.clinic/conditions/altitude-sickness-private","structure","skip-link-missing","notice","1","No ""skip to content"" link",""
"https://www.centralpharmacy.clinic/conditions/altitude-sickness-private","structure","new-tab-no-warning","notice","1","1 links open new tab without warning",""
"https://www.centralpharmacy.clinic/conditions/altitude-sickness-private","structure","img-no-dimensions","notice","1","1 images without width/height (CLS risk)",""
"https://www.centralpharmacy.clinic/conditions/altitude-sickness-private","html-validate","require-sri","warning","1","L5: SRI ""integrity"" attribute is required on <link> element","https://html-validate.org/rules/require-sri.html"
"https://www.centralpharmacy.clinic/conditions/altitude-sickness-private","html-validate","require-sri","warning","1","L5: SRI ""integrity"" attribute is required on <script> element","https://html-validate.org/rules/require-sri.html"
"https://www.centralpharmacy.clinic/conditions/altitude-sickness-private","html-validate","require-sri","warning","1","L5: SRI ""integrity"" attribute is required on <script> element","https://html-validate.org/rules/require-sri.html"
"https://www.centralpharmacy.clinic/conditions/altitude-sickness-private","html-validate","require-sri","warning","1","L5: SRI ""integrity"" attribute is required on <script> element","https://html-validate.org/rules/require-sri.html"
"https://www.centralpharmacy.clinic/conditions/altitude-sickness-private","html-validate","require-sri","warning","1","L5: SRI ""integrity"" attribute is required on <script> element","https://html-validate.org/rules/require-sri.html"
"https://www.centralpharmacy.clinic/conditions/altitude-sickness-private","html-validate","require-sri","warning","1","L5: SRI ""integrity"" attribute is required on <script> element","https://html-validate.org/rules/require-sri.html"
"https://www.centralpharmacy.clinic/conditions/altitude-sickness-private","html-validate","require-sri","warning","1","L5: SRI ""integrity"" attribute is required on <script> element","https://html-validate.org/rules/require-sri.html"
"https://www.centralpharmacy.clinic/conditions/altitude-sickness-private","html-validate","require-sri","warning","1","L5: SRI ""integrity"" attribute is required on <script> element","https://html-validate.org/rules/require-sri.html"
"https://www.centralpharmacy.clinic/conditions/altitude-sickness-private","html-validate","require-sri","warning","1","L5: SRI ""integrity"" attribute is required on <script> element","https://html-validate.org/rules/require-sri.html"
"https://www.centralpharmacy.clinic/conditions/altitude-sickness-private","html-validate","require-sri","warning","1","L5: SRI ""integrity"" attribute is required on <script> element","https://html-validate.org/rules/require-sri.html"
"https://www.centralpharmacy.clinic/conditions/altitude-sickness-private","html-validate","require-sri","warning","1","L5: SRI ""integrity"" attribute is required on <script> element","https://html-validate.org/rules/require-sri.html"
"https://www.centralpharmacy.clinic/conditions/altitude-sickness-private","html-validate","require-sri","warning","1","L5: SRI ""integrity"" attribute is required on <script> element","https://html-validate.org/rules/require-sri.html"
"https://www.centralpharmacy.clinic/conditions/altitude-sickness-private","html-validate","require-sri","warning","1","L5: SRI ""integrity"" attribute is required on <script> element","https://html-validate.org/rules/require-sri.html"
"https://www.centralpharmacy.clinic/conditions/altitude-sickness-private","html-validate","require-sri","warning","1","L5: SRI ""integrity"" attribute is required on <script> element","https://html-validate.org/rules/require-sri.html"
"https://www.centralpharmacy.clinic/conditions/altitude-sickness-private","html-validate","require-sri","warning","1","L5: SRI ""integrity"" attribute is required on <script> element","https://html-validate.org/rules/require-sri.html"
"https://www.centralpharmacy.clinic/conditions/altitude-sickness-private","html-validate","require-sri","warning","1","L5: SRI ""integrity"" attribute is required on <script> element","https://html-validate.org/rules/require-sri.html"
"https://www.centralpharmacy.clinic/conditions/altitude-sickness-private","html-validate","require-sri","warning","1","L5: SRI ""integrity"" attribute is required on <script> element","https://html-validate.org/rules/require-sri.html"
"https://www.centralpharmacy.clinic/conditions/altitude-sickness-private","html-validate","require-sri","warning","1","L5: SRI ""integrity"" attribute is required on <script> element","https://html-validate.org/rules/require-sri.html"
"https://www.centralpharmacy.clinic/conditions/altitude-sickness-private","html-validate","require-sri","warning","1","L5: SRI ""integrity"" attribute is required on <script> element","https://html-validate.org/rules/require-sri.html"
"https://www.centralpharmacy.clinic/conditions/altitude-sickness-private","html-validate","require-sri","warning","1","L5: SRI ""integrity"" attribute is required on <script> element","https://html-validate.org/rules/require-sri.html"
"https://www.centralpharmacy.clinic/conditions/altitude-sickness-private","html-validate","require-sri","warning","1","L5: SRI ""integrity"" attribute is required on <script> element","https://html-validate.org/rules/require-sri.html"
"https://www.centralpharmacy.clinic/conditions/altitude-sickness-private","html-validate","require-sri","warning","1","L5: SRI ""integrity"" attribute is required on <script> element","https://html-validate.org/rules/require-sri.html"
"https://www.centralpharmacy.clinic/conditions/altitude-sickness-private","html-validate","require-sri","warning","1","L5: SRI ""integrity"" attribute is required on <script> element","https://html-validate.org/rules/require-sri.html"
"https://www.centralpharmacy.clinic/conditions/altitude-sickness-private","html-validate","require-sri","warning","1","L5: SRI ""integrity"" attribute is required on <script> element","https://html-validate.org/rules/require-sri.html"
"https://www.centralpharmacy.clinic/conditions/altitude-sickness-private","html-validate","require-sri","warning","1","L5: SRI ""integrity"" attribute is required on <script> element","https://html-validate.org/rules/require-sri.html"
"https://www.centralpharmacy.clinic/conditions/altitude-sickness-private","html-validate","require-sri","warning","1","L5: SRI ""integrity"" attribute is required on <link> element","https://html-validate.org/rules/require-sri.html"
"https://www.centralpharmacy.clinic/conditions/altitude-sickness-private","html-validate","require-sri","warning","1","L5: SRI ""integrity"" attribute is required on <script> element","https://html-validate.org/rules/require-sri.html"
"https://www.centralpharmacy.clinic/conditions/altitude-sickness-private","html-validate","heading-level","error","1","L5: Heading level can only increase by one, expected <h2> but got <h3>","https://html-validate.org/rules/heading-level.html"
"https://www.centralpharmacy.clinic/conditions/altitude-sickness-private","html-validate","input-missing-label","error","1","L5: <input> element does not have a <label>","https://html-validate.org/rules/input-missing-label.html"
"https://www.centralpharmacy.clinic/conditions/altitude-sickness-private","html-validate","input-missing-label","error","1","L5: <input> element does not have a <label>","https://html-validate.org/rules/input-missing-label.html"
"https://www.centralpharmacy.clinic/conditions/altitude-sickness-private","html-validate","input-missing-label","error","1","L5: <input> element does not have a <label>","https://html-validate.org/rules/input-missing-label.html"
"https://www.centralpharmacy.clinic/conditions/altitude-sickness-private","html-validate","input-missing-label","error","1","L5: <input> element does not have a <label>","https://html-validate.org/rules/input-missing-label.html"
"https://www.centralpharmacy.clinic/conditions/altitude-sickness-private","html-validate","input-missing-label","error","1","L5: <input> element does not have a <label>","https://html-validate.org/rules/input-missing-label.html"
"https://www.centralpharmacy.clinic/conditions/altitude-sickness-private","html-validate","input-missing-label","error","1","L5: <input> element does not have a <label>","https://html-validate.org/rules/input-missing-label.html"
"https://www.centralpharmacy.clinic/conditions/altitude-sickness-private","html-validate","require-sri","warning","1","L5: SRI ""integrity"" attribute is required on <script> element","https://html-validate.org/rules/require-sri.html"
"https://www.centralpharmacy.clinic/conditions/acute-sinusitis-pf-nhs","axe","color-contrast","serious","2","Elements must meet minimum color contrast ratio thresholds","https://dequeuniversity.com/rules/axe/4.13/color-contrast?application=playwright"
"https://www.centralpharmacy.clinic/conditions/acute-sinusitis-pf-nhs","axe","heading-order","moderate","1","Heading levels should only increase by one","https://dequeuniversity.com/rules/axe/4.13/heading-order?application=playwright"
"https://www.centralpharmacy.clinic/conditions/acute-sinusitis-pf-nhs","axe","landmark-one-main","moderate","1","Document should have one main landmark","https://dequeuniversity.com/rules/axe/4.13/landmark-one-main?application=playwright"
"https://www.centralpharmacy.clinic/conditions/acute-sinusitis-pf-nhs","axe","region","moderate","20","All page content should be contained by landmarks","https://dequeuniversity.com/rules/axe/4.13/region?application=playwright"
"https://www.centralpharmacy.clinic/conditions/acute-sinusitis-pf-nhs","structure","heading-skip","warning","1","Heading levels skipped: h1 → h3 (""Patient information"")",""
"https://www.centralpharmacy.clinic/conditions/acute-sinusitis-pf-nhs","structure","landmark-main-missing","warning","1","No <main> landmark",""
"https://www.centralpharmacy.clinic/conditions/acute-sinusitis-pf-nhs","structure","skip-link-missing","notice","1","No ""skip to content"" link",""
"https://www.centralpharmacy.clinic/conditions/acute-sinusitis-pf-nhs","structure","new-tab-no-warning","notice","1","1 links open new tab without warning",""
"https://www.centralpharmacy.clinic/conditions/acute-sinusitis-pf-nhs","structure","img-no-dimensions","notice","1","1 images without width/height (CLS risk)",""
"https://www.centralpharmacy.clinic/conditions/acute-sinusitis-pf-nhs","html-validate","require-sri","warning","1","L5: SRI ""integrity"" attribute is required on <link> element","https://html-validate.org/rules/require-sri.html"
"https://www.centralpharmacy.clinic/conditions/acute-sinusitis-pf-nhs","html-validate","require-sri","warning","1","L5: SRI ""integrity"" attribute is required on <script> element","https://html-validate.org/rules/require-sri.html"
"https://www.centralpharmacy.clinic/conditions/acute-sinusitis-pf-nhs","html-validate","require-sri","warning","1","L5: SRI ""integrity"" attribute is required on <script> element","https://html-validate.org/rules/require-sri.html"
"https://www.centralpharmacy.clinic/conditions/acute-sinusitis-pf-nhs","html-validate","require-sri","warning","1","L5: SRI ""integrity"" attribute is required on <script> element","https://html-validate.org/rules/require-sri.html"
"https://www.centralpharmacy.clinic/conditions/acute-sinusitis-pf-nhs","html-validate","require-sri","warning","1","L5: SRI ""integrity"" attribute is required on <script> element","https://html-validate.org/rules/require-sri.html"
"https://www.centralpharmacy.clinic/conditions/acute-sinusitis-pf-nhs","html-validate","require-sri","warning","1","L5: SRI ""integrity"" attribute is required on <script> element","https://html-validate.org/rules/require-sri.html"
"https://www.centralpharmacy.clinic/conditions/acute-sinusitis-pf-nhs","html-validate","require-sri","warning","1","L5: SRI ""integrity"" attribute is required on <script> element","https://html-validate.org/rules/require-sri.html"
"https://www.centralpharmacy.clinic/conditions/acute-sinusitis-pf-nhs","html-validate","require-sri","warning","1","L5: SRI ""integrity"" attribute is required on <script> element","https://html-validate.org/rules/require-sri.html"
"https://www.centralpharmacy.clinic/conditions/acute-sinusitis-pf-nhs","html-validate","require-sri","warning","1","L5: SRI ""integrity"" attribute is required on <script> element","https://html-validate.org/rules/require-sri.html"
"https://www.centralpharmacy.clinic/conditions/acute-sinusitis-pf-nhs","html-validate","require-sri","warning","1","L5: SRI ""integrity"" attribute is required on <script> element","https://html-validate.org/rules/require-sri.html"
"https://www.centralpharmacy.clinic/conditions/acute-sinusitis-pf-nhs","html-validate","require-sri","warning","1","L5: SRI ""integrity"" attribute is required on <script> element","https://html-validate.org/rules/require-sri.html"
"https://www.centralpharmacy.clinic/conditions/acute-sinusitis-pf-nhs","html-validate","require-sri","warning","1","L5: SRI ""integrity"" attribute is required on <script> element","https://html-validate.org/rules/require-sri.html"
"https://www.centralpharmacy.clinic/conditions/acute-sinusitis-pf-nhs","html-validate","require-sri","warning","1","L5: SRI ""integrity"" attribute is required on <script> element","https://html-validate.org/rules/require-sri.html"
"https://www.centralpharmacy.clinic/conditions/acute-sinusitis-pf-nhs","html-validate","require-sri","warning","1","L5: SRI ""integrity"" attribute is required on <script> element","https://html-validate.org/rules/require-sri.html"
"https://www.centralpharmacy.clinic/conditions/acute-sinusitis-pf-nhs","html-validate","require-sri","warning","1","L5: SRI ""integrity"" attribute is required on <script> element","https://html-validate.org/rules/require-sri.html"
"https://www.centralpharmacy.clinic/conditions/acute-sinusitis-pf-nhs","html-validate","require-sri","warning","1","L5: SRI ""integrity"" attribute is required on <script> element","https://html-validate.org/rules/require-sri.html"
"https://www.centralpharmacy.clinic/conditions/acute-sinusitis-pf-nhs","html-validate","require-sri","warning","1","L5: SRI ""integrity"" attribute is required on <script> element","https://html-validate.org/rules/require-sri.html"
"https://www.centralpharmacy.clinic/conditions/acute-sinusitis-pf-nhs","html-validate","require-sri","warning","1","L5: SRI ""integrity"" attribute is required on <script> element","https://html-validate.org/rules/require-sri.html"
"https://www.centralpharmacy.clinic/conditions/acute-sinusitis-pf-nhs","html-validate","require-sri","warning","1","L5: SRI ""integrity"" attribute is required on <script> element","https://html-validate.org/rules/require-sri.html"
"https://www.centralpharmacy.clinic/conditions/acute-sinusitis-pf-nhs","html-validate","require-sri","warning","1","L5: SRI ""integrity"" attribute is required on <script> element","https://html-validate.org/rules/require-sri.html"
"https://www.centralpharmacy.clinic/conditions/acute-sinusitis-pf-nhs","html-validate","require-sri","warning","1","L5: SRI ""integrity"" attribute is required on <script> element","https://html-validate.org/rules/require-sri.html"
"https://www.centralpharmacy.clinic/conditions/acute-sinusitis-pf-nhs","html-validate","require-sri","warning","1","L5: SRI ""integrity"" attribute is required on <script> element","https://html-validate.org/rules/require-sri.html"
"https://www.centralpharmacy.clinic/conditions/acute-sinusitis-pf-nhs","html-validate","require-sri","warning","1","L5: SRI ""integrity"" attribute is required on <script> element","https://html-validate.org/rules/require-sri.html"
"https://www.centralpharmacy.clinic/conditions/acute-sinusitis-pf-nhs","html-validate","require-sri","warning","1","L5: SRI ""integrity"" attribute is required on <script> element","https://html-validate.org/rules/require-sri.html"
"https://www.centralpharmacy.clinic/conditions/acute-sinusitis-pf-nhs","html-validate","require-sri","warning","1","L5: SRI ""integrity"" attribute is required on <script> element","https://html-validate.org/rules/require-sri.html"
"https://www.centralpharmacy.clinic/conditions/acute-sinusitis-pf-nhs","html-validate","require-sri","warning","1","L5: SRI ""integrity"" attribute is required on <link> element","https://html-validate.org/rules/require-sri.html"
"https://www.centralpharmacy.clinic/conditions/acute-sinusitis-pf-nhs","html-validate","require-sri","warning","1","L5: SRI ""integrity"" attribute is required on <script> element","https://html-validate.org/rules/require-sri.html"
"https://www.centralpharmacy.clinic/conditions/acute-sinusitis-pf-nhs","html-validate","heading-level","error","1","L5: Heading level can only increase by one, expected <h2> but got <h3>","https://html-validate.org/rules/heading-level.html"
"https://www.centralpharmacy.clinic/conditions/acute-sinusitis-pf-nhs","html-validate","input-missing-label","error","1","L5: <input> element does not have a <label>","https://html-validate.org/rules/input-missing-label.html"
"https://www.centralpharmacy.clinic/conditions/acute-sinusitis-pf-nhs","html-validate","input-missing-label","error","1","L5: <input> element does not have a <label>","https://html-validate.org/rules/input-missing-label.html"
"https://www.centralpharmacy.clinic/conditions/acute-sinusitis-pf-nhs","html-validate","input-missing-label","error","1","L5: <input> element does not have a <label>","https://html-validate.org/rules/input-missing-label.html"
"https://www.centralpharmacy.clinic/conditions/acute-sinusitis-pf-nhs","html-validate","input-missing-label","error","1","L5: <input> element does not have a <label>","https://html-validate.org/rules/input-missing-label.html"
"https://www.centralpharmacy.clinic/conditions/acute-sinusitis-pf-nhs","html-validate","input-missing-label","error","1","L5: <input> element does not have a <label>","https://html-validate.org/rules/input-missing-label.html"
"https://www.centralpharmacy.clinic/conditions/acute-sinusitis-pf-nhs","html-validate","input-missing-label","error","1","L5: <input> element does not have a <label>","https://html-validate.org/rules/input-missing-label.html"
"https://www.centralpharmacy.clinic/conditions/acute-sinusitis-pf-nhs","html-validate","require-sri","warning","1","L5: SRI ""integrity"" attribute is required on <script> element","https://html-validate.org/rules/require-sri.html"
"https://www.centralpharmacy.clinic/conditions/covid-vaccination-private-private","axe","color-contrast","serious","2","Elements must meet minimum color contrast ratio thresholds","https://dequeuniversity.com/rules/axe/4.13/color-contrast?application=playwright"
"https://www.centralpharmacy.clinic/conditions/covid-vaccination-private-private","axe","heading-order","moderate","1","Heading levels should only increase by one","https://dequeuniversity.com/rules/axe/4.13/heading-order?application=playwright"
"https://www.centralpharmacy.clinic/conditions/covid-vaccination-private-private","axe","landmark-one-main","moderate","1","Document should have one main landmark","https://dequeuniversity.com/rules/axe/4.13/landmark-one-main?application=playwright"
"https://www.centralpharmacy.clinic/conditions/covid-vaccination-private-private","axe","region","moderate","20","All page content should be contained by landmarks","https://dequeuniversity.com/rules/axe/4.13/region?application=playwright"
"https://www.centralpharmacy.clinic/conditions/covid-vaccination-private-private","structure","heading-skip","warning","1","Heading levels skipped: h1 → h3 (""Patient information"")",""
"https://www.centralpharmacy.clinic/conditions/covid-vaccination-private-private","structure","landmark-main-missing","warning","1","No <main> landmark",""
"https://www.centralpharmacy.clinic/conditions/covid-vaccination-private-private","structure","skip-link-missing","notice","1","No ""skip to content"" link",""
"https://www.centralpharmacy.clinic/conditions/covid-vaccination-private-private","structure","new-tab-no-warning","notice","1","1 links open new tab without warning",""
"https://www.centralpharmacy.clinic/conditions/covid-vaccination-private-private","structure","img-no-dimensions","notice","1","1 images without width/height (CLS risk)",""
"https://www.centralpharmacy.clinic/conditions/covid-vaccination-private-private","html-validate","require-sri","warning","1","L5: SRI ""integrity"" attribute is required on <link> element","https://html-validate.org/rules/require-sri.html"
"https://www.centralpharmacy.clinic/conditions/covid-vaccination-private-private","html-validate","require-sri","warning","1","L5: SRI ""integrity"" attribute is required on <script> element","https://html-validate.org/rules/require-sri.html"
"https://www.centralpharmacy.clinic/conditions/covid-vaccination-private-private","html-validate","require-sri","warning","1","L5: SRI ""integrity"" attribute is required on <script> element","https://html-validate.org/rules/require-sri.html"
"https://www.centralpharmacy.clinic/conditions/covid-vaccination-private-private","html-validate","require-sri","warning","1","L5: SRI ""integrity"" attribute is required on <script> element","https://html-validate.org/rules/require-sri.html"
"https://www.centralpharmacy.clinic/conditions/covid-vaccination-private-private","html-validate","require-sri","warning","1","L5: SRI ""integrity"" attribute is required on <script> element","https://html-validate.org/rules/require-sri.html"
"https://www.centralpharmacy.clinic/conditions/covid-vaccination-private-private","html-validate","require-sri","warning","1","L5: SRI ""integrity"" attribute is required on <script> element","https://html-validate.org/rules/require-sri.html"
"https://www.centralpharmacy.clinic/conditions/covid-vaccination-private-private","html-validate","require-sri","warning","1","L5: SRI ""integrity"" attribute is required on <script> element","https://html-validate.org/rules/require-sri.html"
"https://www.centralpharmacy.clinic/conditions/covid-vaccination-private-private","html-validate","require-sri","warning","1","L5: SRI ""integrity"" attribute is required on <script> element","https://html-validate.org/rules/require-sri.html"
"https://www.centralpharmacy.clinic/conditions/covid-vaccination-private-private","html-validate","require-sri","warning","1","L5: SRI ""integrity"" attribute is required on <script> element","https://html-validate.org/rules/require-sri.html"
"https://www.centralpharmacy.clinic/conditions/covid-vaccination-private-private","html-validate","require-sri","warning","1","L5: SRI ""integrity"" attribute is required on <script> element","https://html-validate.org/rules/require-sri.html"
"https://www.centralpharmacy.clinic/conditions/covid-vaccination-private-private","html-validate","require-sri","warning","1","L5: SRI ""integrity"" attribute is required on <script> element","https://html-validate.org/rules/require-sri.html"
"https://www.centralpharmacy.clinic/conditions/covid-vaccination-private-private","html-validate","require-sri","warning","1","L5: SRI ""integrity"" attribute is required on <script> element","https://html-validate.org/rules/require-sri.html"
"https://www.centralpharmacy.clinic/conditions/covid-vaccination-private-private","html-validate","require-sri","warning","1","L5: SRI ""integrity"" attribute is required on <script> element","https://html-validate.org/rules/require-sri.html"
"https://www.centralpharmacy.clinic/conditions/covid-vaccination-private-private","html-validate","require-sri","warning","1","L5: SRI ""integrity"" attribute is required on <script> element","https://html-validate.org/rules/require-sri.html"
"https://www.centralpharmacy.clinic/conditions/covid-vaccination-private-private","html-validate","require-sri","warning","1","L5: SRI ""integrity"" attribute is required on <script> element","https://html-validate.org/rules/require-sri.html"
"https://www.centralpharmacy.clinic/conditions/covid-vaccination-private-private","html-validate","require-sri","warning","1","L5: SRI ""integrity"" attribute is required on <script> element","https://html-validate.org/rules/require-sri.html"
"https://www.centralpharmacy.clinic/conditions/covid-vaccination-private-private","html-validate","require-sri","warning","1","L5: SRI ""integrity"" attribute is required on <script> element","https://html-validate.org/rules/require-sri.html"
"https://www.centralpharmacy.clinic/conditions/covid-vaccination-private-private","html-validate","require-sri","warning","1","L5: SRI ""integrity"" attribute is required on <script> element","https://html-validate.org/rules/require-sri.html"
"https://www.centralpharmacy.clinic/conditions/covid-vaccination-private-private","html-validate","require-sri","warning","1","L5: SRI ""integrity"" attribute is required on <script> element","https://html-validate.org/rules/require-sri.html"
"https://www.centralpharmacy.clinic/conditions/covid-vaccination-private-private","html-validate","require-sri","warning","1","L5: SRI ""integrity"" attribute is required on <script> element","https://html-validate.org/rules/require-sri.html"
"https://www.centralpharmacy.clinic/conditions/covid-vaccination-private-private","html-validate","require-sri","warning","1","L5: SRI ""integrity"" attribute is required on <script> element","https://html-validate.org/rules/require-sri.html"
"https://www.centralpharmacy.clinic/conditions/covid-vaccination-private-private","html-validate","require-sri","warning","1","L5: SRI ""integrity"" attribute is required on <script> element","https://html-validate.org/rules/require-sri.html"
"https://www.centralpharmacy.clinic/conditions/covid-vaccination-private-private","html-validate","require-sri","warning","1","L5: SRI ""integrity"" attribute is required on <script> element","https://html-validate.org/rules/require-sri.html"
"https://www.centralpharmacy.clinic/conditions/covid-vaccination-private-private","html-validate","require-sri","warning","1","L5: SRI ""integrity"" attribute is required on <script> element","https://html-validate.org/rules/require-sri.html"
"https://www.centralpharmacy.clinic/conditions/covid-vaccination-private-private","html-validate","require-sri","warning","1","L5: SRI ""integrity"" attribute is required on <script> element","https://html-validate.org/rules/require-sri.html"
"https://www.centralpharmacy.clinic/conditions/covid-vaccination-private-private","html-validate","require-sri","warning","1","L5: SRI ""integrity"" attribute is required on <link> element","https://html-validate.org/rules/require-sri.html"
"https://www.centralpharmacy.clinic/conditions/covid-vaccination-private-private","html-validate","require-sri","warning","1","L5: SRI ""integrity"" attribute is required on <script> element","https://html-validate.org/rules/require-sri.html"
"https://www.centralpharmacy.clinic/conditions/covid-vaccination-private-private","html-validate","heading-level","error","1","L5: Heading level can only increase by one, expected <h2> but got <h3>","https://html-validate.org/rules/heading-level.html"
"https://www.centralpharmacy.clinic/conditions/covid-vaccination-private-private","html-validate","input-missing-label","error","1","L5: <input> element does not have a <label>","https://html-validate.org/rules/input-missing-label.html"
"https://www.centralpharmacy.clinic/conditions/covid-vaccination-private-private","html-validate","input-missing-label","error","1","L5: <input> element does not have a <label>","https://html-validate.org/rules/input-missing-label.html"
"https://www.centralpharmacy.clinic/conditions/covid-vaccination-private-private","html-validate","input-missing-label","error","1","L5: <input> element does not have a <label>","https://html-validate.org/rules/input-missing-label.html"
"https://www.centralpharmacy.clinic/conditions/covid-vaccination-private-private","html-validate","input-missing-label","error","1","L5: <input> element does not have a <label>","https://html-validate.org/rules/input-missing-label.html"
"https://www.centralpharmacy.clinic/conditions/covid-vaccination-private-private","html-validate","input-missing-label","error","1","L5: <input> element does not have a <label>","https://html-validate.org/rules/input-missing-label.html"
"https://www.centralpharmacy.clinic/conditions/covid-vaccination-private-private","html-validate","input-missing-label","error","1","L5: <input> element does not have a <label>","https://html-validate.org/rules/input-missing-label.html"
"https://www.centralpharmacy.clinic/conditions/covid-vaccination-private-private","html-validate","require-sri","warning","1","L5: SRI ""integrity"" attribute is required on <script> element","https://html-validate.org/rules/require-sri.html"
"https://www.centralpharmacy.clinic/conditions/cholera-vaccination-private","axe","color-contrast","serious","2","Elements must meet minimum color contrast ratio thresholds","https://dequeuniversity.com/rules/axe/4.13/color-contrast?application=playwright"
"https://www.centralpharmacy.clinic/conditions/cholera-vaccination-private","axe","heading-order","moderate","1","Heading levels should only increase by one","https://dequeuniversity.com/rules/axe/4.13/heading-order?application=playwright"
"https://www.centralpharmacy.clinic/conditions/cholera-vaccination-private","axe","landmark-one-main","moderate","1","Document should have one main landmark","https://dequeuniversity.com/rules/axe/4.13/landmark-one-main?application=playwright"
"https://www.centralpharmacy.clinic/conditions/cholera-vaccination-private","axe","region","moderate","20","All page content should be contained by landmarks","https://dequeuniversity.com/rules/axe/4.13/region?application=playwright"
"https://www.centralpharmacy.clinic/conditions/cholera-vaccination-private","structure","heading-skip","warning","1","Heading levels skipped: h1 → h3 (""Patient information"")",""
"https://www.centralpharmacy.clinic/conditions/cholera-vaccination-private","structure","landmark-main-missing","warning","1","No <main> landmark",""
"https://www.centralpharmacy.clinic/conditions/cholera-vaccination-private","structure","skip-link-missing","notice","1","No ""skip to content"" link",""
"https://www.centralpharmacy.clinic/conditions/cholera-vaccination-private","structure","new-tab-no-warning","notice","1","1 links open new tab without warning",""
"https://www.centralpharmacy.clinic/conditions/cholera-vaccination-private","structure","img-no-dimensions","notice","1","1 images without width/height (CLS risk)",""
"https://www.centralpharmacy.clinic/conditions/cholera-vaccination-private","html-validate","require-sri","warning","1","L5: SRI ""integrity"" attribute is required on <link> element","https://html-validate.org/rules/require-sri.html"
"https://www.centralpharmacy.clinic/conditions/cholera-vaccination-private","html-validate","require-sri","warning","1","L5: SRI ""integrity"" attribute is required on <script> element","https://html-validate.org/rules/require-sri.html"
"https://www.centralpharmacy.clinic/conditions/cholera-vaccination-private","html-validate","require-sri","warning","1","L5: SRI ""integrity"" attribute is required on <script> element","https://html-validate.org/rules/require-sri.html"
"https://www.centralpharmacy.clinic/conditions/cholera-vaccination-private","html-validate","require-sri","warning","1","L5: SRI ""integrity"" attribute is required on <script> element","https://html-validate.org/rules/require-sri.html"
"https://www.centralpharmacy.clinic/conditions/cholera-vaccination-private","html-validate","require-sri","warning","1","L5: SRI ""integrity"" attribute is required on <script> element","https://html-validate.org/rules/require-sri.html"
"https://www.centralpharmacy.clinic/conditions/cholera-vaccination-private","html-validate","require-sri","warning","1","L5: SRI ""integrity"" attribute is required on <script> element","https://html-validate.org/rules/require-sri.html"
"https://www.centralpharmacy.clinic/conditions/cholera-vaccination-private","html-validate","require-sri","warning","1","L5: SRI ""integrity"" attribute is required on <script> element","https://html-validate.org/rules/require-sri.html"
"https://www.centralpharmacy.clinic/conditions/cholera-vaccination-private","html-validate","require-sri","warning","1","L5: SRI ""integrity"" attribute is required on <script> element","https://html-validate.org/rules/require-sri.html"
"https://www.centralpharmacy.clinic/conditions/cholera-vaccination-private","html-validate","require-sri","warning","1","L5: SRI ""integrity"" attribute is required on <script> element","https://html-validate.org/rules/require-sri.html"
"https://www.centralpharmacy.clinic/conditions/cholera-vaccination-private","html-validate","require-sri","warning","1","L5: SRI ""integrity"" attribute is required on <script> element","https://html-validate.org/rules/require-sri.html"
"https://www.centralpharmacy.clinic/conditions/cholera-vaccination-private","html-validate","require-sri","warning","1","L5: SRI ""integrity"" attribute is required on <script> element","https://html-validate.org/rules/require-sri.html"
"https://www.centralpharmacy.clinic/conditions/cholera-vaccination-private","html-validate","require-sri","warning","1","L5: SRI ""integrity"" attribute is required on <script> element","https://html-validate.org/rules/require-sri.html"
"https://www.centralpharmacy.clinic/conditions/cholera-vaccination-private","html-validate","require-sri","warning","1","L5: SRI ""integrity"" attribute is required on <script> element","https://html-validate.org/rules/require-sri.html"
"https://www.centralpharmacy.clinic/conditions/cholera-vaccination-private","html-validate","require-sri","warning","1","L5: SRI ""integrity"" attribute is required on <script> element","https://html-validate.org/rules/require-sri.html"
"https://www.centralpharmacy.clinic/conditions/cholera-vaccination-private","html-validate","require-sri","warning","1","L5: SRI ""integrity"" attribute is required on <script> element","https://html-validate.org/rules/require-sri.html"
"https://www.centralpharmacy.clinic/conditions/cholera-vaccination-private","html-validate","require-sri","warning","1","L5: SRI ""integrity"" attribute is required on <script> element","https://html-validate.org/rules/require-sri.html"
"https://www.centralpharmacy.clinic/conditions/cholera-vaccination-private","html-validate","require-sri","warning","1","L5: SRI ""integrity"" attribute is required on <script> element","https://html-validate.org/rules/require-sri.html"
"https://www.centralpharmacy.clinic/conditions/cholera-vaccination-private","html-validate","require-sri","warning","1","L5: SRI ""integrity"" attribute is required on <script> element","https://html-validate.org/rules/require-sri.html"
"https://www.centralpharmacy.clinic/conditions/cholera-vaccination-private","html-validate","require-sri","warning","1","L5: SRI ""integrity"" attribute is required on <script> element","https://html-validate.org/rules/require-sri.html"
"https://www.centralpharmacy.clinic/conditions/cholera-vaccination-private","html-validate","require-sri","warning","1","L5: SRI ""integrity"" attribute is required on <script> element","https://html-validate.org/rules/require-sri.html"
"https://www.centralpharmacy.clinic/conditions/cholera-vaccination-private","html-validate","require-sri","warning","1","L5: SRI ""integrity"" attribute is required on <script> element","https://html-validate.org/rules/require-sri.html"
"https://www.centralpharmacy.clinic/conditions/cholera-vaccination-private","html-validate","require-sri","warning","1","L5: SRI ""integrity"" attribute is required on <script> element","https://html-validate.org/rules/require-sri.html"
"https://www.centralpharmacy.clinic/conditions/cholera-vaccination-private","html-validate","require-sri","warning","1","L5: SRI ""integrity"" attribute is required on <script> element","https://html-validate.org/rules/require-sri.html"
"https://www.centralpharmacy.clinic/conditions/cholera-vaccination-private","html-validate","require-sri","warning","1","L5: SRI ""integrity"" attribute is required on <script> element","https://html-validate.org/rules/require-sri.html"
"https://www.centralpharmacy.clinic/conditions/cholera-vaccination-private","html-validate","require-sri","warning","1","L5: SRI ""integrity"" attribute is required on <script> element","https://html-validate.org/rules/require-sri.html"
"https://www.centralpharmacy.clinic/conditions/cholera-vaccination-private","html-validate","require-sri","warning","1","L5: SRI ""integrity"" attribute is required on <link> element","https://html-validate.org/rules/require-sri.html"
"https://www.centralpharmacy.clinic/conditions/cholera-vaccination-private","html-validate","require-sri","warning","1","L5: SRI ""integrity"" attribute is required on <script> element","https://html-validate.org/rules/require-sri.html"
"https://www.centralpharmacy.clinic/conditions/cholera-vaccination-private","html-validate","heading-level","error","1","L5: Heading level can only increase by one, expected <h2> but got <h3>","https://html-validate.org/rules/heading-level.html"
"https://www.centralpharmacy.clinic/conditions/cholera-vaccination-private","html-validate","input-missing-label","error","1","L5: <input> element does not have a <label>","https://html-validate.org/rules/input-missing-label.html"
"https://www.centralpharmacy.clinic/conditions/cholera-vaccination-private","html-validate","input-missing-label","error","1","L5: <input> element does not have a <label>","https://html-validate.org/rules/input-missing-label.html"
"https://www.centralpharmacy.clinic/conditions/cholera-vaccination-private","html-validate","input-missing-label","error","1","L5: <input> element does not have a <label>","https://html-validate.org/rules/input-missing-label.html"
"https://www.centralpharmacy.clinic/conditions/cholera-vaccination-private","html-validate","input-missing-label","error","1","L5: <input> element does not have a <label>","https://html-validate.org/rules/input-missing-label.html"
"https://www.centralpharmacy.clinic/conditions/cholera-vaccination-private","html-validate","input-missing-label","error","1","L5: <input> element does not have a <label>","https://html-validate.org/rules/input-missing-label.html"
"https://www.centralpharmacy.clinic/conditions/cholera-vaccination-private","html-validate","input-missing-label","error","1","L5: <input> element does not have a <label>","https://html-validate.org/rules/input-missing-label.html"
"https://www.centralpharmacy.clinic/conditions/cholera-vaccination-private","html-validate","require-sri","warning","1","L5: SRI ""integrity"" attribute is required on <script> element","https://html-validate.org/rules/require-sri.html"
"https://www.centralpharmacy.clinic/conditions/dengue-vaccination-private","axe","color-contrast","serious","2","Elements must meet minimum color contrast ratio thresholds","https://dequeuniversity.com/rules/axe/4.13/color-contrast?application=playwright"
"https://www.centralpharmacy.clinic/conditions/dengue-vaccination-private","axe","heading-order","moderate","1","Heading levels should only increase by one","https://dequeuniversity.com/rules/axe/4.13/heading-order?application=playwright"
"https://www.centralpharmacy.clinic/conditions/dengue-vaccination-private","axe","landmark-one-main","moderate","1","Document should have one main landmark","https://dequeuniversity.com/rules/axe/4.13/landmark-one-main?application=playwright"
"https://www.centralpharmacy.clinic/conditions/dengue-vaccination-private","axe","region","moderate","20","All page content should be contained by landmarks","https://dequeuniversity.com/rules/axe/4.13/region?application=playwright"
"https://www.centralpharmacy.clinic/conditions/dengue-vaccination-private","structure","heading-skip","warning","1","Heading levels skipped: h1 → h3 (""Patient information"")",""
"https://www.centralpharmacy.clinic/conditions/dengue-vaccination-private","structure","landmark-main-missing","warning","1","No <main> landmark",""
"https://www.centralpharmacy.clinic/conditions/dengue-vaccination-private","structure","skip-link-missing","notice","1","No ""skip to content"" link",""
"https://www.centralpharmacy.clinic/conditions/dengue-vaccination-private","structure","new-tab-no-warning","notice","1","1 links open new tab without warning",""
"https://www.centralpharmacy.clinic/conditions/dengue-vaccination-private","structure","img-no-dimensions","notice","1","1 images without width/height (CLS risk)",""
"https://www.centralpharmacy.clinic/conditions/dengue-vaccination-private","html-validate","require-sri","warning","1","L5: SRI ""integrity"" attribute is required on <link> element","https://html-validate.org/rules/require-sri.html"
"https://www.centralpharmacy.clinic/conditions/dengue-vaccination-private","html-validate","require-sri","warning","1","L5: SRI ""integrity"" attribute is required on <script> element","https://html-validate.org/rules/require-sri.html"
"https://www.centralpharmacy.clinic/conditions/dengue-vaccination-private","html-validate","require-sri","warning","1","L5: SRI ""integrity"" attribute is required on <script> element","https://html-validate.org/rules/require-sri.html"
"https://www.centralpharmacy.clinic/conditions/dengue-vaccination-private","html-validate","require-sri","warning","1","L5: SRI ""integrity"" attribute is required on <script> element","https://html-validate.org/rules/require-sri.html"
"https://www.centralpharmacy.clinic/conditions/dengue-vaccination-private","html-validate","require-sri","warning","1","L5: SRI ""integrity"" attribute is required on <script> element","https://html-validate.org/rules/require-sri.html"
"https://www.centralpharmacy.clinic/conditions/dengue-vaccination-private","html-validate","require-sri","warning","1","L5: SRI ""integrity"" attribute is required on <script> element","https://html-validate.org/rules/require-sri.html"
"https://www.centralpharmacy.clinic/conditions/dengue-vaccination-private","html-validate","require-sri","warning","1","L5: SRI ""integrity"" attribute is required on <script> element","https://html-validate.org/rules/require-sri.html"
"https://www.centralpharmacy.clinic/conditions/dengue-vaccination-private","html-validate","require-sri","warning","1","L5: SRI ""integrity"" attribute is required on <script> element","https://html-validate.org/rules/require-sri.html"
"https://www.centralpharmacy.clinic/conditions/dengue-vaccination-private","html-validate","require-sri","warning","1","L5: SRI ""integrity"" attribute is required on <script> element","https://html-validate.org/rules/require-sri.html"
"https://www.centralpharmacy.clinic/conditions/dengue-vaccination-private","html-validate","require-sri","warning","1","L5: SRI ""integrity"" attribute is required on <script> element","https://html-validate.org/rules/require-sri.html"
"https://www.centralpharmacy.clinic/conditions/dengue-vaccination-private","html-validate","require-sri","warning","1","L5: SRI ""integrity"" attribute is required on <script> element","https://html-validate.org/rules/require-sri.html"
"https://www.centralpharmacy.clinic/conditions/dengue-vaccination-private","html-validate","require-sri","warning","1","L5: SRI ""integrity"" attribute is required on <script> element","https://html-validate.org/rules/require-sri.html"
"https://www.centralpharmacy.clinic/conditions/dengue-vaccination-private","html-validate","require-sri","warning","1","L5: SRI ""integrity"" attribute is required on <script> element","https://html-validate.org/rules/require-sri.html"
"https://www.centralpharmacy.clinic/conditions/dengue-vaccination-private","html-validate","require-sri","warning","1","L5: SRI ""integrity"" attribute is required on <script> element","https://html-validate.org/rules/require-sri.html"
"https://www.centralpharmacy.clinic/conditions/dengue-vaccination-private","html-validate","require-sri","warning","1","L5: SRI ""integrity"" attribute is required on <script> element","https://html-validate.org/rules/require-sri.html"
"https://www.centralpharmacy.clinic/conditions/dengue-vaccination-private","html-validate","require-sri","warning","1","L5: SRI ""integrity"" attribute is required on <script> element","https://html-validate.org/rules/require-sri.html"
"https://www.centralpharmacy.clinic/conditions/dengue-vaccination-private","html-validate","require-sri","warning","1","L5: SRI ""integrity"" attribute is required on <script> element","https://html-validate.org/rules/require-sri.html"
"https://www.centralpharmacy.clinic/conditions/dengue-vaccination-private","html-validate","require-sri","warning","1","L5: SRI ""integrity"" attribute is required on <script> element","https://html-validate.org/rules/require-sri.html"
"https://www.centralpharmacy.clinic/conditions/dengue-vaccination-private","html-validate","require-sri","warning","1","L5: SRI ""integrity"" attribute is required on <script> element","https://html-validate.org/rules/require-sri.html"
"https://www.centralpharmacy.clinic/conditions/dengue-vaccination-private","html-validate","require-sri","warning","1","L5: SRI ""integrity"" attribute is required on <script> element","https://html-validate.org/rules/require-sri.html"
"https://www.centralpharmacy.clinic/conditions/dengue-vaccination-private","html-validate","require-sri","warning","1","L5: SRI ""integrity"" attribute is required on <script> element","https://html-validate.org/rules/require-sri.html"
"https://www.centralpharmacy.clinic/conditions/dengue-vaccination-private","html-validate","require-sri","warning","1","L5: SRI ""integrity"" attribute is required on <script> element","https://html-validate.org/rules/require-sri.html"
"https://www.centralpharmacy.clinic/conditions/dengue-vaccination-private","html-validate","require-sri","warning","1","L5: SRI ""integrity"" attribute is required on <script> element","https://html-validate.org/rules/require-sri.html"
"https://www.centralpharmacy.clinic/conditions/dengue-vaccination-private","html-validate","require-sri","warning","1","L5: SRI ""integrity"" attribute is required on <script> element","https://html-validate.org/rules/require-sri.html"
"https://www.centralpharmacy.clinic/conditions/dengue-vaccination-private","html-validate","require-sri","warning","1","L5: SRI ""integrity"" attribute is required on <script> element","https://html-validate.org/rules/require-sri.html"
"https://www.centralpharmacy.clinic/conditions/dengue-vaccination-private","html-validate","require-sri","warning","1","L5: SRI ""integrity"" attribute is required on <link> element","https://html-validate.org/rules/require-sri.html"
"https://www.centralpharmacy.clinic/conditions/dengue-vaccination-private","html-validate","require-sri","warning","1","L5: SRI ""integrity"" attribute is required on <script> element","https://html-validate.org/rules/require-sri.html"
"https://www.centralpharmacy.clinic/conditions/dengue-vaccination-private","html-validate","heading-level","error","1","L5: Heading level can only increase by one, expected <h2> but got <h3>","https://html-validate.org/rules/heading-level.html"
"https://www.centralpharmacy.clinic/conditions/dengue-vaccination-private","html-validate","input-missing-label","error","1","L5: <input> element does not have a <label>","https://html-validate.org/rules/input-missing-label.html"
"https://www.centralpharmacy.clinic/conditions/dengue-vaccination-private","html-validate","input-missing-label","error","1","L5: <input> element does not have a <label>","https://html-validate.org/rules/input-missing-label.html"
"https://www.centralpharmacy.clinic/conditions/dengue-vaccination-private","html-validate","input-missing-label","error","1","L5: <input> element does not have a <label>","https://html-validate.org/rules/input-missing-label.html"
"https://www.centralpharmacy.clinic/conditions/dengue-vaccination-private","html-validate","input-missing-label","error","1","L5: <input> element does not have a <label>","https://html-validate.org/rules/input-missing-label.html"
"https://www.centralpharmacy.clinic/conditions/dengue-vaccination-private","html-validate","input-missing-label","error","1","L5: <input> element does not have a <label>","https://html-validate.org/rules/input-missing-label.html"
"https://www.centralpharmacy.clinic/conditions/dengue-vaccination-private","html-validate","input-missing-label","error","1","L5: <input> element does not have a <label>","https://html-validate.org/rules/input-missing-label.html"
"https://www.centralpharmacy.clinic/conditions/dengue-vaccination-private","html-validate","require-sri","warning","1","L5: SRI ""integrity"" attribute is required on <script> element","https://html-validate.org/rules/require-sri.html"
"https://www.centralpharmacy.clinic/conditions/dtp-vaccination-private","axe","color-contrast","serious","2","Elements must meet minimum color contrast ratio thresholds","https://dequeuniversity.com/rules/axe/4.13/color-contrast?application=playwright"
"https://www.centralpharmacy.clinic/conditions/dtp-vaccination-private","axe","heading-order","moderate","1","Heading levels should only increase by one","https://dequeuniversity.com/rules/axe/4.13/heading-order?application=playwright"
"https://www.centralpharmacy.clinic/conditions/dtp-vaccination-private","axe","landmark-one-main","moderate","1","Document should have one main landmark","https://dequeuniversity.com/rules/axe/4.13/landmark-one-main?application=playwright"
"https://www.centralpharmacy.clinic/conditions/dtp-vaccination-private","axe","region","moderate","20","All page content should be contained by landmarks","https://dequeuniversity.com/rules/axe/4.13/region?application=playwright"
"https://www.centralpharmacy.clinic/conditions/dtp-vaccination-private","structure","heading-skip","warning","1","Heading levels skipped: h1 → h3 (""Patient information"")",""
"https://www.centralpharmacy.clinic/conditions/dtp-vaccination-private","structure","landmark-main-missing","warning","1","No <main> landmark",""
"https://www.centralpharmacy.clinic/conditions/dtp-vaccination-private","structure","skip-link-missing","notice","1","No ""skip to content"" link",""
"https://www.centralpharmacy.clinic/conditions/dtp-vaccination-private","structure","new-tab-no-warning","notice","1","1 links open new tab without warning",""
"https://www.centralpharmacy.clinic/conditions/dtp-vaccination-private","structure","img-no-dimensions","notice","1","1 images without width/height (CLS risk)",""
"https://www.centralpharmacy.clinic/conditions/dtp-vaccination-private","html-validate","require-sri","warning","1","L5: SRI ""integrity"" attribute is required on <link> element","https://html-validate.org/rules/require-sri.html"
"https://www.centralpharmacy.clinic/conditions/dtp-vaccination-private","html-validate","require-sri","warning","1","L5: SRI ""integrity"" attribute is required on <script> element","https://html-validate.org/rules/require-sri.html"
"https://www.centralpharmacy.clinic/conditions/dtp-vaccination-private","html-validate","require-sri","warning","1","L5: SRI ""integrity"" attribute is required on <script> element","https://html-validate.org/rules/require-sri.html"
"https://www.centralpharmacy.clinic/conditions/dtp-vaccination-private","html-validate","require-sri","warning","1","L5: SRI ""integrity"" attribute is required on <script> element","https://html-validate.org/rules/require-sri.html"
"https://www.centralpharmacy.clinic/conditions/dtp-vaccination-private","html-validate","require-sri","warning","1","L5: SRI ""integrity"" attribute is required on <script> element","https://html-validate.org/rules/require-sri.html"
"https://www.centralpharmacy.clinic/conditions/dtp-vaccination-private","html-validate","require-sri","warning","1","L5: SRI ""integrity"" attribute is required on <script> element","https://html-validate.org/rules/require-sri.html"
"https://www.centralpharmacy.clinic/conditions/dtp-vaccination-private","html-validate","require-sri","warning","1","L5: SRI ""integrity"" attribute is required on <script> element","https://html-validate.org/rules/require-sri.html"
"https://www.centralpharmacy.clinic/conditions/dtp-vaccination-private","html-validate","require-sri","warning","1","L5: SRI ""integrity"" attribute is required on <script> element","https://html-validate.org/rules/require-sri.html"
"https://www.centralpharmacy.clinic/conditions/dtp-vaccination-private","html-validate","require-sri","warning","1","L5: SRI ""integrity"" attribute is required on <script> element","https://html-validate.org/rules/require-sri.html"
"https://www.centralpharmacy.clinic/conditions/dtp-vaccination-private","html-validate","require-sri","warning","1","L5: SRI ""integrity"" attribute is required on <script> element","https://html-validate.org/rules/require-sri.html"
"https://www.centralpharmacy.clinic/conditions/dtp-vaccination-private","html-validate","require-sri","warning","1","L5: SRI ""integrity"" attribute is required on <script> element","https://html-validate.org/rules/require-sri.html"
"https://www.centralpharmacy.clinic/conditions/dtp-vaccination-private","html-validate","require-sri","warning","1","L5: SRI ""integrity"" attribute is required on <script> element","https://html-validate.org/rules/require-sri.html"
"https://www.centralpharmacy.clinic/conditions/dtp-vaccination-private","html-validate","require-sri","warning","1","L5: SRI ""integrity"" attribute is required on <script> element","https://html-validate.org/rules/require-sri.html"
"https://www.centralpharmacy.clinic/conditions/dtp-vaccination-private","html-validate","require-sri","warning","1","L5: SRI ""integrity"" attribute is required on <script> element","https://html-validate.org/rules/require-sri.html"
"https://www.centralpharmacy.clinic/conditions/dtp-vaccination-private","html-validate","require-sri","warning","1","L5: SRI ""integrity"" attribute is required on <script> element","https://html-validate.org/rules/require-sri.html"
"https://www.centralpharmacy.clinic/conditions/dtp-vaccination-private","html-validate","require-sri","warning","1","L5: SRI ""integrity"" attribute is required on <script> element","https://html-validate.org/rules/require-sri.html"
"https://www.centralpharmacy.clinic/conditions/dtp-vaccination-private","html-validate","require-sri","warning","1","L5: SRI ""integrity"" attribute is required on <script> element","https://html-validate.org/rules/require-sri.html"
"https://www.centralpharmacy.clinic/conditions/dtp-vaccination-private","html-validate","require-sri","warning","1","L5: SRI ""integrity"" attribute is required on <script> element","https://html-validate.org/rules/require-sri.html"
"https://www.centralpharmacy.clinic/conditions/dtp-vaccination-private","html-validate","require-sri","warning","1","L5: SRI ""integrity"" attribute is required on <script> element","https://html-validate.org/rules/require-sri.html"
"https://www.centralpharmacy.clinic/conditions/dtp-vaccination-private","html-validate","require-sri","warning","1","L5: SRI ""integrity"" attribute is required on <script> element","https://html-validate.org/rules/require-sri.html"
"https://www.centralpharmacy.clinic/conditions/dtp-vaccination-private","html-validate","require-sri","warning","1","L5: SRI ""integrity"" attribute is required on <script> element","https://html-validate.org/rules/require-sri.html"
"https://www.centralpharmacy.clinic/conditions/dtp-vaccination-private","html-validate","require-sri","warning","1","L5: SRI ""integrity"" attribute is required on <script> element","https://html-validate.org/rules/require-sri.html"
"https://www.centralpharmacy.clinic/conditions/dtp-vaccination-private","html-validate","require-sri","warning","1","L5: SRI ""integrity"" attribute is required on <script> element","https://html-validate.org/rules/require-sri.html"
"https://www.centralpharmacy.clinic/conditions/dtp-vaccination-private","html-validate","require-sri","warning","1","L5: SRI ""integrity"" attribute is required on <script> element","https://html-validate.org/rules/require-sri.html"
"https://www.centralpharmacy.clinic/conditions/dtp-vaccination-private","html-validate","require-sri","warning","1","L5: SRI ""integrity"" attribute is required on <script> element","https://html-validate.org/rules/require-sri.html"
"https://www.centralpharmacy.clinic/conditions/dtp-vaccination-private","html-validate","require-sri","warning","1","L5: SRI ""integrity"" attribute is required on <link> element","https://html-validate.org/rules/require-sri.html"
"https://www.centralpharmacy.clinic/conditions/dtp-vaccination-private","html-validate","require-sri","warning","1","L5: SRI ""integrity"" attribute is required on <script> element","https://html-validate.org/rules/require-sri.html"
"https://www.centralpharmacy.clinic/conditions/dtp-vaccination-private","html-validate","heading-level","error","1","L5: Heading level can only increase by one, expected <h2> but got <h3>","https://html-validate.org/rules/heading-level.html"
"https://www.centralpharmacy.clinic/conditions/dtp-vaccination-private","html-validate","input-missing-label","error","1","L5: <input> element does not have a <label>","https://html-validate.org/rules/input-missing-label.html"
"https://www.centralpharmacy.clinic/conditions/dtp-vaccination-private","html-validate","input-missing-label","error","1","L5: <input> element does not have a <label>","https://html-validate.org/rules/input-missing-label.html"
"https://www.centralpharmacy.clinic/conditions/dtp-vaccination-private","html-validate","input-missing-label","error","1","L5: <input> element does not have a <label>","https://html-validate.org/rules/input-missing-label.html"
"https://www.centralpharmacy.clinic/conditions/dtp-vaccination-private","html-validate","input-missing-label","error","1","L5: <input> element does not have a <label>","https://html-validate.org/rules/input-missing-label.html"
"https://www.centralpharmacy.clinic/conditions/dtp-vaccination-private","html-validate","input-missing-label","error","1","L5: <input> element does not have a <label>","https://html-validate.org/rules/input-missing-label.html"
"https://www.centralpharmacy.clinic/conditions/dtp-vaccination-private","html-validate","input-missing-label","error","1","L5: <input> element does not have a <label>","https://html-validate.org/rules/input-missing-label.html"
"https://www.centralpharmacy.clinic/conditions/dtp-vaccination-private","html-validate","require-sri","warning","1","L5: SRI ""integrity"" attribute is required on <script> element","https://html-validate.org/rules/require-sri.html"
"https://www.centralpharmacy.clinic/conditions/ear-infection-otitis-externa-private","axe","color-contrast","serious","2","Elements must meet minimum color contrast ratio thresholds","https://dequeuniversity.com/rules/axe/4.13/color-contrast?application=playwright"
"https://www.centralpharmacy.clinic/conditions/ear-infection-otitis-externa-private","axe","heading-order","moderate","1","Heading levels should only increase by one","https://dequeuniversity.com/rules/axe/4.13/heading-order?application=playwright"
"https://www.centralpharmacy.clinic/conditions/ear-infection-otitis-externa-private","axe","landmark-one-main","moderate","1","Document should have one main landmark","https://dequeuniversity.com/rules/axe/4.13/landmark-one-main?application=playwright"
"https://www.centralpharmacy.clinic/conditions/ear-infection-otitis-externa-private","axe","region","moderate","20","All page content should be contained by landmarks","https://dequeuniversity.com/rules/axe/4.13/region?application=playwright"
"https://www.centralpharmacy.clinic/conditions/ear-infection-otitis-externa-private","structure","heading-skip","warning","1","Heading levels skipped: h1 → h3 (""Patient information"")",""
"https://www.centralpharmacy.clinic/conditions/ear-infection-otitis-externa-private","structure","landmark-main-missing","warning","1","No <main> landmark",""
"https://www.centralpharmacy.clinic/conditions/ear-infection-otitis-externa-private","structure","skip-link-missing","notice","1","No ""skip to content"" link",""
"https://www.centralpharmacy.clinic/conditions/ear-infection-otitis-externa-private","structure","new-tab-no-warning","notice","1","1 links open new tab without warning",""
"https://www.centralpharmacy.clinic/conditions/ear-infection-otitis-externa-private","structure","img-no-dimensions","notice","1","1 images without width/height (CLS risk)",""
"https://www.centralpharmacy.clinic/conditions/ear-infection-otitis-externa-private","html-validate","require-sri","warning","1","L5: SRI ""integrity"" attribute is required on <link> element","https://html-validate.org/rules/require-sri.html"
"https://www.centralpharmacy.clinic/conditions/ear-infection-otitis-externa-private","html-validate","require-sri","warning","1","L5: SRI ""integrity"" attribute is required on <script> element","https://html-validate.org/rules/require-sri.html"
"https://www.centralpharmacy.clinic/conditions/ear-infection-otitis-externa-private","html-validate","require-sri","warning","1","L5: SRI ""integrity"" attribute is required on <script> element","https://html-validate.org/rules/require-sri.html"
"https://www.centralpharmacy.clinic/conditions/ear-infection-otitis-externa-private","html-validate","require-sri","warning","1","L5: SRI ""integrity"" attribute is required on <script> element","https://html-validate.org/rules/require-sri.html"
"https://www.centralpharmacy.clinic/conditions/ear-infection-otitis-externa-private","html-validate","require-sri","warning","1","L5: SRI ""integrity"" attribute is required on <script> element","https://html-validate.org/rules/require-sri.html"
"https://www.centralpharmacy.clinic/conditions/ear-infection-otitis-externa-private","html-validate","require-sri","warning","1","L5: SRI ""integrity"" attribute is required on <script> element","https://html-validate.org/rules/require-sri.html"
"https://www.centralpharmacy.clinic/conditions/ear-infection-otitis-externa-private","html-validate","require-sri","warning","1","L5: SRI ""integrity"" attribute is required on <script> element","https://html-validate.org/rules/require-sri.html"
"https://www.centralpharmacy.clinic/conditions/ear-infection-otitis-externa-private","html-validate","require-sri","warning","1","L5: SRI ""integrity"" attribute is required on <script> element","https://html-validate.org/rules/require-sri.html"
"https://www.centralpharmacy.clinic/conditions/ear-infection-otitis-externa-private","html-validate","require-sri","warning","1","L5: SRI ""integrity"" attribute is required on <script> element","https://html-validate.org/rules/require-sri.html"
"https://www.centralpharmacy.clinic/conditions/ear-infection-otitis-externa-private","html-validate","require-sri","warning","1","L5: SRI ""integrity"" attribute is required on <script> element","https://html-validate.org/rules/require-sri.html"
"https://www.centralpharmacy.clinic/conditions/ear-infection-otitis-externa-private","html-validate","require-sri","warning","1","L5: SRI ""integrity"" attribute is required on <script> element","https://html-validate.org/rules/require-sri.html"
"https://www.centralpharmacy.clinic/conditions/ear-infection-otitis-externa-private","html-validate","require-sri","warning","1","L5: SRI ""integrity"" attribute is required on <script> element","https://html-validate.org/rules/require-sri.html"
"https://www.centralpharmacy.clinic/conditions/ear-infection-otitis-externa-private","html-validate","require-sri","warning","1","L5: SRI ""integrity"" attribute is required on <script> element","https://html-validate.org/rules/require-sri.html"
"https://www.centralpharmacy.clinic/conditions/ear-infection-otitis-externa-private","html-validate","require-sri","warning","1","L5: SRI ""integrity"" attribute is required on <script> element","https://html-validate.org/rules/require-sri.html"
"https://www.centralpharmacy.clinic/conditions/ear-infection-otitis-externa-private","html-validate","require-sri","warning","1","L5: SRI ""integrity"" attribute is required on <script> element","https://html-validate.org/rules/require-sri.html"
"https://www.centralpharmacy.clinic/conditions/ear-infection-otitis-externa-private","html-validate","require-sri","warning","1","L5: SRI ""integrity"" attribute is required on <script> element","https://html-validate.org/rules/require-sri.html"
"https://www.centralpharmacy.clinic/conditions/ear-infection-otitis-externa-private","html-validate","require-sri","warning","1","L5: SRI ""integrity"" attribute is required on <script> element","https://html-validate.org/rules/require-sri.html"
"https://www.centralpharmacy.clinic/conditions/ear-infection-otitis-externa-private","html-validate","require-sri","warning","1","L5: SRI ""integrity"" attribute is required on <script> element","https://html-validate.org/rules/require-sri.html"
"https://www.centralpharmacy.clinic/conditions/ear-infection-otitis-externa-private","html-validate","require-sri","warning","1","L5: SRI ""integrity"" attribute is required on <script> element","https://html-validate.org/rules/require-sri.html"
"https://www.centralpharmacy.clinic/conditions/ear-infection-otitis-externa-private","html-validate","require-sri","warning","1","L5: SRI ""integrity"" attribute is required on <script> element","https://html-validate.org/rules/require-sri.html"
"https://www.centralpharmacy.clinic/conditions/ear-infection-otitis-externa-private","html-validate","require-sri","warning","1","L5: SRI ""integrity"" attribute is required on <script> element","https://html-validate.org/rules/require-sri.html"
"https://www.centralpharmacy.clinic/conditions/ear-infection-otitis-externa-private","html-validate","require-sri","warning","1","L5: SRI ""integrity"" attribute is required on <script> element","https://html-validate.org/rules/require-sri.html"
"https://www.centralpharmacy.clinic/conditions/ear-infection-otitis-externa-private","html-validate","require-sri","warning","1","L5: SRI ""integrity"" attribute is required on <script> element","https://html-validate.org/rules/require-sri.html"
"https://www.centralpharmacy.clinic/conditions/ear-infection-otitis-externa-private","html-validate","require-sri","warning","1","L5: SRI ""integrity"" attribute is required on <script> element","https://html-validate.org/rules/require-sri.html"
"https://www.centralpharmacy.clinic/conditions/ear-infection-otitis-externa-private","html-validate","require-sri","warning","1","L5: SRI ""integrity"" attribute is required on <script> element","https://html-validate.org/rules/require-sri.html"
"https://www.centralpharmacy.clinic/conditions/ear-infection-otitis-externa-private","html-validate","require-sri","warning","1","L5: SRI ""integrity"" attribute is required on <link> element","https://html-validate.org/rules/require-sri.html"
"https://www.centralpharmacy.clinic/conditions/ear-infection-otitis-externa-private","html-validate","require-sri","warning","1","L5: SRI ""integrity"" attribute is required on <script> element","https://html-validate.org/rules/require-sri.html"
"https://www.centralpharmacy.clinic/conditions/ear-infection-otitis-externa-private","html-validate","heading-level","error","1","L5: Heading level can only increase by one, expected <h2> but got <h3>","https://html-validate.org/rules/heading-level.html"
"https://www.centralpharmacy.clinic/conditions/ear-infection-otitis-externa-private","html-validate","input-missing-label","error","1","L5: <input> element does not have a <label>","https://html-validate.org/rules/input-missing-label.html"
"https://www.centralpharmacy.clinic/conditions/ear-infection-otitis-externa-private","html-validate","input-missing-label","error","1","L5: <input> element does not have a <label>","https://html-validate.org/rules/input-missing-label.html"
"https://www.centralpharmacy.clinic/conditions/ear-infection-otitis-externa-private","html-validate","input-missing-label","error","1","L5: <input> element does not have a <label>","https://html-validate.org/rules/input-missing-label.html"
"https://www.centralpharmacy.clinic/conditions/ear-infection-otitis-externa-private","html-validate","input-missing-label","error","1","L5: <input> element does not have a <label>","https://html-validate.org/rules/input-missing-label.html"
"https://www.centralpharmacy.clinic/conditions/ear-infection-otitis-externa-private","html-validate","input-missing-label","error","1","L5: <input> element does not have a <label>","https://html-validate.org/rules/input-missing-label.html"
"https://www.centralpharmacy.clinic/conditions/ear-infection-otitis-externa-private","html-validate","input-missing-label","error","1","L5: <input> element does not have a <label>","https://html-validate.org/rules/input-missing-label.html"
"https://www.centralpharmacy.clinic/conditions/ear-infection-otitis-externa-private","html-validate","require-sri","warning","1","L5: SRI ""integrity"" attribute is required on <script> element","https://html-validate.org/rules/require-sri.html"
"https://www.centralpharmacy.clinic/conditions/ear-wax-removal-private","axe","color-contrast","serious","2","Elements must meet minimum color contrast ratio thresholds","https://dequeuniversity.com/rules/axe/4.13/color-contrast?application=playwright"
"https://www.centralpharmacy.clinic/conditions/ear-wax-removal-private","axe","heading-order","moderate","1","Heading levels should only increase by one","https://dequeuniversity.com/rules/axe/4.13/heading-order?application=playwright"
"https://www.centralpharmacy.clinic/conditions/ear-wax-removal-private","axe","landmark-one-main","moderate","1","Document should have one main landmark","https://dequeuniversity.com/rules/axe/4.13/landmark-one-main?application=playwright"
"https://www.centralpharmacy.clinic/conditions/ear-wax-removal-private","axe","region","moderate","20","All page content should be contained by landmarks","https://dequeuniversity.com/rules/axe/4.13/region?application=playwright"
"https://www.centralpharmacy.clinic/conditions/ear-wax-removal-private","structure","heading-skip","warning","1","Heading levels skipped: h1 → h3 (""Patient information"")",""
"https://www.centralpharmacy.clinic/conditions/ear-wax-removal-private","structure","landmark-main-missing","warning","1","No <main> landmark",""
"https://www.centralpharmacy.clinic/conditions/ear-wax-removal-private","structure","skip-link-missing","notice","1","No ""skip to content"" link",""
"https://www.centralpharmacy.clinic/conditions/ear-wax-removal-private","structure","new-tab-no-warning","notice","1","1 links open new tab without warning",""
"https://www.centralpharmacy.clinic/conditions/ear-wax-removal-private","structure","img-no-dimensions","notice","1","1 images without width/height (CLS risk)",""
"https://www.centralpharmacy.clinic/conditions/ear-wax-removal-private","html-validate","require-sri","warning","1","L5: SRI ""integrity"" attribute is required on <link> element","https://html-validate.org/rules/require-sri.html"
"https://www.centralpharmacy.clinic/conditions/ear-wax-removal-private","html-validate","require-sri","warning","1","L5: SRI ""integrity"" attribute is required on <script> element","https://html-validate.org/rules/require-sri.html"
"https://www.centralpharmacy.clinic/conditions/ear-wax-removal-private","html-validate","require-sri","warning","1","L5: SRI ""integrity"" attribute is required on <script> element","https://html-validate.org/rules/require-sri.html"
"https://www.centralpharmacy.clinic/conditions/ear-wax-removal-private","html-validate","require-sri","warning","1","L5: SRI ""integrity"" attribute is required on <script> element","https://html-validate.org/rules/require-sri.html"
"https://www.centralpharmacy.clinic/conditions/ear-wax-removal-private","html-validate","require-sri","warning","1","L5: SRI ""integrity"" attribute is required on <script> element","https://html-validate.org/rules/require-sri.html"
"https://www.centralpharmacy.clinic/conditions/ear-wax-removal-private","html-validate","require-sri","warning","1","L5: SRI ""integrity"" attribute is required on <script> element","https://html-validate.org/rules/require-sri.html"
"https://www.centralpharmacy.clinic/conditions/ear-wax-removal-private","html-validate","require-sri","warning","1","L5: SRI ""integrity"" attribute is required on <script> element","https://html-validate.org/rules/require-sri.html"
"https://www.centralpharmacy.clinic/conditions/ear-wax-removal-private","html-validate","require-sri","warning","1","L5: SRI ""integrity"" attribute is required on <script> element","https://html-validate.org/rules/require-sri.html"
"https://www.centralpharmacy.clinic/conditions/ear-wax-removal-private","html-validate","require-sri","warning","1","L5: SRI ""integrity"" attribute is required on <script> element","https://html-validate.org/rules/require-sri.html"
"https://www.centralpharmacy.clinic/conditions/ear-wax-removal-private","html-validate","require-sri","warning","1","L5: SRI ""integrity"" attribute is required on <script> element","https://html-validate.org/rules/require-sri.html"
"https://www.centralpharmacy.clinic/conditions/ear-wax-removal-private","html-validate","require-sri","warning","1","L5: SRI ""integrity"" attribute is required on <script> element","https://html-validate.org/rules/require-sri.html"
"https://www.centralpharmacy.clinic/conditions/ear-wax-removal-private","html-validate","require-sri","warning","1","L5: SRI ""integrity"" attribute is required on <script> element","https://html-validate.org/rules/require-sri.html"
"https://www.centralpharmacy.clinic/conditions/ear-wax-removal-private","html-validate","require-sri","warning","1","L5: SRI ""integrity"" attribute is required on <script> element","https://html-validate.org/rules/require-sri.html"
"https://www.centralpharmacy.clinic/conditions/ear-wax-removal-private","html-validate","require-sri","warning","1","L5: SRI ""integrity"" attribute is required on <script> element","https://html-validate.org/rules/require-sri.html"
"https://www.centralpharmacy.clinic/conditions/ear-wax-removal-private","html-validate","require-sri","warning","1","L5: SRI ""integrity"" attribute is required on <script> element","https://html-validate.org/rules/require-sri.html"
"https://www.centralpharmacy.clinic/conditions/ear-wax-removal-private","html-validate","require-sri","warning","1","L5: SRI ""integrity"" attribute is required on <script> element","https://html-validate.org/rules/require-sri.html"
"https://www.centralpharmacy.clinic/conditions/ear-wax-removal-private","html-validate","require-sri","warning","1","L5: SRI ""integrity"" attribute is required on <script> element","https://html-validate.org/rules/require-sri.html"
"https://www.centralpharmacy.clinic/conditions/ear-wax-removal-private","html-validate","require-sri","warning","1","L5: SRI ""integrity"" attribute is required on <script> element","https://html-validate.org/rules/require-sri.html"
"https://www.centralpharmacy.clinic/conditions/ear-wax-removal-private","html-validate","require-sri","warning","1","L5: SRI ""integrity"" attribute is required on <script> element","https://html-validate.org/rules/require-sri.html"
"https://www.centralpharmacy.clinic/conditions/ear-wax-removal-private","html-validate","require-sri","warning","1","L5: SRI ""integrity"" attribute is required on <script> element","https://html-validate.org/rules/require-sri.html"
"https://www.centralpharmacy.clinic/conditions/ear-wax-removal-private","html-validate","require-sri","warning","1","L5: SRI ""integrity"" attribute is required on <script> element","https://html-validate.org/rules/require-sri.html"
"https://www.centralpharmacy.clinic/conditions/ear-wax-removal-private","html-validate","require-sri","warning","1","L5: SRI ""integrity"" attribute is required on <script> element","https://html-validate.org/rules/require-sri.html"
"https://www.centralpharmacy.clinic/conditions/ear-wax-removal-private","html-validate","require-sri","warning","1","L5: SRI ""integrity"" attribute is required on <script> element","https://html-validate.org/rules/require-sri.html"
"https://www.centralpharmacy.clinic/conditions/ear-wax-removal-private","html-validate","require-sri","warning","1","L5: SRI ""integrity"" attribute is required on <script> element","https://html-validate.org/rules/require-sri.html"
"https://www.centralpharmacy.clinic/conditions/ear-wax-removal-private","html-validate","require-sri","warning","1","L5: SRI ""integrity"" attribute is required on <script> element","https://html-validate.org/rules/require-sri.html"
"https://www.centralpharmacy.clinic/conditions/ear-wax-removal-private","html-validate","require-sri","warning","1","L5: SRI ""integrity"" attribute is required on <link> element","https://html-validate.org/rules/require-sri.html"
"https://www.centralpharmacy.clinic/conditions/ear-wax-removal-private","html-validate","require-sri","warning","1","L5: SRI ""integrity"" attribute is required on <script> element","https://html-validate.org/rules/require-sri.html"
"https://www.centralpharmacy.clinic/conditions/ear-wax-removal-private","html-validate","heading-level","error","1","L5: Heading level can only increase by one, expected <h2> but got <h3>","https://html-validate.org/rules/heading-level.html"
"https://www.centralpharmacy.clinic/conditions/ear-wax-removal-private","html-validate","input-missing-label","error","1","L5: <input> element does not have a <label>","https://html-validate.org/rules/input-missing-label.html"
"https://www.centralpharmacy.clinic/conditions/ear-wax-removal-private","html-validate","input-missing-label","error","1","L5: <input> element does not have a <label>","https://html-validate.org/rules/input-missing-label.html"
"https://www.centralpharmacy.clinic/conditions/ear-wax-removal-private","html-validate","input-missing-label","error","1","L5: <input> element does not have a <label>","https://html-validate.org/rules/input-missing-label.html"
"https://www.centralpharmacy.clinic/conditions/ear-wax-removal-private","html-validate","input-missing-label","error","1","L5: <input> element does not have a <label>","https://html-validate.org/rules/input-missing-label.html"
"https://www.centralpharmacy.clinic/conditions/ear-wax-removal-private","html-validate","input-missing-label","error","1","L5: <input> element does not have a <label>","https://html-validate.org/rules/input-missing-label.html"
"https://www.centralpharmacy.clinic/conditions/ear-wax-removal-private","html-validate","input-missing-label","error","1","L5: <input> element does not have a <label>","https://html-validate.org/rules/input-missing-label.html"
"https://www.centralpharmacy.clinic/conditions/ear-wax-removal-private","html-validate","require-sri","warning","1","L5: SRI ""integrity"" attribute is required on <script> element","https://html-validate.org/rules/require-sri.html"
"https://www.centralpharmacy.clinic/conditions/dtpp-vaccination-private","axe","color-contrast","serious","2","Elements must meet minimum color contrast ratio thresholds","https://dequeuniversity.com/rules/axe/4.13/color-contrast?application=playwright"
"https://www.centralpharmacy.clinic/conditions/dtpp-vaccination-private","axe","heading-order","moderate","1","Heading levels should only increase by one","https://dequeuniversity.com/rules/axe/4.13/heading-order?application=playwright"
"https://www.centralpharmacy.clinic/conditions/dtpp-vaccination-private","axe","landmark-one-main","moderate","1","Document should have one main landmark","https://dequeuniversity.com/rules/axe/4.13/landmark-one-main?application=playwright"
"https://www.centralpharmacy.clinic/conditions/dtpp-vaccination-private","axe","region","moderate","20","All page content should be contained by landmarks","https://dequeuniversity.com/rules/axe/4.13/region?application=playwright"
"https://www.centralpharmacy.clinic/conditions/dtpp-vaccination-private","structure","heading-skip","warning","1","Heading levels skipped: h1 → h3 (""Patient information"")",""
"https://www.centralpharmacy.clinic/conditions/dtpp-vaccination-private","structure","landmark-main-missing","warning","1","No <main> landmark",""
"https://www.centralpharmacy.clinic/conditions/dtpp-vaccination-private","structure","skip-link-missing","notice","1","No ""skip to content"" link",""
"https://www.centralpharmacy.clinic/conditions/dtpp-vaccination-private","structure","new-tab-no-warning","notice","1","1 links open new tab without warning",""
"https://www.centralpharmacy.clinic/conditions/dtpp-vaccination-private","structure","img-no-dimensions","notice","1","1 images without width/height (CLS risk)",""
"https://www.centralpharmacy.clinic/conditions/dtpp-vaccination-private","html-validate","require-sri","warning","1","L5: SRI ""integrity"" attribute is required on <link> element","https://html-validate.org/rules/require-sri.html"
"https://www.centralpharmacy.clinic/conditions/dtpp-vaccination-private","html-validate","require-sri","warning","1","L5: SRI ""integrity"" attribute is required on <script> element","https://html-validate.org/rules/require-sri.html"
"https://www.centralpharmacy.clinic/conditions/dtpp-vaccination-private","html-validate","require-sri","warning","1","L5: SRI ""integrity"" attribute is required on <script> element","https://html-validate.org/rules/require-sri.html"
"https://www.centralpharmacy.clinic/conditions/dtpp-vaccination-private","html-validate","require-sri","warning","1","L5: SRI ""integrity"" attribute is required on <script> element","https://html-validate.org/rules/require-sri.html"
"https://www.centralpharmacy.clinic/conditions/dtpp-vaccination-private","html-validate","require-sri","warning","1","L5: SRI ""integrity"" attribute is required on <script> element","https://html-validate.org/rules/require-sri.html"
"https://www.centralpharmacy.clinic/conditions/dtpp-vaccination-private","html-validate","require-sri","warning","1","L5: SRI ""integrity"" attribute is required on <script> element","https://html-validate.org/rules/require-sri.html"
"https://www.centralpharmacy.clinic/conditions/dtpp-vaccination-private","html-validate","require-sri","warning","1","L5: SRI ""integrity"" attribute is required on <script> element","https://html-validate.org/rules/require-sri.html"
"https://www.centralpharmacy.clinic/conditions/dtpp-vaccination-private","html-validate","require-sri","warning","1","L5: SRI ""integrity"" attribute is required on <script> element","https://html-validate.org/rules/require-sri.html"
"https://www.centralpharmacy.clinic/conditions/dtpp-vaccination-private","html-validate","require-sri","warning","1","L5: SRI ""integrity"" attribute is required on <script> element","https://html-validate.org/rules/require-sri.html"
"https://www.centralpharmacy.clinic/conditions/dtpp-vaccination-private","html-validate","require-sri","warning","1","L5: SRI ""integrity"" attribute is required on <script> element","https://html-validate.org/rules/require-sri.html"
"https://www.centralpharmacy.clinic/conditions/dtpp-vaccination-private","html-validate","require-sri","warning","1","L5: SRI ""integrity"" attribute is required on <script> element","https://html-validate.org/rules/require-sri.html"
"https://www.centralpharmacy.clinic/conditions/dtpp-vaccination-private","html-validate","require-sri","warning","1","L5: SRI ""integrity"" attribute is required on <script> element","https://html-validate.org/rules/require-sri.html"
"https://www.centralpharmacy.clinic/conditions/dtpp-vaccination-private","html-validate","require-sri","warning","1","L5: SRI ""integrity"" attribute is required on <script> element","https://html-validate.org/rules/require-sri.html"
"https://www.centralpharmacy.clinic/conditions/dtpp-vaccination-private","html-validate","require-sri","warning","1","L5: SRI ""integrity"" attribute is required on <script> element","https://html-validate.org/rules/require-sri.html"
"https://www.centralpharmacy.clinic/conditions/dtpp-vaccination-private","html-validate","require-sri","warning","1","L5: SRI ""integrity"" attribute is required on <script> element","https://html-validate.org/rules/require-sri.html"
"https://www.centralpharmacy.clinic/conditions/dtpp-vaccination-private","html-validate","require-sri","warning","1","L5: SRI ""integrity"" attribute is required on <script> element","https://html-validate.org/rules/require-sri.html"
"https://www.centralpharmacy.clinic/conditions/dtpp-vaccination-private","html-validate","require-sri","warning","1","L5: SRI ""integrity"" attribute is required on <script> element","https://html-validate.org/rules/require-sri.html"
"https://www.centralpharmacy.clinic/conditions/dtpp-vaccination-private","html-validate","require-sri","warning","1","L5: SRI ""integrity"" attribute is required on <script> element","https://html-validate.org/rules/require-sri.html"
"https://www.centralpharmacy.clinic/conditions/dtpp-vaccination-private","html-validate","require-sri","warning","1","L5: SRI ""integrity"" attribute is required on <script> element","https://html-validate.org/rules/require-sri.html"
"https://www.centralpharmacy.clinic/conditions/dtpp-vaccination-private","html-validate","require-sri","warning","1","L5: SRI ""integrity"" attribute is required on <script> element","https://html-validate.org/rules/require-sri.html"
"https://www.centralpharmacy.clinic/conditions/dtpp-vaccination-private","html-validate","require-sri","warning","1","L5: SRI ""integrity"" attribute is required on <script> element","https://html-validate.org/rules/require-sri.html"
"https://www.centralpharmacy.clinic/conditions/dtpp-vaccination-private","html-validate","require-sri","warning","1","L5: SRI ""integrity"" attribute is required on <script> element","https://html-validate.org/rules/require-sri.html"
"https://www.centralpharmacy.clinic/conditions/dtpp-vaccination-private","html-validate","require-sri","warning","1","L5: SRI ""integrity"" attribute is required on <script> element","https://html-validate.org/rules/require-sri.html"
"https://www.centralpharmacy.clinic/conditions/dtpp-vaccination-private","html-validate","require-sri","warning","1","L5: SRI ""integrity"" attribute is required on <script> element","https://html-validate.org/rules/require-sri.html"
"https://www.centralpharmacy.clinic/conditions/dtpp-vaccination-private","html-validate","require-sri","warning","1","L5: SRI ""integrity"" attribute is required on <script> element","https://html-validate.org/rules/require-sri.html"
"https://www.centralpharmacy.clinic/conditions/dtpp-vaccination-private","html-validate","require-sri","warning","1","L5: SRI ""integrity"" attribute is required on <link> element","https://html-validate.org/rules/require-sri.html"
"https://www.centralpharmacy.clinic/conditions/dtpp-vaccination-private","html-validate","require-sri","warning","1","L5: SRI ""integrity"" attribute is required on <script> element","https://html-validate.org/rules/require-sri.html"
"https://www.centralpharmacy.clinic/conditions/dtpp-vaccination-private","html-validate","heading-level","error","1","L5: Heading level can only increase by one, expected <h2> but got <h3>","https://html-validate.org/rules/heading-level.html"
"https://www.centralpharmacy.clinic/conditions/dtpp-vaccination-private","html-validate","input-missing-label","error","1","L5: <input> element does not have a <label>","https://html-validate.org/rules/input-missing-label.html"
"https://www.centralpharmacy.clinic/conditions/dtpp-vaccination-private","html-validate","input-missing-label","error","1","L5: <input> element does not have a <label>","https://html-validate.org/rules/input-missing-label.html"
"https://www.centralpharmacy.clinic/conditions/dtpp-vaccination-private","html-validate","input-missing-label","error","1","L5: <input> element does not have a <label>","https://html-validate.org/rules/input-missing-label.html"
"https://www.centralpharmacy.clinic/conditions/dtpp-vaccination-private","html-validate","input-missing-label","error","1","L5: <input> element does not have a <label>","https://html-validate.org/rules/input-missing-label.html"
"https://www.centralpharmacy.clinic/conditions/dtpp-vaccination-private","html-validate","input-missing-label","error","1","L5: <input> element does not have a <label>","https://html-validate.org/rules/input-missing-label.html"
"https://www.centralpharmacy.clinic/conditions/dtpp-vaccination-private","html-validate","input-missing-label","error","1","L5: <input> element does not have a <label>","https://html-validate.org/rules/input-missing-label.html"
"https://www.centralpharmacy.clinic/conditions/dtpp-vaccination-private","html-validate","require-sri","warning","1","L5: SRI ""integrity"" attribute is required on <script> element","https://html-validate.org/rules/require-sri.html"
"https://www.centralpharmacy.clinic/conditions/erectile-dysfunction-private","axe","color-contrast","serious","2","Elements must meet minimum color contrast ratio thresholds","https://dequeuniversity.com/rules/axe/4.13/color-contrast?application=playwright"
"https://www.centralpharmacy.clinic/conditions/erectile-dysfunction-private","axe","heading-order","moderate","1","Heading levels should only increase by one","https://dequeuniversity.com/rules/axe/4.13/heading-order?application=playwright"
"https://www.centralpharmacy.clinic/conditions/erectile-dysfunction-private","axe","landmark-one-main","moderate","1","Document should have one main landmark","https://dequeuniversity.com/rules/axe/4.13/landmark-one-main?application=playwright"
"https://www.centralpharmacy.clinic/conditions/erectile-dysfunction-private","axe","region","moderate","20","All page content should be contained by landmarks","https://dequeuniversity.com/rules/axe/4.13/region?application=playwright"
"https://www.centralpharmacy.clinic/conditions/erectile-dysfunction-private","structure","heading-skip","warning","1","Heading levels skipped: h1 → h3 (""Patient information"")",""
"https://www.centralpharmacy.clinic/conditions/erectile-dysfunction-private","structure","landmark-main-missing","warning","1","No <main> landmark",""
"https://www.centralpharmacy.clinic/conditions/erectile-dysfunction-private","structure","skip-link-missing","notice","1","No ""skip to content"" link",""
"https://www.centralpharmacy.clinic/conditions/erectile-dysfunction-private","structure","new-tab-no-warning","notice","1","1 links open new tab without warning",""
"https://www.centralpharmacy.clinic/conditions/erectile-dysfunction-private","structure","img-no-dimensions","notice","1","1 images without width/height (CLS risk)",""
"https://www.centralpharmacy.clinic/conditions/erectile-dysfunction-private","html-validate","require-sri","warning","1","L5: SRI ""integrity"" attribute is required on <link> element","https://html-validate.org/rules/require-sri.html"
"https://www.centralpharmacy.clinic/conditions/erectile-dysfunction-private","html-validate","require-sri","warning","1","L5: SRI ""integrity"" attribute is required on <script> element","https://html-validate.org/rules/require-sri.html"
"https://www.centralpharmacy.clinic/conditions/erectile-dysfunction-private","html-validate","require-sri","warning","1","L5: SRI ""integrity"" attribute is required on <script> element","https://html-validate.org/rules/require-sri.html"
"https://www.centralpharmacy.clinic/conditions/erectile-dysfunction-private","html-validate","require-sri","warning","1","L5: SRI ""integrity"" attribute is required on <script> element","https://html-validate.org/rules/require-sri.html"
"https://www.centralpharmacy.clinic/conditions/erectile-dysfunction-private","html-validate","require-sri","warning","1","L5: SRI ""integrity"" attribute is required on <script> element","https://html-validate.org/rules/require-sri.html"
"https://www.centralpharmacy.clinic/conditions/erectile-dysfunction-private","html-validate","require-sri","warning","1","L5: SRI ""integrity"" attribute is required on <script> element","https://html-validate.org/rules/require-sri.html"
"https://www.centralpharmacy.clinic/conditions/erectile-dysfunction-private","html-validate","require-sri","warning","1","L5: SRI ""integrity"" attribute is required on <script> element","https://html-validate.org/rules/require-sri.html"
"https://www.centralpharmacy.clinic/conditions/erectile-dysfunction-private","html-validate","require-sri","warning","1","L5: SRI ""integrity"" attribute is required on <script> element","https://html-validate.org/rules/require-sri.html"
"https://www.centralpharmacy.clinic/conditions/erectile-dysfunction-private","html-validate","require-sri","warning","1","L5: SRI ""integrity"" attribute is required on <script> element","https://html-validate.org/rules/require-sri.html"
"https://www.centralpharmacy.clinic/conditions/erectile-dysfunction-private","html-validate","require-sri","warning","1","L5: SRI ""integrity"" attribute is required on <script> element","https://html-validate.org/rules/require-sri.html"
"https://www.centralpharmacy.clinic/conditions/erectile-dysfunction-private","html-validate","require-sri","warning","1","L5: SRI ""integrity"" attribute is required on <script> element","https://html-validate.org/rules/require-sri.html"
"https://www.centralpharmacy.clinic/conditions/erectile-dysfunction-private","html-validate","require-sri","warning","1","L5: SRI ""integrity"" attribute is required on <script> element","https://html-validate.org/rules/require-sri.html"
"https://www.centralpharmacy.clinic/conditions/erectile-dysfunction-private","html-validate","require-sri","warning","1","L5: SRI ""integrity"" attribute is required on <script> element","https://html-validate.org/rules/require-sri.html"
"https://www.centralpharmacy.clinic/conditions/erectile-dysfunction-private","html-validate","require-sri","warning","1","L5: SRI ""integrity"" attribute is required on <script> element","https://html-validate.org/rules/require-sri.html"
"https://www.centralpharmacy.clinic/conditions/erectile-dysfunction-private","html-validate","require-sri","warning","1","L5: SRI ""integrity"" attribute is required on <script> element","https://html-validate.org/rules/require-sri.html"
"https://www.centralpharmacy.clinic/conditions/erectile-dysfunction-private","html-validate","require-sri","warning","1","L5: SRI ""integrity"" attribute is required on <script> element","https://html-validate.org/rules/require-sri.html"
"https://www.centralpharmacy.clinic/conditions/erectile-dysfunction-private","html-validate","require-sri","warning","1","L5: SRI ""integrity"" attribute is required on <script> element","https://html-validate.org/rules/require-sri.html"
"https://www.centralpharmacy.clinic/conditions/erectile-dysfunction-private","html-validate","require-sri","warning","1","L5: SRI ""integrity"" attribute is required on <script> element","https://html-validate.org/rules/require-sri.html"
"https://www.centralpharmacy.clinic/conditions/erectile-dysfunction-private","html-validate","require-sri","warning","1","L5: SRI ""integrity"" attribute is required on <script> element","https://html-validate.org/rules/require-sri.html"
"https://www.centralpharmacy.clinic/conditions/erectile-dysfunction-private","html-validate","require-sri","warning","1","L5: SRI ""integrity"" attribute is required on <script> element","https://html-validate.org/rules/require-sri.html"
"https://www.centralpharmacy.clinic/conditions/erectile-dysfunction-private","html-validate","require-sri","warning","1","L5: SRI ""integrity"" attribute is required on <script> element","https://html-validate.org/rules/require-sri.html"
"https://www.centralpharmacy.clinic/conditions/erectile-dysfunction-private","html-validate","require-sri","warning","1","L5: SRI ""integrity"" attribute is required on <script> element","https://html-validate.org/rules/require-sri.html"
"https://www.centralpharmacy.clinic/conditions/erectile-dysfunction-private","html-validate","require-sri","warning","1","L5: SRI ""integrity"" attribute is required on <script> element","https://html-validate.org/rules/require-sri.html"
"https://www.centralpharmacy.clinic/conditions/erectile-dysfunction-private","html-validate","require-sri","warning","1","L5: SRI ""integrity"" attribute is required on <script> element","https://html-validate.org/rules/require-sri.html"
"https://www.centralpharmacy.clinic/conditions/erectile-dysfunction-private","html-validate","require-sri","warning","1","L5: SRI ""integrity"" attribute is required on <script> element","https://html-validate.org/rules/require-sri.html"
"https://www.centralpharmacy.clinic/conditions/erectile-dysfunction-private","html-validate","require-sri","warning","1","L5: SRI ""integrity"" attribute is required on <link> element","https://html-validate.org/rules/require-sri.html"
"https://www.centralpharmacy.clinic/conditions/erectile-dysfunction-private","html-validate","require-sri","warning","1","L5: SRI ""integrity"" attribute is required on <script> element","https://html-validate.org/rules/require-sri.html"
"https://www.centralpharmacy.clinic/conditions/erectile-dysfunction-private","html-validate","heading-level","error","1","L5: Heading level can only increase by one, expected <h2> but got <h3>","https://html-validate.org/rules/heading-level.html"
"https://www.centralpharmacy.clinic/conditions/erectile-dysfunction-private","html-validate","input-missing-label","error","1","L5: <input> element does not have a <label>","https://html-validate.org/rules/input-missing-label.html"
"https://www.centralpharmacy.clinic/conditions/erectile-dysfunction-private","html-validate","input-missing-label","error","1","L5: <input> element does not have a <label>","https://html-validate.org/rules/input-missing-label.html"
"https://www.centralpharmacy.clinic/conditions/erectile-dysfunction-private","html-validate","input-missing-label","error","1","L5: <input> element does not have a <label>","https://html-validate.org/rules/input-missing-label.html"
"https://www.centralpharmacy.clinic/conditions/erectile-dysfunction-private","html-validate","input-missing-label","error","1","L5: <input> element does not have a <label>","https://html-validate.org/rules/input-missing-label.html"
"https://www.centralpharmacy.clinic/conditions/erectile-dysfunction-private","html-validate","input-missing-label","error","1","L5: <input> element does not have a <label>","https://html-validate.org/rules/input-missing-label.html"
"https://www.centralpharmacy.clinic/conditions/erectile-dysfunction-private","html-validate","input-missing-label","error","1","L5: <input> element does not have a <label>","https://html-validate.org/rules/input-missing-label.html"
"https://www.centralpharmacy.clinic/conditions/erectile-dysfunction-private","html-validate","require-sri","warning","1","L5: SRI ""integrity"" attribute is required on <script> element","https://html-validate.org/rules/require-sri.html"
"https://www.centralpharmacy.clinic/conditions/flu-vaccination-private","axe","color-contrast","serious","2","Elements must meet minimum color contrast ratio thresholds","https://dequeuniversity.com/rules/axe/4.13/color-contrast?application=playwright"
"https://www.centralpharmacy.clinic/conditions/flu-vaccination-private","axe","heading-order","moderate","1","Heading levels should only increase by one","https://dequeuniversity.com/rules/axe/4.13/heading-order?application=playwright"
"https://www.centralpharmacy.clinic/conditions/flu-vaccination-private","axe","landmark-one-main","moderate","1","Document should have one main landmark","https://dequeuniversity.com/rules/axe/4.13/landmark-one-main?application=playwright"
"https://www.centralpharmacy.clinic/conditions/flu-vaccination-private","axe","region","moderate","20","All page content should be contained by landmarks","https://dequeuniversity.com/rules/axe/4.13/region?application=playwright"
"https://www.centralpharmacy.clinic/conditions/flu-vaccination-private","structure","heading-skip","warning","1","Heading levels skipped: h1 → h3 (""Patient information"")",""
"https://www.centralpharmacy.clinic/conditions/flu-vaccination-private","structure","landmark-main-missing","warning","1","No <main> landmark",""
"https://www.centralpharmacy.clinic/conditions/flu-vaccination-private","structure","skip-link-missing","notice","1","No ""skip to content"" link",""
"https://www.centralpharmacy.clinic/conditions/flu-vaccination-private","structure","new-tab-no-warning","notice","1","1 links open new tab without warning",""
"https://www.centralpharmacy.clinic/conditions/flu-vaccination-private","structure","img-no-dimensions","notice","1","1 images without width/height (CLS risk)",""
"https://www.centralpharmacy.clinic/conditions/flu-vaccination-private","html-validate","require-sri","warning","1","L5: SRI ""integrity"" attribute is required on <link> element","https://html-validate.org/rules/require-sri.html"
"https://www.centralpharmacy.clinic/conditions/flu-vaccination-private","html-validate","require-sri","warning","1","L5: SRI ""integrity"" attribute is required on <script> element","https://html-validate.org/rules/require-sri.html"
"https://www.centralpharmacy.clinic/conditions/flu-vaccination-private","html-validate","require-sri","warning","1","L5: SRI ""integrity"" attribute is required on <script> element","https://html-validate.org/rules/require-sri.html"
"https://www.centralpharmacy.clinic/conditions/flu-vaccination-private","html-validate","require-sri","warning","1","L5: SRI ""integrity"" attribute is required on <script> element","https://html-validate.org/rules/require-sri.html"
"https://www.centralpharmacy.clinic/conditions/flu-vaccination-private","html-validate","require-sri","warning","1","L5: SRI ""integrity"" attribute is required on <script> element","https://html-validate.org/rules/require-sri.html"
"https://www.centralpharmacy.clinic/conditions/flu-vaccination-private","html-validate","require-sri","warning","1","L5: SRI ""integrity"" attribute is required on <script> element","https://html-validate.org/rules/require-sri.html"
"https://www.centralpharmacy.clinic/conditions/flu-vaccination-private","html-validate","require-sri","warning","1","L5: SRI ""integrity"" attribute is required on <script> element","https://html-validate.org/rules/require-sri.html"
"https://www.centralpharmacy.clinic/conditions/flu-vaccination-private","html-validate","require-sri","warning","1","L5: SRI ""integrity"" attribute is required on <script> element","https://html-validate.org/rules/require-sri.html"
"https://www.centralpharmacy.clinic/conditions/flu-vaccination-private","html-validate","require-sri","warning","1","L5: SRI ""integrity"" attribute is required on <script> element","https://html-validate.org/rules/require-sri.html"
"https://www.centralpharmacy.clinic/conditions/flu-vaccination-private","html-validate","require-sri","warning","1","L5: SRI ""integrity"" attribute is required on <script> element","https://html-validate.org/rules/require-sri.html"
"https://www.centralpharmacy.clinic/conditions/flu-vaccination-private","html-validate","require-sri","warning","1","L5: SRI ""integrity"" attribute is required on <script> element","https://html-validate.org/rules/require-sri.html"
"https://www.centralpharmacy.clinic/conditions/flu-vaccination-private","html-validate","require-sri","warning","1","L5: SRI ""integrity"" attribute is required on <script> element","https://html-validate.org/rules/require-sri.html"
"https://www.centralpharmacy.clinic/conditions/flu-vaccination-private","html-validate","require-sri","warning","1","L5: SRI ""integrity"" attribute is required on <script> element","https://html-validate.org/rules/require-sri.html"
"https://www.centralpharmacy.clinic/conditions/flu-vaccination-private","html-validate","require-sri","warning","1","L5: SRI ""integrity"" attribute is required on <script> element","https://html-validate.org/rules/require-sri.html"
"https://www.centralpharmacy.clinic/conditions/flu-vaccination-private","html-validate","require-sri","warning","1","L5: SRI ""integrity"" attribute is required on <script> element","https://html-validate.org/rules/require-sri.html"
"https://www.centralpharmacy.clinic/conditions/flu-vaccination-private","html-validate","require-sri","warning","1","L5: SRI ""integrity"" attribute is required on <script> element","https://html-validate.org/rules/require-sri.html"
"https://www.centralpharmacy.clinic/conditions/flu-vaccination-private","html-validate","require-sri","warning","1","L5: SRI ""integrity"" attribute is required on <script> element","https://html-validate.org/rules/require-sri.html"
"https://www.centralpharmacy.clinic/conditions/flu-vaccination-private","html-validate","require-sri","warning","1","L5: SRI ""integrity"" attribute is required on <script> element","https://html-validate.org/rules/require-sri.html"
"https://www.centralpharmacy.clinic/conditions/flu-vaccination-private","html-validate","require-sri","warning","1","L5: SRI ""integrity"" attribute is required on <script> element","https://html-validate.org/rules/require-sri.html"
"https://www.centralpharmacy.clinic/conditions/flu-vaccination-private","html-validate","require-sri","warning","1","L5: SRI ""integrity"" attribute is required on <script> element","https://html-validate.org/rules/require-sri.html"
"https://www.centralpharmacy.clinic/conditions/flu-vaccination-private","html-validate","require-sri","warning","1","L5: SRI ""integrity"" attribute is required on <script> element","https://html-validate.org/rules/require-sri.html"
"https://www.centralpharmacy.clinic/conditions/flu-vaccination-private","html-validate","require-sri","warning","1","L5: SRI ""integrity"" attribute is required on <script> element","https://html-validate.org/rules/require-sri.html"
"https://www.centralpharmacy.clinic/conditions/flu-vaccination-private","html-validate","require-sri","warning","1","L5: SRI ""integrity"" attribute is required on <script> element","https://html-validate.org/rules/require-sri.html"
"https://www.centralpharmacy.clinic/conditions/flu-vaccination-private","html-validate","require-sri","warning","1","L5: SRI ""integrity"" attribute is required on <script> element","https://html-validate.org/rules/require-sri.html"
"https://www.centralpharmacy.clinic/conditions/flu-vaccination-private","html-validate","require-sri","warning","1","L5: SRI ""integrity"" attribute is required on <script> element","https://html-validate.org/rules/require-sri.html"
"https://www.centralpharmacy.clinic/conditions/flu-vaccination-private","html-validate","require-sri","warning","1","L5: SRI ""integrity"" attribute is required on <link> element","https://html-validate.org/rules/require-sri.html"
"https://www.centralpharmacy.clinic/conditions/flu-vaccination-private","html-validate","require-sri","warning","1","L5: SRI ""integrity"" attribute is required on <script> element","https://html-validate.org/rules/require-sri.html"
"https://www.centralpharmacy.clinic/conditions/flu-vaccination-private","html-validate","heading-level","error","1","L5: Heading level can only increase by one, expected <h2> but got <h3>","https://html-validate.org/rules/heading-level.html"
"https://www.centralpharmacy.clinic/conditions/flu-vaccination-private","html-validate","input-missing-label","error","1","L5: <input> element does not have a <label>","https://html-validate.org/rules/input-missing-label.html"
"https://www.centralpharmacy.clinic/conditions/flu-vaccination-private","html-validate","input-missing-label","error","1","L5: <input> element does not have a <label>","https://html-validate.org/rules/input-missing-label.html"
"https://www.centralpharmacy.clinic/conditions/flu-vaccination-private","html-validate","input-missing-label","error","1","L5: <input> element does not have a <label>","https://html-validate.org/rules/input-missing-label.html"
"https://www.centralpharmacy.clinic/conditions/flu-vaccination-private","html-validate","input-missing-label","error","1","L5: <input> element does not have a <label>","https://html-validate.org/rules/input-missing-label.html"
"https://www.centralpharmacy.clinic/conditions/flu-vaccination-private","html-validate","input-missing-label","error","1","L5: <input> element does not have a <label>","https://html-validate.org/rules/input-missing-label.html"
"https://www.centralpharmacy.clinic/conditions/flu-vaccination-private","html-validate","input-missing-label","error","1","L5: <input> element does not have a <label>","https://html-validate.org/rules/input-missing-label.html"
"https://www.centralpharmacy.clinic/conditions/flu-vaccination-private","html-validate","require-sri","warning","1","L5: SRI ""integrity"" attribute is required on <script> element","https://html-validate.org/rules/require-sri.html"
"https://www.centralpharmacy.clinic/conditions/hepatitis-a-vaccination-private","axe","color-contrast","serious","2","Elements must meet minimum color contrast ratio thresholds","https://dequeuniversity.com/rules/axe/4.13/color-contrast?application=playwright"
"https://www.centralpharmacy.clinic/conditions/hepatitis-a-vaccination-private","axe","heading-order","moderate","1","Heading levels should only increase by one","https://dequeuniversity.com/rules/axe/4.13/heading-order?application=playwright"
"https://www.centralpharmacy.clinic/conditions/hepatitis-a-vaccination-private","axe","landmark-one-main","moderate","1","Document should have one main landmark","https://dequeuniversity.com/rules/axe/4.13/landmark-one-main?application=playwright"
"https://www.centralpharmacy.clinic/conditions/hepatitis-a-vaccination-private","axe","region","moderate","20","All page content should be contained by landmarks","https://dequeuniversity.com/rules/axe/4.13/region?application=playwright"
"https://www.centralpharmacy.clinic/conditions/hepatitis-a-vaccination-private","structure","heading-skip","warning","1","Heading levels skipped: h1 → h3 (""Patient information"")",""
"https://www.centralpharmacy.clinic/conditions/hepatitis-a-vaccination-private","structure","landmark-main-missing","warning","1","No <main> landmark",""
"https://www.centralpharmacy.clinic/conditions/hepatitis-a-vaccination-private","structure","skip-link-missing","notice","1","No ""skip to content"" link",""
"https://www.centralpharmacy.clinic/conditions/hepatitis-a-vaccination-private","structure","new-tab-no-warning","notice","1","1 links open new tab without warning",""
"https://www.centralpharmacy.clinic/conditions/hepatitis-a-vaccination-private","structure","img-no-dimensions","notice","1","1 images without width/height (CLS risk)",""
"https://www.centralpharmacy.clinic/conditions/hepatitis-a-vaccination-private","html-validate","require-sri","warning","1","L5: SRI ""integrity"" attribute is required on <link> element","https://html-validate.org/rules/require-sri.html"
"https://www.centralpharmacy.clinic/conditions/hepatitis-a-vaccination-private","html-validate","require-sri","warning","1","L5: SRI ""integrity"" attribute is required on <script> element","https://html-validate.org/rules/require-sri.html"
"https://www.centralpharmacy.clinic/conditions/hepatitis-a-vaccination-private","html-validate","require-sri","warning","1","L5: SRI ""integrity"" attribute is required on <script> element","https://html-validate.org/rules/require-sri.html"
"https://www.centralpharmacy.clinic/conditions/hepatitis-a-vaccination-private","html-validate","require-sri","warning","1","L5: SRI ""integrity"" attribute is required on <script> element","https://html-validate.org/rules/require-sri.html"
"https://www.centralpharmacy.clinic/conditions/hepatitis-a-vaccination-private","html-validate","require-sri","warning","1","L5: SRI ""integrity"" attribute is required on <script> element","https://html-validate.org/rules/require-sri.html"
"https://www.centralpharmacy.clinic/conditions/hepatitis-a-vaccination-private","html-validate","require-sri","warning","1","L5: SRI ""integrity"" attribute is required on <script> element","https://html-validate.org/rules/require-sri.html"
"https://www.centralpharmacy.clinic/conditions/hepatitis-a-vaccination-private","html-validate","require-sri","warning","1","L5: SRI ""integrity"" attribute is required on <script> element","https://html-validate.org/rules/require-sri.html"
"https://www.centralpharmacy.clinic/conditions/hepatitis-a-vaccination-private","html-validate","require-sri","warning","1","L5: SRI ""integrity"" attribute is required on <script> element","https://html-validate.org/rules/require-sri.html"
"https://www.centralpharmacy.clinic/conditions/hepatitis-a-vaccination-private","html-validate","require-sri","warning","1","L5: SRI ""integrity"" attribute is required on <script> element","https://html-validate.org/rules/require-sri.html"
"https://www.centralpharmacy.clinic/conditions/hepatitis-a-vaccination-private","html-validate","require-sri","warning","1","L5: SRI ""integrity"" attribute is required on <script> element","https://html-validate.org/rules/require-sri.html"
"https://www.centralpharmacy.clinic/conditions/hepatitis-a-vaccination-private","html-validate","require-sri","warning","1","L5: SRI ""integrity"" attribute is required on <script> element","https://html-validate.org/rules/require-sri.html"
"https://www.centralpharmacy.clinic/conditions/hepatitis-a-vaccination-private","html-validate","require-sri","warning","1","L5: SRI ""integrity"" attribute is required on <script> element","https://html-validate.org/rules/require-sri.html"
"https://www.centralpharmacy.clinic/conditions/hepatitis-a-vaccination-private","html-validate","require-sri","warning","1","L5: SRI ""integrity"" attribute is required on <script> element","https://html-validate.org/rules/require-sri.html"
"https://www.centralpharmacy.clinic/conditions/hepatitis-a-vaccination-private","html-validate","require-sri","warning","1","L5: SRI ""integrity"" attribute is required on <script> element","https://html-validate.org/rules/require-sri.html"
"https://www.centralpharmacy.clinic/conditions/hepatitis-a-vaccination-private","html-validate","require-sri","warning","1","L5: SRI ""integrity"" attribute is required on <script> element","https://html-validate.org/rules/require-sri.html"
"https://www.centralpharmacy.clinic/conditions/hepatitis-a-vaccination-private","html-validate","require-sri","warning","1","L5: SRI ""integrity"" attribute is required on <script> element","https://html-validate.org/rules/require-sri.html"
"https://www.centralpharmacy.clinic/conditions/hepatitis-a-vaccination-private","html-validate","require-sri","warning","1","L5: SRI ""integrity"" attribute is required on <script> element","https://html-validate.org/rules/require-sri.html"
"https://www.centralpharmacy.clinic/conditions/hepatitis-a-vaccination-private","html-validate","require-sri","warning","1","L5: SRI ""integrity"" attribute is required on <script> element","https://html-validate.org/rules/require-sri.html"
"https://www.centralpharmacy.clinic/conditions/hepatitis-a-vaccination-private","html-validate","require-sri","warning","1","L5: SRI ""integrity"" attribute is required on <script> element","https://html-validate.org/rules/require-sri.html"
"https://www.centralpharmacy.clinic/conditions/hepatitis-a-vaccination-private","html-validate","require-sri","warning","1","L5: SRI ""integrity"" attribute is required on <script> element","https://html-validate.org/rules/require-sri.html"
"https://www.centralpharmacy.clinic/conditions/hepatitis-a-vaccination-private","html-validate","require-sri","warning","1","L5: SRI ""integrity"" attribute is required on <script> element","https://html-validate.org/rules/require-sri.html"
"https://www.centralpharmacy.clinic/conditions/hepatitis-a-vaccination-private","html-validate","require-sri","warning","1","L5: SRI ""integrity"" attribute is required on <script> element","https://html-validate.org/rules/require-sri.html"
"https://www.centralpharmacy.clinic/conditions/hepatitis-a-vaccination-private","html-validate","require-sri","warning","1","L5: SRI ""integrity"" attribute is required on <script> element","https://html-validate.org/rules/require-sri.html"
"https://www.centralpharmacy.clinic/conditions/hepatitis-a-vaccination-private","html-validate","require-sri","warning","1","L5: SRI ""integrity"" attribute is required on <script> element","https://html-validate.org/rules/require-sri.html"
"https://www.centralpharmacy.clinic/conditions/hepatitis-a-vaccination-private","html-validate","require-sri","warning","1","L5: SRI ""integrity"" attribute is required on <script> element","https://html-validate.org/rules/require-sri.html"
"https://www.centralpharmacy.clinic/conditions/hepatitis-a-vaccination-private","html-validate","require-sri","warning","1","L5: SRI ""integrity"" attribute is required on <link> element","https://html-validate.org/rules/require-sri.html"
"https://www.centralpharmacy.clinic/conditions/hepatitis-a-vaccination-private","html-validate","require-sri","warning","1","L5: SRI ""integrity"" attribute is required on <script> element","https://html-validate.org/rules/require-sri.html"
"https://www.centralpharmacy.clinic/conditions/hepatitis-a-vaccination-private","html-validate","heading-level","error","1","L5: Heading level can only increase by one, expected <h2> but got <h3>","https://html-validate.org/rules/heading-level.html"
"https://www.centralpharmacy.clinic/conditions/hepatitis-a-vaccination-private","html-validate","input-missing-label","error","1","L5: <input> element does not have a <label>","https://html-validate.org/rules/input-missing-label.html"
"https://www.centralpharmacy.clinic/conditions/hepatitis-a-vaccination-private","html-validate","input-missing-label","error","1","L5: <input> element does not have a <label>","https://html-validate.org/rules/input-missing-label.html"
"https://www.centralpharmacy.clinic/conditions/hepatitis-a-vaccination-private","html-validate","input-missing-label","error","1","L5: <input> element does not have a <label>","https://html-validate.org/rules/input-missing-label.html"
"https://www.centralpharmacy.clinic/conditions/hepatitis-a-vaccination-private","html-validate","input-missing-label","error","1","L5: <input> element does not have a <label>","https://html-validate.org/rules/input-missing-label.html"
"https://www.centralpharmacy.clinic/conditions/hepatitis-a-vaccination-private","html-validate","input-missing-label","error","1","L5: <input> element does not have a <label>","https://html-validate.org/rules/input-missing-label.html"
"https://www.centralpharmacy.clinic/conditions/hepatitis-a-vaccination-private","html-validate","input-missing-label","error","1","L5: <input> element does not have a <label>","https://html-validate.org/rules/input-missing-label.html"
"https://www.centralpharmacy.clinic/conditions/hepatitis-a-vaccination-private","html-validate","require-sri","warning","1","L5: SRI ""integrity"" attribute is required on <script> element","https://html-validate.org/rules/require-sri.html"
"https://www.centralpharmacy.clinic/conditions/hepatitis-a-b-vaccination-private","axe","color-contrast","serious","2","Elements must meet minimum color contrast ratio thresholds","https://dequeuniversity.com/rules/axe/4.13/color-contrast?application=playwright"
"https://www.centralpharmacy.clinic/conditions/hepatitis-a-b-vaccination-private","axe","heading-order","moderate","1","Heading levels should only increase by one","https://dequeuniversity.com/rules/axe/4.13/heading-order?application=playwright"
"https://www.centralpharmacy.clinic/conditions/hepatitis-a-b-vaccination-private","axe","landmark-one-main","moderate","1","Document should have one main landmark","https://dequeuniversity.com/rules/axe/4.13/landmark-one-main?application=playwright"
"https://www.centralpharmacy.clinic/conditions/hepatitis-a-b-vaccination-private","axe","region","moderate","20","All page content should be contained by landmarks","https://dequeuniversity.com/rules/axe/4.13/region?application=playwright"
"https://www.centralpharmacy.clinic/conditions/hepatitis-a-b-vaccination-private","structure","heading-skip","warning","1","Heading levels skipped: h1 → h3 (""Patient information"")",""
"https://www.centralpharmacy.clinic/conditions/hepatitis-a-b-vaccination-private","structure","landmark-main-missing","warning","1","No <main> landmark",""
"https://www.centralpharmacy.clinic/conditions/hepatitis-a-b-vaccination-private","structure","skip-link-missing","notice","1","No ""skip to content"" link",""
"https://www.centralpharmacy.clinic/conditions/hepatitis-a-b-vaccination-private","structure","new-tab-no-warning","notice","1","1 links open new tab without warning",""
"https://www.centralpharmacy.clinic/conditions/hepatitis-a-b-vaccination-private","structure","img-no-dimensions","notice","1","1 images without width/height (CLS risk)",""
"https://www.centralpharmacy.clinic/conditions/hepatitis-a-b-vaccination-private","html-validate","require-sri","warning","1","L5: SRI ""integrity"" attribute is required on <link> element","https://html-validate.org/rules/require-sri.html"
"https://www.centralpharmacy.clinic/conditions/hepatitis-a-b-vaccination-private","html-validate","require-sri","warning","1","L5: SRI ""integrity"" attribute is required on <script> element","https://html-validate.org/rules/require-sri.html"
"https://www.centralpharmacy.clinic/conditions/hepatitis-a-b-vaccination-private","html-validate","require-sri","warning","1","L5: SRI ""integrity"" attribute is required on <script> element","https://html-validate.org/rules/require-sri.html"
"https://www.centralpharmacy.clinic/conditions/hepatitis-a-b-vaccination-private","html-validate","require-sri","warning","1","L5: SRI ""integrity"" attribute is required on <script> element","https://html-validate.org/rules/require-sri.html"
"https://www.centralpharmacy.clinic/conditions/hepatitis-a-b-vaccination-private","html-validate","require-sri","warning","1","L5: SRI ""integrity"" attribute is required on <script> element","https://html-validate.org/rules/require-sri.html"
"https://www.centralpharmacy.clinic/conditions/hepatitis-a-b-vaccination-private","html-validate","require-sri","warning","1","L5: SRI ""integrity"" attribute is required on <script> element","https://html-validate.org/rules/require-sri.html"
"https://www.centralpharmacy.clinic/conditions/hepatitis-a-b-vaccination-private","html-validate","require-sri","warning","1","L5: SRI ""integrity"" attribute is required on <script> element","https://html-validate.org/rules/require-sri.html"
"https://www.centralpharmacy.clinic/conditions/hepatitis-a-b-vaccination-private","html-validate","require-sri","warning","1","L5: SRI ""integrity"" attribute is required on <script> element","https://html-validate.org/rules/require-sri.html"
"https://www.centralpharmacy.clinic/conditions/hepatitis-a-b-vaccination-private","html-validate","require-sri","warning","1","L5: SRI ""integrity"" attribute is required on <script> element","https://html-validate.org/rules/require-sri.html"
"https://www.centralpharmacy.clinic/conditions/hepatitis-a-b-vaccination-private","html-validate","require-sri","warning","1","L5: SRI ""integrity"" attribute is required on <script> element","https://html-validate.org/rules/require-sri.html"
"https://www.centralpharmacy.clinic/conditions/hepatitis-a-b-vaccination-private","html-validate","require-sri","warning","1","L5: SRI ""integrity"" attribute is required on <script> element","https://html-validate.org/rules/require-sri.html"
"https://www.centralpharmacy.clinic/conditions/hepatitis-a-b-vaccination-private","html-validate","require-sri","warning","1","L5: SRI ""integrity"" attribute is required on <script> element","https://html-validate.org/rules/require-sri.html"
"https://www.centralpharmacy.clinic/conditions/hepatitis-a-b-vaccination-private","html-validate","require-sri","warning","1","L5: SRI ""integrity"" attribute is required on <script> element","https://html-validate.org/rules/require-sri.html"
"https://www.centralpharmacy.clinic/conditions/hepatitis-a-b-vaccination-private","html-validate","require-sri","warning","1","L5: SRI ""integrity"" attribute is required on <script> element","https://html-validate.org/rules/require-sri.html"
"https://www.centralpharmacy.clinic/conditions/hepatitis-a-b-vaccination-private","html-validate","require-sri","warning","1","L5: SRI ""integrity"" attribute is required on <script> element","https://html-validate.org/rules/require-sri.html"
"https://www.centralpharmacy.clinic/conditions/hepatitis-a-b-vaccination-private","html-validate","require-sri","warning","1","L5: SRI ""integrity"" attribute is required on <script> element","https://html-validate.org/rules/require-sri.html"
"https://www.centralpharmacy.clinic/conditions/hepatitis-a-b-vaccination-private","html-validate","require-sri","warning","1","L5: SRI ""integrity"" attribute is required on <script> element","https://html-validate.org/rules/require-sri.html"
"https://www.centralpharmacy.clinic/conditions/hepatitis-a-b-vaccination-private","html-validate","require-sri","warning","1","L5: SRI ""integrity"" attribute is required on <script> element","https://html-validate.org/rules/require-sri.html"
"https://www.centralpharmacy.clinic/conditions/hepatitis-a-b-vaccination-private","html-validate","require-sri","warning","1","L5: SRI ""integrity"" attribute is required on <script> element","https://html-validate.org/rules/require-sri.html"
"https://www.centralpharmacy.clinic/conditions/hepatitis-a-b-vaccination-private","html-validate","require-sri","warning","1","L5: SRI ""integrity"" attribute is required on <script> element","https://html-validate.org/rules/require-sri.html"
"https://www.centralpharmacy.clinic/conditions/hepatitis-a-b-vaccination-private","html-validate","require-sri","warning","1","L5: SRI ""integrity"" attribute is required on <script> element","https://html-validate.org/rules/require-sri.html"
"https://www.centralpharmacy.clinic/conditions/hepatitis-a-b-vaccination-private","html-validate","require-sri","warning","1","L5: SRI ""integrity"" attribute is required on <script> element","https://html-validate.org/rules/require-sri.html"
"https://www.centralpharmacy.clinic/conditions/hepatitis-a-b-vaccination-private","html-validate","require-sri","warning","1","L5: SRI ""integrity"" attribute is required on <script> element","https://html-validate.org/rules/require-sri.html"
"https://www.centralpharmacy.clinic/conditions/hepatitis-a-b-vaccination-private","html-validate","require-sri","warning","1","L5: SRI ""integrity"" attribute is required on <script> element","https://html-validate.org/rules/require-sri.html"
"https://www.centralpharmacy.clinic/conditions/hepatitis-a-b-vaccination-private","html-validate","require-sri","warning","1","L5: SRI ""integrity"" attribute is required on <script> element","https://html-validate.org/rules/require-sri.html"
"https://www.centralpharmacy.clinic/conditions/hepatitis-a-b-vaccination-private","html-validate","require-sri","warning","1","L5: SRI ""integrity"" attribute is required on <link> element","https://html-validate.org/rules/require-sri.html"
"https://www.centralpharmacy.clinic/conditions/hepatitis-a-b-vaccination-private","html-validate","require-sri","warning","1","L5: SRI ""integrity"" attribute is required on <script> element","https://html-validate.org/rules/require-sri.html"
"https://www.centralpharmacy.clinic/conditions/hepatitis-a-b-vaccination-private","html-validate","heading-level","error","1","L5: Heading level can only increase by one, expected <h2> but got <h3>","https://html-validate.org/rules/heading-level.html"
"https://www.centralpharmacy.clinic/conditions/hepatitis-a-b-vaccination-private","html-validate","input-missing-label","error","1","L5: <input> element does not have a <label>","https://html-validate.org/rules/input-missing-label.html"
"https://www.centralpharmacy.clinic/conditions/hepatitis-a-b-vaccination-private","html-validate","input-missing-label","error","1","L5: <input> element does not have a <label>","https://html-validate.org/rules/input-missing-label.html"
"https://www.centralpharmacy.clinic/conditions/hepatitis-a-b-vaccination-private","html-validate","input-missing-label","error","1","L5: <input> element does not have a <label>","https://html-validate.org/rules/input-missing-label.html"
"https://www.centralpharmacy.clinic/conditions/hepatitis-a-b-vaccination-private","html-validate","input-missing-label","error","1","L5: <input> element does not have a <label>","https://html-validate.org/rules/input-missing-label.html"
"https://www.centralpharmacy.clinic/conditions/hepatitis-a-b-vaccination-private","html-validate","input-missing-label","error","1","L5: <input> element does not have a <label>","https://html-validate.org/rules/input-missing-label.html"
"https://www.centralpharmacy.clinic/conditions/hepatitis-a-b-vaccination-private","html-validate","input-missing-label","error","1","L5: <input> element does not have a <label>","https://html-validate.org/rules/input-missing-label.html"
"https://www.centralpharmacy.clinic/conditions/hepatitis-a-b-vaccination-private","html-validate","require-sri","warning","1","L5: SRI ""integrity"" attribute is required on <script> element","https://html-validate.org/rules/require-sri.html"
"https://www.centralpharmacy.clinic/conditions/hepatitis-b-occupational-private","axe","color-contrast","serious","2","Elements must meet minimum color contrast ratio thresholds","https://dequeuniversity.com/rules/axe/4.13/color-contrast?application=playwright"
"https://www.centralpharmacy.clinic/conditions/hepatitis-b-occupational-private","axe","heading-order","moderate","1","Heading levels should only increase by one","https://dequeuniversity.com/rules/axe/4.13/heading-order?application=playwright"
"https://www.centralpharmacy.clinic/conditions/hepatitis-b-occupational-private","axe","landmark-one-main","moderate","1","Document should have one main landmark","https://dequeuniversity.com/rules/axe/4.13/landmark-one-main?application=playwright"
"https://www.centralpharmacy.clinic/conditions/hepatitis-b-occupational-private","axe","region","moderate","20","All page content should be contained by landmarks","https://dequeuniversity.com/rules/axe/4.13/region?application=playwright"
"https://www.centralpharmacy.clinic/conditions/hepatitis-b-occupational-private","structure","heading-skip","warning","1","Heading levels skipped: h1 → h3 (""Patient information"")",""
"https://www.centralpharmacy.clinic/conditions/hepatitis-b-occupational-private","structure","landmark-main-missing","warning","1","No <main> landmark",""
"https://www.centralpharmacy.clinic/conditions/hepatitis-b-occupational-private","structure","skip-link-missing","notice","1","No ""skip to content"" link",""
"https://www.centralpharmacy.clinic/conditions/hepatitis-b-occupational-private","structure","new-tab-no-warning","notice","1","1 links open new tab without warning",""
"https://www.centralpharmacy.clinic/conditions/hepatitis-b-occupational-private","structure","img-no-dimensions","notice","1","1 images without width/height (CLS risk)",""
"https://www.centralpharmacy.clinic/conditions/hepatitis-b-occupational-private","html-validate","require-sri","warning","1","L5: SRI ""integrity"" attribute is required on <link> element","https://html-validate.org/rules/require-sri.html"
"https://www.centralpharmacy.clinic/conditions/hepatitis-b-occupational-private","html-validate","require-sri","warning","1","L5: SRI ""integrity"" attribute is required on <script> element","https://html-validate.org/rules/require-sri.html"
"https://www.centralpharmacy.clinic/conditions/hepatitis-b-occupational-private","html-validate","require-sri","warning","1","L5: SRI ""integrity"" attribute is required on <script> element","https://html-validate.org/rules/require-sri.html"
"https://www.centralpharmacy.clinic/conditions/hepatitis-b-occupational-private","html-validate","require-sri","warning","1","L5: SRI ""integrity"" attribute is required on <script> element","https://html-validate.org/rules/require-sri.html"
"https://www.centralpharmacy.clinic/conditions/hepatitis-b-occupational-private","html-validate","require-sri","warning","1","L5: SRI ""integrity"" attribute is required on <script> element","https://html-validate.org/rules/require-sri.html"
"https://www.centralpharmacy.clinic/conditions/hepatitis-b-occupational-private","html-validate","require-sri","warning","1","L5: SRI ""integrity"" attribute is required on <script> element","https://html-validate.org/rules/require-sri.html"
"https://www.centralpharmacy.clinic/conditions/hepatitis-b-occupational-private","html-validate","require-sri","warning","1","L5: SRI ""integrity"" attribute is required on <script> element","https://html-validate.org/rules/require-sri.html"
"https://www.centralpharmacy.clinic/conditions/hepatitis-b-occupational-private","html-validate","require-sri","warning","1","L5: SRI ""integrity"" attribute is required on <script> element","https://html-validate.org/rules/require-sri.html"
"https://www.centralpharmacy.clinic/conditions/hepatitis-b-occupational-private","html-validate","require-sri","warning","1","L5: SRI ""integrity"" attribute is required on <script> element","https://html-validate.org/rules/require-sri.html"
"https://www.centralpharmacy.clinic/conditions/hepatitis-b-occupational-private","html-validate","require-sri","warning","1","L5: SRI ""integrity"" attribute is required on <script> element","https://html-validate.org/rules/require-sri.html"
"https://www.centralpharmacy.clinic/conditions/hepatitis-b-occupational-private","html-validate","require-sri","warning","1","L5: SRI ""integrity"" attribute is required on <script> element","https://html-validate.org/rules/require-sri.html"
"https://www.centralpharmacy.clinic/conditions/hepatitis-b-occupational-private","html-validate","require-sri","warning","1","L5: SRI ""integrity"" attribute is required on <script> element","https://html-validate.org/rules/require-sri.html"
"https://www.centralpharmacy.clinic/conditions/hepatitis-b-occupational-private","html-validate","require-sri","warning","1","L5: SRI ""integrity"" attribute is required on <script> element","https://html-validate.org/rules/require-sri.html"
"https://www.centralpharmacy.clinic/conditions/hepatitis-b-occupational-private","html-validate","require-sri","warning","1","L5: SRI ""integrity"" attribute is required on <script> element","https://html-validate.org/rules/require-sri.html"
"https://www.centralpharmacy.clinic/conditions/hepatitis-b-occupational-private","html-validate","require-sri","warning","1","L5: SRI ""integrity"" attribute is required on <script> element","https://html-validate.org/rules/require-sri.html"
"https://www.centralpharmacy.clinic/conditions/hepatitis-b-occupational-private","html-validate","require-sri","warning","1","L5: SRI ""integrity"" attribute is required on <script> element","https://html-validate.org/rules/require-sri.html"
"https://www.centralpharmacy.clinic/conditions/hepatitis-b-occupational-private","html-validate","require-sri","warning","1","L5: SRI ""integrity"" attribute is required on <script> element","https://html-validate.org/rules/require-sri.html"
"https://www.centralpharmacy.clinic/conditions/hepatitis-b-occupational-private","html-validate","require-sri","warning","1","L5: SRI ""integrity"" attribute is required on <script> element","https://html-validate.org/rules/require-sri.html"
"https://www.centralpharmacy.clinic/conditions/hepatitis-b-occupational-private","html-validate","require-sri","warning","1","L5: SRI ""integrity"" attribute is required on <script> element","https://html-validate.org/rules/require-sri.html"
"https://www.centralpharmacy.clinic/conditions/hepatitis-b-occupational-private","html-validate","require-sri","warning","1","L5: SRI ""integrity"" attribute is required on <script> element","https://html-validate.org/rules/require-sri.html"
"https://www.centralpharmacy.clinic/conditions/hepatitis-b-occupational-private","html-validate","require-sri","warning","1","L5: SRI ""integrity"" attribute is required on <script> element","https://html-validate.org/rules/require-sri.html"
"https://www.centralpharmacy.clinic/conditions/hepatitis-b-occupational-private","html-validate","require-sri","warning","1","L5: SRI ""integrity"" attribute is required on <script> element","https://html-validate.org/rules/require-sri.html"
"https://www.centralpharmacy.clinic/conditions/hepatitis-b-occupational-private","html-validate","require-sri","warning","1","L5: SRI ""integrity"" attribute is required on <script> element","https://html-validate.org/rules/require-sri.html"
"https://www.centralpharmacy.clinic/conditions/hepatitis-b-occupational-private","html-validate","require-sri","warning","1","L5: SRI ""integrity"" attribute is required on <script> element","https://html-validate.org/rules/require-sri.html"
"https://www.centralpharmacy.clinic/conditions/hepatitis-b-occupational-private","html-validate","require-sri","warning","1","L5: SRI ""integrity"" attribute is required on <script> element","https://html-validate.org/rules/require-sri.html"
"https://www.centralpharmacy.clinic/conditions/hepatitis-b-occupational-private","html-validate","require-sri","warning","1","L5: SRI ""integrity"" attribute is required on <link> element","https://html-validate.org/rules/require-sri.html"
"https://www.centralpharmacy.clinic/conditions/hepatitis-b-occupational-private","html-validate","require-sri","warning","1","L5: SRI ""integrity"" attribute is required on <script> element","https://html-validate.org/rules/require-sri.html"
"https://www.centralpharmacy.clinic/conditions/hepatitis-b-occupational-private","html-validate","heading-level","error","1","L5: Heading level can only increase by one, expected <h2> but got <h3>","https://html-validate.org/rules/heading-level.html"
"https://www.centralpharmacy.clinic/conditions/hepatitis-b-occupational-private","html-validate","input-missing-label","error","1","L5: <input> element does not have a <label>","https://html-validate.org/rules/input-missing-label.html"
"https://www.centralpharmacy.clinic/conditions/hepatitis-b-occupational-private","html-validate","input-missing-label","error","1","L5: <input> element does not have a <label>","https://html-validate.org/rules/input-missing-label.html"
"https://www.centralpharmacy.clinic/conditions/hepatitis-b-occupational-private","html-validate","input-missing-label","error","1","L5: <input> element does not have a <label>","https://html-validate.org/rules/input-missing-label.html"
"https://www.centralpharmacy.clinic/conditions/hepatitis-b-occupational-private","html-validate","input-missing-label","error","1","L5: <input> element does not have a <label>","https://html-validate.org/rules/input-missing-label.html"
"https://www.centralpharmacy.clinic/conditions/hepatitis-b-occupational-private","html-validate","input-missing-label","error","1","L5: <input> element does not have a <label>","https://html-validate.org/rules/input-missing-label.html"
"https://www.centralpharmacy.clinic/conditions/hepatitis-b-occupational-private","html-validate","input-missing-label","error","1","L5: <input> element does not have a <label>","https://html-validate.org/rules/input-missing-label.html"
"https://www.centralpharmacy.clinic/conditions/hepatitis-b-occupational-private","html-validate","require-sri","warning","1","L5: SRI ""integrity"" attribute is required on <script> element","https://html-validate.org/rules/require-sri.html"
"https://www.centralpharmacy.clinic/conditions/hepatitis-b-vaccination-private","axe","color-contrast","serious","2","Elements must meet minimum color contrast ratio thresholds","https://dequeuniversity.com/rules/axe/4.13/color-contrast?application=playwright"
"https://www.centralpharmacy.clinic/conditions/hepatitis-b-vaccination-private","axe","heading-order","moderate","1","Heading levels should only increase by one","https://dequeuniversity.com/rules/axe/4.13/heading-order?application=playwright"
"https://www.centralpharmacy.clinic/conditions/hepatitis-b-vaccination-private","axe","landmark-one-main","moderate","1","Document should have one main landmark","https://dequeuniversity.com/rules/axe/4.13/landmark-one-main?application=playwright"
"https://www.centralpharmacy.clinic/conditions/hepatitis-b-vaccination-private","axe","region","moderate","20","All page content should be contained by landmarks","https://dequeuniversity.com/rules/axe/4.13/region?application=playwright"
"https://www.centralpharmacy.clinic/conditions/hepatitis-b-vaccination-private","structure","heading-skip","warning","1","Heading levels skipped: h1 → h3 (""Patient information"")",""
"https://www.centralpharmacy.clinic/conditions/hepatitis-b-vaccination-private","structure","landmark-main-missing","warning","1","No <main> landmark",""
"https://www.centralpharmacy.clinic/conditions/hepatitis-b-vaccination-private","structure","skip-link-missing","notice","1","No ""skip to content"" link",""
"https://www.centralpharmacy.clinic/conditions/hepatitis-b-vaccination-private","structure","new-tab-no-warning","notice","1","1 links open new tab without warning",""
"https://www.centralpharmacy.clinic/conditions/hepatitis-b-vaccination-private","structure","img-no-dimensions","notice","1","1 images without width/height (CLS risk)",""
"https://www.centralpharmacy.clinic/conditions/hepatitis-b-vaccination-private","html-validate","require-sri","warning","1","L5: SRI ""integrity"" attribute is required on <link> element","https://html-validate.org/rules/require-sri.html"
"https://www.centralpharmacy.clinic/conditions/hepatitis-b-vaccination-private","html-validate","require-sri","warning","1","L5: SRI ""integrity"" attribute is required on <script> element","https://html-validate.org/rules/require-sri.html"
"https://www.centralpharmacy.clinic/conditions/hepatitis-b-vaccination-private","html-validate","require-sri","warning","1","L5: SRI ""integrity"" attribute is required on <script> element","https://html-validate.org/rules/require-sri.html"
"https://www.centralpharmacy.clinic/conditions/hepatitis-b-vaccination-private","html-validate","require-sri","warning","1","L5: SRI ""integrity"" attribute is required on <script> element","https://html-validate.org/rules/require-sri.html"
"https://www.centralpharmacy.clinic/conditions/hepatitis-b-vaccination-private","html-validate","require-sri","warning","1","L5: SRI ""integrity"" attribute is required on <script> element","https://html-validate.org/rules/require-sri.html"
"https://www.centralpharmacy.clinic/conditions/hepatitis-b-vaccination-private","html-validate","require-sri","warning","1","L5: SRI ""integrity"" attribute is required on <script> element","https://html-validate.org/rules/require-sri.html"
"https://www.centralpharmacy.clinic/conditions/hepatitis-b-vaccination-private","html-validate","require-sri","warning","1","L5: SRI ""integrity"" attribute is required on <script> element","https://html-validate.org/rules/require-sri.html"
"https://www.centralpharmacy.clinic/conditions/hepatitis-b-vaccination-private","html-validate","require-sri","warning","1","L5: SRI ""integrity"" attribute is required on <script> element","https://html-validate.org/rules/require-sri.html"
"https://www.centralpharmacy.clinic/conditions/hepatitis-b-vaccination-private","html-validate","require-sri","warning","1","L5: SRI ""integrity"" attribute is required on <script> element","https://html-validate.org/rules/require-sri.html"
"https://www.centralpharmacy.clinic/conditions/hepatitis-b-vaccination-private","html-validate","require-sri","warning","1","L5: SRI ""integrity"" attribute is required on <script> element","https://html-validate.org/rules/require-sri.html"
"https://www.centralpharmacy.clinic/conditions/hepatitis-b-vaccination-private","html-validate","require-sri","warning","1","L5: SRI ""integrity"" attribute is required on <script> element","https://html-validate.org/rules/require-sri.html"
"https://www.centralpharmacy.clinic/conditions/hepatitis-b-vaccination-private","html-validate","require-sri","warning","1","L5: SRI ""integrity"" attribute is required on <script> element","https://html-validate.org/rules/require-sri.html"
"https://www.centralpharmacy.clinic/conditions/hepatitis-b-vaccination-private","html-validate","require-sri","warning","1","L5: SRI ""integrity"" attribute is required on <script> element","https://html-validate.org/rules/require-sri.html"
"https://www.centralpharmacy.clinic/conditions/hepatitis-b-vaccination-private","html-validate","require-sri","warning","1","L5: SRI ""integrity"" attribute is required on <script> element","https://html-validate.org/rules/require-sri.html"
"https://www.centralpharmacy.clinic/conditions/hepatitis-b-vaccination-private","html-validate","require-sri","warning","1","L5: SRI ""integrity"" attribute is required on <script> element","https://html-validate.org/rules/require-sri.html"
"https://www.centralpharmacy.clinic/conditions/hepatitis-b-vaccination-private","html-validate","require-sri","warning","1","L5: SRI ""integrity"" attribute is required on <script> element","https://html-validate.org/rules/require-sri.html"
"https://www.centralpharmacy.clinic/conditions/hepatitis-b-vaccination-private","html-validate","require-sri","warning","1","L5: SRI ""integrity"" attribute is required on <script> element","https://html-validate.org/rules/require-sri.html"
"https://www.centralpharmacy.clinic/conditions/hepatitis-b-vaccination-private","html-validate","require-sri","warning","1","L5: SRI ""integrity"" attribute is required on <script> element","https://html-validate.org/rules/require-sri.html"
"https://www.centralpharmacy.clinic/conditions/hepatitis-b-vaccination-private","html-validate","require-sri","warning","1","L5: SRI ""integrity"" attribute is required on <script> element","https://html-validate.org/rules/require-sri.html"
"https://www.centralpharmacy.clinic/conditions/hepatitis-b-vaccination-private","html-validate","require-sri","warning","1","L5: SRI ""integrity"" attribute is required on <script> element","https://html-validate.org/rules/require-sri.html"
"https://www.centralpharmacy.clinic/conditions/hepatitis-b-vaccination-private","html-validate","require-sri","warning","1","L5: SRI ""integrity"" attribute is required on <script> element","https://html-validate.org/rules/require-sri.html"
"https://www.centralpharmacy.clinic/conditions/hepatitis-b-vaccination-private","html-validate","require-sri","warning","1","L5: SRI ""integrity"" attribute is required on <script> element","https://html-validate.org/rules/require-sri.html"
"https://www.centralpharmacy.clinic/conditions/hepatitis-b-vaccination-private","html-validate","require-sri","warning","1","L5: SRI ""integrity"" attribute is required on <script> element","https://html-validate.org/rules/require-sri.html"
"https://www.centralpharmacy.clinic/conditions/hepatitis-b-vaccination-private","html-validate","require-sri","warning","1","L5: SRI ""integrity"" attribute is required on <script> element","https://html-validate.org/rules/require-sri.html"
"https://www.centralpharmacy.clinic/conditions/hepatitis-b-vaccination-private","html-validate","require-sri","warning","1","L5: SRI ""integrity"" attribute is required on <script> element","https://html-validate.org/rules/require-sri.html"
"https://www.centralpharmacy.clinic/conditions/hepatitis-b-vaccination-private","html-validate","require-sri","warning","1","L5: SRI ""integrity"" attribute is required on <link> element","https://html-validate.org/rules/require-sri.html"
"https://www.centralpharmacy.clinic/conditions/hepatitis-b-vaccination-private","html-validate","require-sri","warning","1","L5: SRI ""integrity"" attribute is required on <script> element","https://html-validate.org/rules/require-sri.html"
"https://www.centralpharmacy.clinic/conditions/hepatitis-b-vaccination-private","html-validate","heading-level","error","1","L5: Heading level can only increase by one, expected <h2> but got <h3>","https://html-validate.org/rules/heading-level.html"
"https://www.centralpharmacy.clinic/conditions/hepatitis-b-vaccination-private","html-validate","input-missing-label","error","1","L5: <input> element does not have a <label>","https://html-validate.org/rules/input-missing-label.html"
"https://www.centralpharmacy.clinic/conditions/hepatitis-b-vaccination-private","html-validate","input-missing-label","error","1","L5: <input> element does not have a <label>","https://html-validate.org/rules/input-missing-label.html"
"https://www.centralpharmacy.clinic/conditions/hepatitis-b-vaccination-private","html-validate","input-missing-label","error","1","L5: <input> element does not have a <label>","https://html-validate.org/rules/input-missing-label.html"
"https://www.centralpharmacy.clinic/conditions/hepatitis-b-vaccination-private","html-validate","input-missing-label","error","1","L5: <input> element does not have a <label>","https://html-validate.org/rules/input-missing-label.html"
"https://www.centralpharmacy.clinic/conditions/hepatitis-b-vaccination-private","html-validate","input-missing-label","error","1","L5: <input> element does not have a <label>","https://html-validate.org/rules/input-missing-label.html"
"https://www.centralpharmacy.clinic/conditions/hepatitis-b-vaccination-private","html-validate","input-missing-label","error","1","L5: <input> element does not have a <label>","https://html-validate.org/rules/input-missing-label.html"
"https://www.centralpharmacy.clinic/conditions/hepatitis-b-vaccination-private","html-validate","require-sri","warning","1","L5: SRI ""integrity"" attribute is required on <script> element","https://html-validate.org/rules/require-sri.html"
"https://www.centralpharmacy.clinic/conditions/impetigo-pf-nhs","axe","color-contrast","serious","2","Elements must meet minimum color contrast ratio thresholds","https://dequeuniversity.com/rules/axe/4.13/color-contrast?application=playwright"
"https://www.centralpharmacy.clinic/conditions/impetigo-pf-nhs","axe","heading-order","moderate","1","Heading levels should only increase by one","https://dequeuniversity.com/rules/axe/4.13/heading-order?application=playwright"
"https://www.centralpharmacy.clinic/conditions/impetigo-pf-nhs","axe","landmark-one-main","moderate","1","Document should have one main landmark","https://dequeuniversity.com/rules/axe/4.13/landmark-one-main?application=playwright"
"https://www.centralpharmacy.clinic/conditions/impetigo-pf-nhs","axe","region","moderate","20","All page content should be contained by landmarks","https://dequeuniversity.com/rules/axe/4.13/region?application=playwright"
"https://www.centralpharmacy.clinic/conditions/impetigo-pf-nhs","structure","heading-skip","warning","1","Heading levels skipped: h1 → h3 (""Patient information"")",""
"https://www.centralpharmacy.clinic/conditions/impetigo-pf-nhs","structure","landmark-main-missing","warning","1","No <main> landmark",""
"https://www.centralpharmacy.clinic/conditions/impetigo-pf-nhs","structure","skip-link-missing","notice","1","No ""skip to content"" link",""
"https://www.centralpharmacy.clinic/conditions/impetigo-pf-nhs","structure","new-tab-no-warning","notice","1","1 links open new tab without warning",""
"https://www.centralpharmacy.clinic/conditions/impetigo-pf-nhs","structure","img-no-dimensions","notice","1","1 images without width/height (CLS risk)",""
"https://www.centralpharmacy.clinic/conditions/impetigo-pf-nhs","html-validate","require-sri","warning","1","L5: SRI ""integrity"" attribute is required on <link> element","https://html-validate.org/rules/require-sri.html"
"https://www.centralpharmacy.clinic/conditions/impetigo-pf-nhs","html-validate","require-sri","warning","1","L5: SRI ""integrity"" attribute is required on <script> element","https://html-validate.org/rules/require-sri.html"
"https://www.centralpharmacy.clinic/conditions/impetigo-pf-nhs","html-validate","require-sri","warning","1","L5: SRI ""integrity"" attribute is required on <script> element","https://html-validate.org/rules/require-sri.html"
"https://www.centralpharmacy.clinic/conditions/impetigo-pf-nhs","html-validate","require-sri","warning","1","L5: SRI ""integrity"" attribute is required on <script> element","https://html-validate.org/rules/require-sri.html"
"https://www.centralpharmacy.clinic/conditions/impetigo-pf-nhs","html-validate","require-sri","warning","1","L5: SRI ""integrity"" attribute is required on <script> element","https://html-validate.org/rules/require-sri.html"
"https://www.centralpharmacy.clinic/conditions/impetigo-pf-nhs","html-validate","require-sri","warning","1","L5: SRI ""integrity"" attribute is required on <script> element","https://html-validate.org/rules/require-sri.html"
"https://www.centralpharmacy.clinic/conditions/impetigo-pf-nhs","html-validate","require-sri","warning","1","L5: SRI ""integrity"" attribute is required on <script> element","https://html-validate.org/rules/require-sri.html"
"https://www.centralpharmacy.clinic/conditions/impetigo-pf-nhs","html-validate","require-sri","warning","1","L5: SRI ""integrity"" attribute is required on <script> element","https://html-validate.org/rules/require-sri.html"
"https://www.centralpharmacy.clinic/conditions/impetigo-pf-nhs","html-validate","require-sri","warning","1","L5: SRI ""integrity"" attribute is required on <script> element","https://html-validate.org/rules/require-sri.html"
"https://www.centralpharmacy.clinic/conditions/impetigo-pf-nhs","html-validate","require-sri","warning","1","L5: SRI ""integrity"" attribute is required on <script> element","https://html-validate.org/rules/require-sri.html"
"https://www.centralpharmacy.clinic/conditions/impetigo-pf-nhs","html-validate","require-sri","warning","1","L5: SRI ""integrity"" attribute is required on <script> element","https://html-validate.org/rules/require-sri.html"
"https://www.centralpharmacy.clinic/conditions/impetigo-pf-nhs","html-validate","require-sri","warning","1","L5: SRI ""integrity"" attribute is required on <script> element","https://html-validate.org/rules/require-sri.html"
"https://www.centralpharmacy.clinic/conditions/impetigo-pf-nhs","html-validate","require-sri","warning","1","L5: SRI ""integrity"" attribute is required on <script> element","https://html-validate.org/rules/require-sri.html"
"https://www.centralpharmacy.clinic/conditions/impetigo-pf-nhs","html-validate","require-sri","warning","1","L5: SRI ""integrity"" attribute is required on <script> element","https://html-validate.org/rules/require-sri.html"
"https://www.centralpharmacy.clinic/conditions/impetigo-pf-nhs","html-validate","require-sri","warning","1","L5: SRI ""integrity"" attribute is required on <script> element","https://html-validate.org/rules/require-sri.html"
"https://www.centralpharmacy.clinic/conditions/impetigo-pf-nhs","html-validate","require-sri","warning","1","L5: SRI ""integrity"" attribute is required on <script> element","https://html-validate.org/rules/require-sri.html"
"https://www.centralpharmacy.clinic/conditions/impetigo-pf-nhs","html-validate","require-sri","warning","1","L5: SRI ""integrity"" attribute is required on <script> element","https://html-validate.org/rules/require-sri.html"
"https://www.centralpharmacy.clinic/conditions/impetigo-pf-nhs","html-validate","require-sri","warning","1","L5: SRI ""integrity"" attribute is required on <script> element","https://html-validate.org/rules/require-sri.html"
"https://www.centralpharmacy.clinic/conditions/impetigo-pf-nhs","html-validate","require-sri","warning","1","L5: SRI ""integrity"" attribute is required on <script> element","https://html-validate.org/rules/require-sri.html"
"https://www.centralpharmacy.clinic/conditions/impetigo-pf-nhs","html-validate","require-sri","warning","1","L5: SRI ""integrity"" attribute is required on <script> element","https://html-validate.org/rules/require-sri.html"
"https://www.centralpharmacy.clinic/conditions/impetigo-pf-nhs","html-validate","require-sri","warning","1","L5: SRI ""integrity"" attribute is required on <script> element","https://html-validate.org/rules/require-sri.html"
"https://www.centralpharmacy.clinic/conditions/impetigo-pf-nhs","html-validate","require-sri","warning","1","L5: SRI ""integrity"" attribute is required on <script> element","https://html-validate.org/rules/require-sri.html"
"https://www.centralpharmacy.clinic/conditions/impetigo-pf-nhs","html-validate","require-sri","warning","1","L5: SRI ""integrity"" attribute is required on <script> element","https://html-validate.org/rules/require-sri.html"
"https://www.centralpharmacy.clinic/conditions/impetigo-pf-nhs","html-validate","require-sri","warning","1","L5: SRI ""integrity"" attribute is required on <script> element","https://html-validate.org/rules/require-sri.html"
"https://www.centralpharmacy.clinic/conditions/impetigo-pf-nhs","html-validate","require-sri","warning","1","L5: SRI ""integrity"" attribute is required on <script> element","https://html-validate.org/rules/require-sri.html"
"https://www.centralpharmacy.clinic/conditions/impetigo-pf-nhs","html-validate","require-sri","warning","1","L5: SRI ""integrity"" attribute is required on <link> element","https://html-validate.org/rules/require-sri.html"
"https://www.centralpharmacy.clinic/conditions/impetigo-pf-nhs","html-validate","require-sri","warning","1","L5: SRI ""integrity"" attribute is required on <script> element","https://html-validate.org/rules/require-sri.html"
"https://www.centralpharmacy.clinic/conditions/impetigo-pf-nhs","html-validate","heading-level","error","1","L5: Heading level can only increase by one, expected <h2> but got <h3>","https://html-validate.org/rules/heading-level.html"
"https://www.centralpharmacy.clinic/conditions/impetigo-pf-nhs","html-validate","input-missing-label","error","1","L5: <input> element does not have a <label>","https://html-validate.org/rules/input-missing-label.html"
"https://www.centralpharmacy.clinic/conditions/impetigo-pf-nhs","html-validate","input-missing-label","error","1","L5: <input> element does not have a <label>","https://html-validate.org/rules/input-missing-label.html"
"https://www.centralpharmacy.clinic/conditions/impetigo-pf-nhs","html-validate","input-missing-label","error","1","L5: <input> element does not have a <label>","https://html-validate.org/rules/input-missing-label.html"
"https://www.centralpharmacy.clinic/conditions/impetigo-pf-nhs","html-validate","input-missing-label","error","1","L5: <input> element does not have a <label>","https://html-validate.org/rules/input-missing-label.html"
"https://www.centralpharmacy.clinic/conditions/impetigo-pf-nhs","html-validate","input-missing-label","error","1","L5: <input> element does not have a <label>","https://html-validate.org/rules/input-missing-label.html"
"https://www.centralpharmacy.clinic/conditions/impetigo-pf-nhs","html-validate","input-missing-label","error","1","L5: <input> element does not have a <label>","https://html-validate.org/rules/input-missing-label.html"
"https://www.centralpharmacy.clinic/conditions/impetigo-pf-nhs","html-validate","require-sri","warning","1","L5: SRI ""integrity"" attribute is required on <script> element","https://html-validate.org/rules/require-sri.html"
"https://www.centralpharmacy.clinic/conditions/hpv-private","axe","color-contrast","serious","2","Elements must meet minimum color contrast ratio thresholds","https://dequeuniversity.com/rules/axe/4.13/color-contrast?application=playwright"
"https://www.centralpharmacy.clinic/conditions/hpv-private","axe","heading-order","moderate","1","Heading levels should only increase by one","https://dequeuniversity.com/rules/axe/4.13/heading-order?application=playwright"
"https://www.centralpharmacy.clinic/conditions/hpv-private","axe","landmark-one-main","moderate","1","Document should have one main landmark","https://dequeuniversity.com/rules/axe/4.13/landmark-one-main?application=playwright"
"https://www.centralpharmacy.clinic/conditions/hpv-private","axe","region","moderate","20","All page content should be contained by landmarks","https://dequeuniversity.com/rules/axe/4.13/region?application=playwright"
"https://www.centralpharmacy.clinic/conditions/hpv-private","structure","heading-skip","warning","1","Heading levels skipped: h1 → h3 (""Patient information"")",""
"https://www.centralpharmacy.clinic/conditions/hpv-private","structure","landmark-main-missing","warning","1","No <main> landmark",""
"https://www.centralpharmacy.clinic/conditions/hpv-private","structure","skip-link-missing","notice","1","No ""skip to content"" link",""
"https://www.centralpharmacy.clinic/conditions/hpv-private","structure","new-tab-no-warning","notice","1","1 links open new tab without warning",""
"https://www.centralpharmacy.clinic/conditions/hpv-private","structure","img-no-dimensions","notice","1","1 images without width/height (CLS risk)",""
"https://www.centralpharmacy.clinic/conditions/hpv-private","html-validate","require-sri","warning","1","L5: SRI ""integrity"" attribute is required on <link> element","https://html-validate.org/rules/require-sri.html"
"https://www.centralpharmacy.clinic/conditions/hpv-private","html-validate","require-sri","warning","1","L5: SRI ""integrity"" attribute is required on <script> element","https://html-validate.org/rules/require-sri.html"
"https://www.centralpharmacy.clinic/conditions/hpv-private","html-validate","require-sri","warning","1","L5: SRI ""integrity"" attribute is required on <script> element","https://html-validate.org/rules/require-sri.html"
"https://www.centralpharmacy.clinic/conditions/hpv-private","html-validate","require-sri","warning","1","L5: SRI ""integrity"" attribute is required on <script> element","https://html-validate.org/rules/require-sri.html"
"https://www.centralpharmacy.clinic/conditions/hpv-private","html-validate","require-sri","warning","1","L5: SRI ""integrity"" attribute is required on <script> element","https://html-validate.org/rules/require-sri.html"
"https://www.centralpharmacy.clinic/conditions/hpv-private","html-validate","require-sri","warning","1","L5: SRI ""integrity"" attribute is required on <script> element","https://html-validate.org/rules/require-sri.html"
"https://www.centralpharmacy.clinic/conditions/hpv-private","html-validate","require-sri","warning","1","L5: SRI ""integrity"" attribute is required on <script> element","https://html-validate.org/rules/require-sri.html"
"https://www.centralpharmacy.clinic/conditions/hpv-private","html-validate","require-sri","warning","1","L5: SRI ""integrity"" attribute is required on <script> element","https://html-validate.org/rules/require-sri.html"
"https://www.centralpharmacy.clinic/conditions/hpv-private","html-validate","require-sri","warning","1","L5: SRI ""integrity"" attribute is required on <script> element","https://html-validate.org/rules/require-sri.html"
"https://www.centralpharmacy.clinic/conditions/hpv-private","html-validate","require-sri","warning","1","L5: SRI ""integrity"" attribute is required on <script> element","https://html-validate.org/rules/require-sri.html"
"https://www.centralpharmacy.clinic/conditions/hpv-private","html-validate","require-sri","warning","1","L5: SRI ""integrity"" attribute is required on <script> element","https://html-validate.org/rules/require-sri.html"
"https://www.centralpharmacy.clinic/conditions/hpv-private","html-validate","require-sri","warning","1","L5: SRI ""integrity"" attribute is required on <script> element","https://html-validate.org/rules/require-sri.html"
"https://www.centralpharmacy.clinic/conditions/hpv-private","html-validate","require-sri","warning","1","L5: SRI ""integrity"" attribute is required on <script> element","https://html-validate.org/rules/require-sri.html"
"https://www.centralpharmacy.clinic/conditions/hpv-private","html-validate","require-sri","warning","1","L5: SRI ""integrity"" attribute is required on <script> element","https://html-validate.org/rules/require-sri.html"
"https://www.centralpharmacy.clinic/conditions/hpv-private","html-validate","require-sri","warning","1","L5: SRI ""integrity"" attribute is required on <script> element","https://html-validate.org/rules/require-sri.html"
"https://www.centralpharmacy.clinic/conditions/hpv-private","html-validate","require-sri","warning","1","L5: SRI ""integrity"" attribute is required on <script> element","https://html-validate.org/rules/require-sri.html"
"https://www.centralpharmacy.clinic/conditions/hpv-private","html-validate","require-sri","warning","1","L5: SRI ""integrity"" attribute is required on <script> element","https://html-validate.org/rules/require-sri.html"
"https://www.centralpharmacy.clinic/conditions/hpv-private","html-validate","require-sri","warning","1","L5: SRI ""integrity"" attribute is required on <script> element","https://html-validate.org/rules/require-sri.html"
"https://www.centralpharmacy.clinic/conditions/hpv-private","html-validate","require-sri","warning","1","L5: SRI ""integrity"" attribute is required on <script> element","https://html-validate.org/rules/require-sri.html"
"https://www.centralpharmacy.clinic/conditions/hpv-private","html-validate","require-sri","warning","1","L5: SRI ""integrity"" attribute is required on <script> element","https://html-validate.org/rules/require-sri.html"
"https://www.centralpharmacy.clinic/conditions/hpv-private","html-validate","require-sri","warning","1","L5: SRI ""integrity"" attribute is required on <script> element","https://html-validate.org/rules/require-sri.html"
"https://www.centralpharmacy.clinic/conditions/hpv-private","html-validate","require-sri","warning","1","L5: SRI ""integrity"" attribute is required on <script> element","https://html-validate.org/rules/require-sri.html"
"https://www.centralpharmacy.clinic/conditions/hpv-private","html-validate","require-sri","warning","1","L5: SRI ""integrity"" attribute is required on <script> element","https://html-validate.org/rules/require-sri.html"
"https://www.centralpharmacy.clinic/conditions/hpv-private","html-validate","require-sri","warning","1","L5: SRI ""integrity"" attribute is required on <script> element","https://html-validate.org/rules/require-sri.html"
"https://www.centralpharmacy.clinic/conditions/hpv-private","html-validate","require-sri","warning","1","L5: SRI ""integrity"" attribute is required on <script> element","https://html-validate.org/rules/require-sri.html"
"https://www.centralpharmacy.clinic/conditions/hpv-private","html-validate","require-sri","warning","1","L5: SRI ""integrity"" attribute is required on <link> element","https://html-validate.org/rules/require-sri.html"
"https://www.centralpharmacy.clinic/conditions/hpv-private","html-validate","require-sri","warning","1","L5: SRI ""integrity"" attribute is required on <script> element","https://html-validate.org/rules/require-sri.html"
"https://www.centralpharmacy.clinic/conditions/hpv-private","html-validate","heading-level","error","1","L5: Heading level can only increase by one, expected <h2> but got <h3>","https://html-validate.org/rules/heading-level.html"
"https://www.centralpharmacy.clinic/conditions/hpv-private","html-validate","input-missing-label","error","1","L5: <input> element does not have a <label>","https://html-validate.org/rules/input-missing-label.html"
"https://www.centralpharmacy.clinic/conditions/hpv-private","html-validate","input-missing-label","error","1","L5: <input> element does not have a <label>","https://html-validate.org/rules/input-missing-label.html"
"https://www.centralpharmacy.clinic/conditions/hpv-private","html-validate","input-missing-label","error","1","L5: <input> element does not have a <label>","https://html-validate.org/rules/input-missing-label.html"
"https://www.centralpharmacy.clinic/conditions/hpv-private","html-validate","input-missing-label","error","1","L5: <input> element does not have a <label>","https://html-validate.org/rules/input-missing-label.html"
"https://www.centralpharmacy.clinic/conditions/hpv-private","html-validate","input-missing-label","error","1","L5: <input> element does not have a <label>","https://html-validate.org/rules/input-missing-label.html"
"https://www.centralpharmacy.clinic/conditions/hpv-private","html-validate","input-missing-label","error","1","L5: <input> element does not have a <label>","https://html-validate.org/rules/input-missing-label.html"
"https://www.centralpharmacy.clinic/conditions/hpv-private","html-validate","require-sri","warning","1","L5: SRI ""integrity"" attribute is required on <script> element","https://html-validate.org/rules/require-sri.html"
"https://www.centralpharmacy.clinic/conditions/infected-insect-bites-pf-nhs","axe","color-contrast","serious","2","Elements must meet minimum color contrast ratio thresholds","https://dequeuniversity.com/rules/axe/4.13/color-contrast?application=playwright"
"https://www.centralpharmacy.clinic/conditions/infected-insect-bites-pf-nhs","axe","heading-order","moderate","1","Heading levels should only increase by one","https://dequeuniversity.com/rules/axe/4.13/heading-order?application=playwright"
"https://www.centralpharmacy.clinic/conditions/infected-insect-bites-pf-nhs","axe","landmark-one-main","moderate","1","Document should have one main landmark","https://dequeuniversity.com/rules/axe/4.13/landmark-one-main?application=playwright"
"https://www.centralpharmacy.clinic/conditions/infected-insect-bites-pf-nhs","axe","region","moderate","20","All page content should be contained by landmarks","https://dequeuniversity.com/rules/axe/4.13/region?application=playwright"
"https://www.centralpharmacy.clinic/conditions/infected-insect-bites-pf-nhs","structure","heading-skip","warning","1","Heading levels skipped: h1 → h3 (""Patient information"")",""
"https://www.centralpharmacy.clinic/conditions/infected-insect-bites-pf-nhs","structure","landmark-main-missing","warning","1","No <main> landmark",""
"https://www.centralpharmacy.clinic/conditions/infected-insect-bites-pf-nhs","structure","skip-link-missing","notice","1","No ""skip to content"" link",""
"https://www.centralpharmacy.clinic/conditions/infected-insect-bites-pf-nhs","structure","new-tab-no-warning","notice","1","1 links open new tab without warning",""
"https://www.centralpharmacy.clinic/conditions/infected-insect-bites-pf-nhs","structure","img-no-dimensions","notice","1","1 images without width/height (CLS risk)",""
"https://www.centralpharmacy.clinic/conditions/infected-insect-bites-pf-nhs","html-validate","require-sri","warning","1","L5: SRI ""integrity"" attribute is required on <link> element","https://html-validate.org/rules/require-sri.html"
"https://www.centralpharmacy.clinic/conditions/infected-insect-bites-pf-nhs","html-validate","require-sri","warning","1","L5: SRI ""integrity"" attribute is required on <script> element","https://html-validate.org/rules/require-sri.html"
"https://www.centralpharmacy.clinic/conditions/infected-insect-bites-pf-nhs","html-validate","require-sri","warning","1","L5: SRI ""integrity"" attribute is required on <script> element","https://html-validate.org/rules/require-sri.html"
"https://www.centralpharmacy.clinic/conditions/infected-insect-bites-pf-nhs","html-validate","require-sri","warning","1","L5: SRI ""integrity"" attribute is required on <script> element","https://html-validate.org/rules/require-sri.html"
"https://www.centralpharmacy.clinic/conditions/infected-insect-bites-pf-nhs","html-validate","require-sri","warning","1","L5: SRI ""integrity"" attribute is required on <script> element","https://html-validate.org/rules/require-sri.html"
"https://www.centralpharmacy.clinic/conditions/infected-insect-bites-pf-nhs","html-validate","require-sri","warning","1","L5: SRI ""integrity"" attribute is required on <script> element","https://html-validate.org/rules/require-sri.html"
"https://www.centralpharmacy.clinic/conditions/infected-insect-bites-pf-nhs","html-validate","require-sri","warning","1","L5: SRI ""integrity"" attribute is required on <script> element","https://html-validate.org/rules/require-sri.html"
"https://www.centralpharmacy.clinic/conditions/infected-insect-bites-pf-nhs","html-validate","require-sri","warning","1","L5: SRI ""integrity"" attribute is required on <script> element","https://html-validate.org/rules/require-sri.html"
"https://www.centralpharmacy.clinic/conditions/infected-insect-bites-pf-nhs","html-validate","require-sri","warning","1","L5: SRI ""integrity"" attribute is required on <script> element","https://html-validate.org/rules/require-sri.html"
"https://www.centralpharmacy.clinic/conditions/infected-insect-bites-pf-nhs","html-validate","require-sri","warning","1","L5: SRI ""integrity"" attribute is required on <script> element","https://html-validate.org/rules/require-sri.html"
"https://www.centralpharmacy.clinic/conditions/infected-insect-bites-pf-nhs","html-validate","require-sri","warning","1","L5: SRI ""integrity"" attribute is required on <script> element","https://html-validate.org/rules/require-sri.html"
"https://www.centralpharmacy.clinic/conditions/infected-insect-bites-pf-nhs","html-validate","require-sri","warning","1","L5: SRI ""integrity"" attribute is required on <script> element","https://html-validate.org/rules/require-sri.html"
"https://www.centralpharmacy.clinic/conditions/infected-insect-bites-pf-nhs","html-validate","require-sri","warning","1","L5: SRI ""integrity"" attribute is required on <script> element","https://html-validate.org/rules/require-sri.html"
"https://www.centralpharmacy.clinic/conditions/infected-insect-bites-pf-nhs","html-validate","require-sri","warning","1","L5: SRI ""integrity"" attribute is required on <script> element","https://html-validate.org/rules/require-sri.html"
"https://www.centralpharmacy.clinic/conditions/infected-insect-bites-pf-nhs","html-validate","require-sri","warning","1","L5: SRI ""integrity"" attribute is required on <script> element","https://html-validate.org/rules/require-sri.html"
"https://www.centralpharmacy.clinic/conditions/infected-insect-bites-pf-nhs","html-validate","require-sri","warning","1","L5: SRI ""integrity"" attribute is required on <script> element","https://html-validate.org/rules/require-sri.html"
"https://www.centralpharmacy.clinic/conditions/infected-insect-bites-pf-nhs","html-validate","require-sri","warning","1","L5: SRI ""integrity"" attribute is required on <script> element","https://html-validate.org/rules/require-sri.html"
"https://www.centralpharmacy.clinic/conditions/infected-insect-bites-pf-nhs","html-validate","require-sri","warning","1","L5: SRI ""integrity"" attribute is required on <script> element","https://html-validate.org/rules/require-sri.html"
"https://www.centralpharmacy.clinic/conditions/infected-insect-bites-pf-nhs","html-validate","require-sri","warning","1","L5: SRI ""integrity"" attribute is required on <script> element","https://html-validate.org/rules/require-sri.html"
"https://www.centralpharmacy.clinic/conditions/infected-insect-bites-pf-nhs","html-validate","require-sri","warning","1","L5: SRI ""integrity"" attribute is required on <script> element","https://html-validate.org/rules/require-sri.html"
"https://www.centralpharmacy.clinic/conditions/infected-insect-bites-pf-nhs","html-validate","require-sri","warning","1","L5: SRI ""integrity"" attribute is required on <script> element","https://html-validate.org/rules/require-sri.html"
"https://www.centralpharmacy.clinic/conditions/infected-insect-bites-pf-nhs","html-validate","require-sri","warning","1","L5: SRI ""integrity"" attribute is required on <script> element","https://html-validate.org/rules/require-sri.html"
"https://www.centralpharmacy.clinic/conditions/infected-insect-bites-pf-nhs","html-validate","require-sri","warning","1","L5: SRI ""integrity"" attribute is required on <script> element","https://html-validate.org/rules/require-sri.html"
"https://www.centralpharmacy.clinic/conditions/infected-insect-bites-pf-nhs","html-validate","require-sri","warning","1","L5: SRI ""integrity"" attribute is required on <script> element","https://html-validate.org/rules/require-sri.html"
"https://www.centralpharmacy.clinic/conditions/infected-insect-bites-pf-nhs","html-validate","require-sri","warning","1","L5: SRI ""integrity"" attribute is required on <script> element","https://html-validate.org/rules/require-sri.html"
"https://www.centralpharmacy.clinic/conditions/infected-insect-bites-pf-nhs","html-validate","require-sri","warning","1","L5: SRI ""integrity"" attribute is required on <link> element","https://html-validate.org/rules/require-sri.html"
"https://www.centralpharmacy.clinic/conditions/infected-insect-bites-pf-nhs","html-validate","require-sri","warning","1","L5: SRI ""integrity"" attribute is required on <script> element","https://html-validate.org/rules/require-sri.html"
"https://www.centralpharmacy.clinic/conditions/infected-insect-bites-pf-nhs","html-validate","heading-level","error","1","L5: Heading level can only increase by one, expected <h2> but got <h3>","https://html-validate.org/rules/heading-level.html"
"https://www.centralpharmacy.clinic/conditions/infected-insect-bites-pf-nhs","html-validate","input-missing-label","error","1","L5: <input> element does not have a <label>","https://html-validate.org/rules/input-missing-label.html"
"https://www.centralpharmacy.clinic/conditions/infected-insect-bites-pf-nhs","html-validate","input-missing-label","error","1","L5: <input> element does not have a <label>","https://html-validate.org/rules/input-missing-label.html"
"https://www.centralpharmacy.clinic/conditions/infected-insect-bites-pf-nhs","html-validate","input-missing-label","error","1","L5: <input> element does not have a <label>","https://html-validate.org/rules/input-missing-label.html"
"https://www.centralpharmacy.clinic/conditions/infected-insect-bites-pf-nhs","html-validate","input-missing-label","error","1","L5: <input> element does not have a <label>","https://html-validate.org/rules/input-missing-label.html"
"https://www.centralpharmacy.clinic/conditions/infected-insect-bites-pf-nhs","html-validate","input-missing-label","error","1","L5: <input> element does not have a <label>","https://html-validate.org/rules/input-missing-label.html"
"https://www.centralpharmacy.clinic/conditions/infected-insect-bites-pf-nhs","html-validate","input-missing-label","error","1","L5: <input> element does not have a <label>","https://html-validate.org/rules/input-missing-label.html"
"https://www.centralpharmacy.clinic/conditions/infected-insect-bites-pf-nhs","html-validate","require-sri","warning","1","L5: SRI ""integrity"" attribute is required on <script> element","https://html-validate.org/rules/require-sri.html"
"https://www.centralpharmacy.clinic/conditions/japanese-encephalitis-vaccination-private","axe","color-contrast","serious","2","Elements must meet minimum color contrast ratio thresholds","https://dequeuniversity.com/rules/axe/4.13/color-contrast?application=playwright"
"https://www.centralpharmacy.clinic/conditions/japanese-encephalitis-vaccination-private","axe","heading-order","moderate","1","Heading levels should only increase by one","https://dequeuniversity.com/rules/axe/4.13/heading-order?application=playwright"
"https://www.centralpharmacy.clinic/conditions/japanese-encephalitis-vaccination-private","axe","landmark-one-main","moderate","1","Document should have one main landmark","https://dequeuniversity.com/rules/axe/4.13/landmark-one-main?application=playwright"
"https://www.centralpharmacy.clinic/conditions/japanese-encephalitis-vaccination-private","axe","region","moderate","20","All page content should be contained by landmarks","https://dequeuniversity.com/rules/axe/4.13/region?application=playwright"
"https://www.centralpharmacy.clinic/conditions/japanese-encephalitis-vaccination-private","structure","heading-skip","warning","1","Heading levels skipped: h1 → h3 (""Patient information"")",""
"https://www.centralpharmacy.clinic/conditions/japanese-encephalitis-vaccination-private","structure","landmark-main-missing","warning","1","No <main> landmark",""
"https://www.centralpharmacy.clinic/conditions/japanese-encephalitis-vaccination-private","structure","skip-link-missing","notice","1","No ""skip to content"" link",""
"https://www.centralpharmacy.clinic/conditions/japanese-encephalitis-vaccination-private","structure","new-tab-no-warning","notice","1","1 links open new tab without warning",""
"https://www.centralpharmacy.clinic/conditions/japanese-encephalitis-vaccination-private","structure","img-no-dimensions","notice","1","1 images without width/height (CLS risk)",""
"https://www.centralpharmacy.clinic/conditions/japanese-encephalitis-vaccination-private","html-validate","require-sri","warning","1","L5: SRI ""integrity"" attribute is required on <link> element","https://html-validate.org/rules/require-sri.html"
"https://www.centralpharmacy.clinic/conditions/japanese-encephalitis-vaccination-private","html-validate","require-sri","warning","1","L5: SRI ""integrity"" attribute is required on <script> element","https://html-validate.org/rules/require-sri.html"
"https://www.centralpharmacy.clinic/conditions/japanese-encephalitis-vaccination-private","html-validate","require-sri","warning","1","L5: SRI ""integrity"" attribute is required on <script> element","https://html-validate.org/rules/require-sri.html"
"https://www.centralpharmacy.clinic/conditions/japanese-encephalitis-vaccination-private","html-validate","require-sri","warning","1","L5: SRI ""integrity"" attribute is required on <script> element","https://html-validate.org/rules/require-sri.html"
"https://www.centralpharmacy.clinic/conditions/japanese-encephalitis-vaccination-private","html-validate","require-sri","warning","1","L5: SRI ""integrity"" attribute is required on <script> element","https://html-validate.org/rules/require-sri.html"
"https://www.centralpharmacy.clinic/conditions/japanese-encephalitis-vaccination-private","html-validate","require-sri","warning","1","L5: SRI ""integrity"" attribute is required on <script> element","https://html-validate.org/rules/require-sri.html"
"https://www.centralpharmacy.clinic/conditions/japanese-encephalitis-vaccination-private","html-validate","require-sri","warning","1","L5: SRI ""integrity"" attribute is required on <script> element","https://html-validate.org/rules/require-sri.html"
"https://www.centralpharmacy.clinic/conditions/japanese-encephalitis-vaccination-private","html-validate","require-sri","warning","1","L5: SRI ""integrity"" attribute is required on <script> element","https://html-validate.org/rules/require-sri.html"
"https://www.centralpharmacy.clinic/conditions/japanese-encephalitis-vaccination-private","html-validate","require-sri","warning","1","L5: SRI ""integrity"" attribute is required on <script> element","https://html-validate.org/rules/require-sri.html"
"https://www.centralpharmacy.clinic/conditions/japanese-encephalitis-vaccination-private","html-validate","require-sri","warning","1","L5: SRI ""integrity"" attribute is required on <script> element","https://html-validate.org/rules/require-sri.html"
"https://www.centralpharmacy.clinic/conditions/japanese-encephalitis-vaccination-private","html-validate","require-sri","warning","1","L5: SRI ""integrity"" attribute is required on <script> element","https://html-validate.org/rules/require-sri.html"
"https://www.centralpharmacy.clinic/conditions/japanese-encephalitis-vaccination-private","html-validate","require-sri","warning","1","L5: SRI ""integrity"" attribute is required on <script> element","https://html-validate.org/rules/require-sri.html"
"https://www.centralpharmacy.clinic/conditions/japanese-encephalitis-vaccination-private","html-validate","require-sri","warning","1","L5: SRI ""integrity"" attribute is required on <script> element","https://html-validate.org/rules/require-sri.html"
"https://www.centralpharmacy.clinic/conditions/japanese-encephalitis-vaccination-private","html-validate","require-sri","warning","1","L5: SRI ""integrity"" attribute is required on <script> element","https://html-validate.org/rules/require-sri.html"
"https://www.centralpharmacy.clinic/conditions/japanese-encephalitis-vaccination-private","html-validate","require-sri","warning","1","L5: SRI ""integrity"" attribute is required on <script> element","https://html-validate.org/rules/require-sri.html"
"https://www.centralpharmacy.clinic/conditions/japanese-encephalitis-vaccination-private","html-validate","require-sri","warning","1","L5: SRI ""integrity"" attribute is required on <script> element","https://html-validate.org/rules/require-sri.html"
"https://www.centralpharmacy.clinic/conditions/japanese-encephalitis-vaccination-private","html-validate","require-sri","warning","1","L5: SRI ""integrity"" attribute is required on <script> element","https://html-validate.org/rules/require-sri.html"
"https://www.centralpharmacy.clinic/conditions/japanese-encephalitis-vaccination-private","html-validate","require-sri","warning","1","L5: SRI ""integrity"" attribute is required on <script> element","https://html-validate.org/rules/require-sri.html"
"https://www.centralpharmacy.clinic/conditions/japanese-encephalitis-vaccination-private","html-validate","require-sri","warning","1","L5: SRI ""integrity"" attribute is required on <script> element","https://html-validate.org/rules/require-sri.html"
"https://www.centralpharmacy.clinic/conditions/japanese-encephalitis-vaccination-private","html-validate","require-sri","warning","1","L5: SRI ""integrity"" attribute is required on <script> element","https://html-validate.org/rules/require-sri.html"
"https://www.centralpharmacy.clinic/conditions/japanese-encephalitis-vaccination-private","html-validate","require-sri","warning","1","L5: SRI ""integrity"" attribute is required on <script> element","https://html-validate.org/rules/require-sri.html"
"https://www.centralpharmacy.clinic/conditions/japanese-encephalitis-vaccination-private","html-validate","require-sri","warning","1","L5: SRI ""integrity"" attribute is required on <script> element","https://html-validate.org/rules/require-sri.html"
"https://www.centralpharmacy.clinic/conditions/japanese-encephalitis-vaccination-private","html-validate","require-sri","warning","1","L5: SRI ""integrity"" attribute is required on <script> element","https://html-validate.org/rules/require-sri.html"
"https://www.centralpharmacy.clinic/conditions/japanese-encephalitis-vaccination-private","html-validate","require-sri","warning","1","L5: SRI ""integrity"" attribute is required on <script> element","https://html-validate.org/rules/require-sri.html"
"https://www.centralpharmacy.clinic/conditions/japanese-encephalitis-vaccination-private","html-validate","require-sri","warning","1","L5: SRI ""integrity"" attribute is required on <script> element","https://html-validate.org/rules/require-sri.html"
"https://www.centralpharmacy.clinic/conditions/japanese-encephalitis-vaccination-private","html-validate","require-sri","warning","1","L5: SRI ""integrity"" attribute is required on <link> element","https://html-validate.org/rules/require-sri.html"
"https://www.centralpharmacy.clinic/conditions/japanese-encephalitis-vaccination-private","html-validate","require-sri","warning","1","L5: SRI ""integrity"" attribute is required on <script> element","https://html-validate.org/rules/require-sri.html"
"https://www.centralpharmacy.clinic/conditions/japanese-encephalitis-vaccination-private","html-validate","heading-level","error","1","L5: Heading level can only increase by one, expected <h2> but got <h3>","https://html-validate.org/rules/heading-level.html"
"https://www.centralpharmacy.clinic/conditions/japanese-encephalitis-vaccination-private","html-validate","input-missing-label","error","1","L5: <input> element does not have a <label>","https://html-validate.org/rules/input-missing-label.html"
"https://www.centralpharmacy.clinic/conditions/japanese-encephalitis-vaccination-private","html-validate","input-missing-label","error","1","L5: <input> element does not have a <label>","https://html-validate.org/rules/input-missing-label.html"
"https://www.centralpharmacy.clinic/conditions/japanese-encephalitis-vaccination-private","html-validate","input-missing-label","error","1","L5: <input> element does not have a <label>","https://html-validate.org/rules/input-missing-label.html"
"https://www.centralpharmacy.clinic/conditions/japanese-encephalitis-vaccination-private","html-validate","input-missing-label","error","1","L5: <input> element does not have a <label>","https://html-validate.org/rules/input-missing-label.html"
"https://www.centralpharmacy.clinic/conditions/japanese-encephalitis-vaccination-private","html-validate","input-missing-label","error","1","L5: <input> element does not have a <label>","https://html-validate.org/rules/input-missing-label.html"
"https://www.centralpharmacy.clinic/conditions/japanese-encephalitis-vaccination-private","html-validate","input-missing-label","error","1","L5: <input> element does not have a <label>","https://html-validate.org/rules/input-missing-label.html"
"https://www.centralpharmacy.clinic/conditions/japanese-encephalitis-vaccination-private","html-validate","require-sri","warning","1","L5: SRI ""integrity"" attribute is required on <script> element","https://html-validate.org/rules/require-sri.html"
"https://www.centralpharmacy.clinic/conditions/malaria-private","axe","color-contrast","serious","2","Elements must meet minimum color contrast ratio thresholds","https://dequeuniversity.com/rules/axe/4.13/color-contrast?application=playwright"
"https://www.centralpharmacy.clinic/conditions/malaria-private","axe","heading-order","moderate","1","Heading levels should only increase by one","https://dequeuniversity.com/rules/axe/4.13/heading-order?application=playwright"
"https://www.centralpharmacy.clinic/conditions/malaria-private","axe","landmark-one-main","moderate","1","Document should have one main landmark","https://dequeuniversity.com/rules/axe/4.13/landmark-one-main?application=playwright"
"https://www.centralpharmacy.clinic/conditions/malaria-private","axe","region","moderate","20","All page content should be contained by landmarks","https://dequeuniversity.com/rules/axe/4.13/region?application=playwright"
"https://www.centralpharmacy.clinic/conditions/malaria-private","structure","heading-skip","warning","1","Heading levels skipped: h1 → h3 (""Patient information"")",""
"https://www.centralpharmacy.clinic/conditions/malaria-private","structure","landmark-main-missing","warning","1","No <main> landmark",""
"https://www.centralpharmacy.clinic/conditions/malaria-private","structure","skip-link-missing","notice","1","No ""skip to content"" link",""
"https://www.centralpharmacy.clinic/conditions/malaria-private","structure","new-tab-no-warning","notice","1","1 links open new tab without warning",""
"https://www.centralpharmacy.clinic/conditions/malaria-private","structure","img-no-dimensions","notice","1","1 images without width/height (CLS risk)",""
"https://www.centralpharmacy.clinic/conditions/malaria-private","html-validate","require-sri","warning","1","L5: SRI ""integrity"" attribute is required on <link> element","https://html-validate.org/rules/require-sri.html"
"https://www.centralpharmacy.clinic/conditions/malaria-private","html-validate","require-sri","warning","1","L5: SRI ""integrity"" attribute is required on <script> element","https://html-validate.org/rules/require-sri.html"
"https://www.centralpharmacy.clinic/conditions/malaria-private","html-validate","require-sri","warning","1","L5: SRI ""integrity"" attribute is required on <script> element","https://html-validate.org/rules/require-sri.html"
"https://www.centralpharmacy.clinic/conditions/malaria-private","html-validate","require-sri","warning","1","L5: SRI ""integrity"" attribute is required on <script> element","https://html-validate.org/rules/require-sri.html"
"https://www.centralpharmacy.clinic/conditions/malaria-private","html-validate","require-sri","warning","1","L5: SRI ""integrity"" attribute is required on <script> element","https://html-validate.org/rules/require-sri.html"
"https://www.centralpharmacy.clinic/conditions/malaria-private","html-validate","require-sri","warning","1","L5: SRI ""integrity"" attribute is required on <script> element","https://html-validate.org/rules/require-sri.html"
"https://www.centralpharmacy.clinic/conditions/malaria-private","html-validate","require-sri","warning","1","L5: SRI ""integrity"" attribute is required on <script> element","https://html-validate.org/rules/require-sri.html"
"https://www.centralpharmacy.clinic/conditions/malaria-private","html-validate","require-sri","warning","1","L5: SRI ""integrity"" attribute is required on <script> element","https://html-validate.org/rules/require-sri.html"
"https://www.centralpharmacy.clinic/conditions/malaria-private","html-validate","require-sri","warning","1","L5: SRI ""integrity"" attribute is required on <script> element","https://html-validate.org/rules/require-sri.html"
"https://www.centralpharmacy.clinic/conditions/malaria-private","html-validate","require-sri","warning","1","L5: SRI ""integrity"" attribute is required on <script> element","https://html-validate.org/rules/require-sri.html"
"https://www.centralpharmacy.clinic/conditions/malaria-private","html-validate","require-sri","warning","1","L5: SRI ""integrity"" attribute is required on <script> element","https://html-validate.org/rules/require-sri.html"
"https://www.centralpharmacy.clinic/conditions/malaria-private","html-validate","require-sri","warning","1","L5: SRI ""integrity"" attribute is required on <script> element","https://html-validate.org/rules/require-sri.html"
"https://www.centralpharmacy.clinic/conditions/malaria-private","html-validate","require-sri","warning","1","L5: SRI ""integrity"" attribute is required on <script> element","https://html-validate.org/rules/require-sri.html"
"https://www.centralpharmacy.clinic/conditions/malaria-private","html-validate","require-sri","warning","1","L5: SRI ""integrity"" attribute is required on <script> element","https://html-validate.org/rules/require-sri.html"
"https://www.centralpharmacy.clinic/conditions/malaria-private","html-validate","require-sri","warning","1","L5: SRI ""integrity"" attribute is required on <script> element","https://html-validate.org/rules/require-sri.html"
"https://www.centralpharmacy.clinic/conditions/malaria-private","html-validate","require-sri","warning","1","L5: SRI ""integrity"" attribute is required on <script> element","https://html-validate.org/rules/require-sri.html"
"https://www.centralpharmacy.clinic/conditions/malaria-private","html-validate","require-sri","warning","1","L5: SRI ""integrity"" attribute is required on <script> element","https://html-validate.org/rules/require-sri.html"
"https://www.centralpharmacy.clinic/conditions/malaria-private","html-validate","require-sri","warning","1","L5: SRI ""integrity"" attribute is required on <script> element","https://html-validate.org/rules/require-sri.html"
"https://www.centralpharmacy.clinic/conditions/malaria-private","html-validate","require-sri","warning","1","L5: SRI ""integrity"" attribute is required on <script> element","https://html-validate.org/rules/require-sri.html"
"https://www.centralpharmacy.clinic/conditions/malaria-private","html-validate","require-sri","warning","1","L5: SRI ""integrity"" attribute is required on <script> element","https://html-validate.org/rules/require-sri.html"
"https://www.centralpharmacy.clinic/conditions/malaria-private","html-validate","require-sri","warning","1","L5: SRI ""integrity"" attribute is required on <script> element","https://html-validate.org/rules/require-sri.html"
"https://www.centralpharmacy.clinic/conditions/malaria-private","html-validate","require-sri","warning","1","L5: SRI ""integrity"" attribute is required on <script> element","https://html-validate.org/rules/require-sri.html"
"https://www.centralpharmacy.clinic/conditions/malaria-private","html-validate","require-sri","warning","1","L5: SRI ""integrity"" attribute is required on <script> element","https://html-validate.org/rules/require-sri.html"
"https://www.centralpharmacy.clinic/conditions/malaria-private","html-validate","require-sri","warning","1","L5: SRI ""integrity"" attribute is required on <script> element","https://html-validate.org/rules/require-sri.html"
"https://www.centralpharmacy.clinic/conditions/malaria-private","html-validate","require-sri","warning","1","L5: SRI ""integrity"" attribute is required on <script> element","https://html-validate.org/rules/require-sri.html"
"https://www.centralpharmacy.clinic/conditions/malaria-private","html-validate","require-sri","warning","1","L5: SRI ""integrity"" attribute is required on <link> element","https://html-validate.org/rules/require-sri.html"
"https://www.centralpharmacy.clinic/conditions/malaria-private","html-validate","require-sri","warning","1","L5: SRI ""integrity"" attribute is required on <script> element","https://html-validate.org/rules/require-sri.html"
"https://www.centralpharmacy.clinic/conditions/malaria-private","html-validate","heading-level","error","1","L5: Heading level can only increase by one, expected <h2> but got <h3>","https://html-validate.org/rules/heading-level.html"
"https://www.centralpharmacy.clinic/conditions/malaria-private","html-validate","input-missing-label","error","1","L5: <input> element does not have a <label>","https://html-validate.org/rules/input-missing-label.html"
"https://www.centralpharmacy.clinic/conditions/malaria-private","html-validate","input-missing-label","error","1","L5: <input> element does not have a <label>","https://html-validate.org/rules/input-missing-label.html"
"https://www.centralpharmacy.clinic/conditions/malaria-private","html-validate","input-missing-label","error","1","L5: <input> element does not have a <label>","https://html-validate.org/rules/input-missing-label.html"
"https://www.centralpharmacy.clinic/conditions/malaria-private","html-validate","input-missing-label","error","1","L5: <input> element does not have a <label>","https://html-validate.org/rules/input-missing-label.html"
"https://www.centralpharmacy.clinic/conditions/malaria-private","html-validate","input-missing-label","error","1","L5: <input> element does not have a <label>","https://html-validate.org/rules/input-missing-label.html"
"https://www.centralpharmacy.clinic/conditions/malaria-private","html-validate","input-missing-label","error","1","L5: <input> element does not have a <label>","https://html-validate.org/rules/input-missing-label.html"
"https://www.centralpharmacy.clinic/conditions/malaria-private","html-validate","require-sri","warning","1","L5: SRI ""integrity"" attribute is required on <script> element","https://html-validate.org/rules/require-sri.html"
"https://www.centralpharmacy.clinic/conditions/menacwy-vaccination-private","axe","color-contrast","serious","2","Elements must meet minimum color contrast ratio thresholds","https://dequeuniversity.com/rules/axe/4.13/color-contrast?application=playwright"
"https://www.centralpharmacy.clinic/conditions/menacwy-vaccination-private","axe","heading-order","moderate","1","Heading levels should only increase by one","https://dequeuniversity.com/rules/axe/4.13/heading-order?application=playwright"
"https://www.centralpharmacy.clinic/conditions/menacwy-vaccination-private","axe","landmark-one-main","moderate","1","Document should have one main landmark","https://dequeuniversity.com/rules/axe/4.13/landmark-one-main?application=playwright"
"https://www.centralpharmacy.clinic/conditions/menacwy-vaccination-private","axe","region","moderate","20","All page content should be contained by landmarks","https://dequeuniversity.com/rules/axe/4.13/region?application=playwright"
"https://www.centralpharmacy.clinic/conditions/menacwy-vaccination-private","structure","heading-skip","warning","1","Heading levels skipped: h1 → h3 (""Patient information"")",""
"https://www.centralpharmacy.clinic/conditions/menacwy-vaccination-private","structure","landmark-main-missing","warning","1","No <main> landmark",""
"https://www.centralpharmacy.clinic/conditions/menacwy-vaccination-private","structure","skip-link-missing","notice","1","No ""skip to content"" link",""
"https://www.centralpharmacy.clinic/conditions/menacwy-vaccination-private","structure","new-tab-no-warning","notice","1","1 links open new tab without warning",""
"https://www.centralpharmacy.clinic/conditions/menacwy-vaccination-private","structure","img-no-dimensions","notice","1","1 images without width/height (CLS risk)",""
"https://www.centralpharmacy.clinic/conditions/menacwy-vaccination-private","html-validate","require-sri","warning","1","L5: SRI ""integrity"" attribute is required on <link> element","https://html-validate.org/rules/require-sri.html"
"https://www.centralpharmacy.clinic/conditions/menacwy-vaccination-private","html-validate","require-sri","warning","1","L5: SRI ""integrity"" attribute is required on <script> element","https://html-validate.org/rules/require-sri.html"
"https://www.centralpharmacy.clinic/conditions/menacwy-vaccination-private","html-validate","require-sri","warning","1","L5: SRI ""integrity"" attribute is required on <script> element","https://html-validate.org/rules/require-sri.html"
"https://www.centralpharmacy.clinic/conditions/menacwy-vaccination-private","html-validate","require-sri","warning","1","L5: SRI ""integrity"" attribute is required on <script> element","https://html-validate.org/rules/require-sri.html"
"https://www.centralpharmacy.clinic/conditions/menacwy-vaccination-private","html-validate","require-sri","warning","1","L5: SRI ""integrity"" attribute is required on <script> element","https://html-validate.org/rules/require-sri.html"
"https://www.centralpharmacy.clinic/conditions/menacwy-vaccination-private","html-validate","require-sri","warning","1","L5: SRI ""integrity"" attribute is required on <script> element","https://html-validate.org/rules/require-sri.html"
"https://www.centralpharmacy.clinic/conditions/menacwy-vaccination-private","html-validate","require-sri","warning","1","L5: SRI ""integrity"" attribute is required on <script> element","https://html-validate.org/rules/require-sri.html"
"https://www.centralpharmacy.clinic/conditions/menacwy-vaccination-private","html-validate","require-sri","warning","1","L5: SRI ""integrity"" attribute is required on <script> element","https://html-validate.org/rules/require-sri.html"
"https://www.centralpharmacy.clinic/conditions/menacwy-vaccination-private","html-validate","require-sri","warning","1","L5: SRI ""integrity"" attribute is required on <script> element","https://html-validate.org/rules/require-sri.html"
"https://www.centralpharmacy.clinic/conditions/menacwy-vaccination-private","html-validate","require-sri","warning","1","L5: SRI ""integrity"" attribute is required on <script> element","https://html-validate.org/rules/require-sri.html"
"https://www.centralpharmacy.clinic/conditions/menacwy-vaccination-private","html-validate","require-sri","warning","1","L5: SRI ""integrity"" attribute is required on <script> element","https://html-validate.org/rules/require-sri.html"
"https://www.centralpharmacy.clinic/conditions/menacwy-vaccination-private","html-validate","require-sri","warning","1","L5: SRI ""integrity"" attribute is required on <script> element","https://html-validate.org/rules/require-sri.html"
"https://www.centralpharmacy.clinic/conditions/menacwy-vaccination-private","html-validate","require-sri","warning","1","L5: SRI ""integrity"" attribute is required on <script> element","https://html-validate.org/rules/require-sri.html"
"https://www.centralpharmacy.clinic/conditions/menacwy-vaccination-private","html-validate","require-sri","warning","1","L5: SRI ""integrity"" attribute is required on <script> element","https://html-validate.org/rules/require-sri.html"
"https://www.centralpharmacy.clinic/conditions/menacwy-vaccination-private","html-validate","require-sri","warning","1","L5: SRI ""integrity"" attribute is required on <script> element","https://html-validate.org/rules/require-sri.html"
"https://www.centralpharmacy.clinic/conditions/menacwy-vaccination-private","html-validate","require-sri","warning","1","L5: SRI ""integrity"" attribute is required on <script> element","https://html-validate.org/rules/require-sri.html"
"https://www.centralpharmacy.clinic/conditions/menacwy-vaccination-private","html-validate","require-sri","warning","1","L5: SRI ""integrity"" attribute is required on <script> element","https://html-validate.org/rules/require-sri.html"
"https://www.centralpharmacy.clinic/conditions/menacwy-vaccination-private","html-validate","require-sri","warning","1","L5: SRI ""integrity"" attribute is required on <script> element","https://html-validate.org/rules/require-sri.html"
"https://www.centralpharmacy.clinic/conditions/menacwy-vaccination-private","html-validate","require-sri","warning","1","L5: SRI ""integrity"" attribute is required on <script> element","https://html-validate.org/rules/require-sri.html"
"https://www.centralpharmacy.clinic/conditions/menacwy-vaccination-private","html-validate","require-sri","warning","1","L5: SRI ""integrity"" attribute is required on <script> element","https://html-validate.org/rules/require-sri.html"
"https://www.centralpharmacy.clinic/conditions/menacwy-vaccination-private","html-validate","require-sri","warning","1","L5: SRI ""integrity"" attribute is required on <script> element","https://html-validate.org/rules/require-sri.html"
"https://www.centralpharmacy.clinic/conditions/menacwy-vaccination-private","html-validate","require-sri","warning","1","L5: SRI ""integrity"" attribute is required on <script> element","https://html-validate.org/rules/require-sri.html"
"https://www.centralpharmacy.clinic/conditions/menacwy-vaccination-private","html-validate","require-sri","warning","1","L5: SRI ""integrity"" attribute is required on <script> element","https://html-validate.org/rules/require-sri.html"
"https://www.centralpharmacy.clinic/conditions/menacwy-vaccination-private","html-validate","require-sri","warning","1","L5: SRI ""integrity"" attribute is required on <script> element","https://html-validate.org/rules/require-sri.html"
"https://www.centralpharmacy.clinic/conditions/menacwy-vaccination-private","html-validate","require-sri","warning","1","L5: SRI ""integrity"" attribute is required on <script> element","https://html-validate.org/rules/require-sri.html"
"https://www.centralpharmacy.clinic/conditions/menacwy-vaccination-private","html-validate","require-sri","warning","1","L5: SRI ""integrity"" attribute is required on <link> element","https://html-validate.org/rules/require-sri.html"
"https://www.centralpharmacy.clinic/conditions/menacwy-vaccination-private","html-validate","require-sri","warning","1","L5: SRI ""integrity"" attribute is required on <script> element","https://html-validate.org/rules/require-sri.html"
"https://www.centralpharmacy.clinic/conditions/menacwy-vaccination-private","html-validate","heading-level","error","1","L5: Heading level can only increase by one, expected <h2> but got <h3>","https://html-validate.org/rules/heading-level.html"
"https://www.centralpharmacy.clinic/conditions/menacwy-vaccination-private","html-validate","input-missing-label","error","1","L5: <input> element does not have a <label>","https://html-validate.org/rules/input-missing-label.html"
"https://www.centralpharmacy.clinic/conditions/menacwy-vaccination-private","html-validate","input-missing-label","error","1","L5: <input> element does not have a <label>","https://html-validate.org/rules/input-missing-label.html"
"https://www.centralpharmacy.clinic/conditions/menacwy-vaccination-private","html-validate","input-missing-label","error","1","L5: <input> element does not have a <label>","https://html-validate.org/rules/input-missing-label.html"
"https://www.centralpharmacy.clinic/conditions/menacwy-vaccination-private","html-validate","input-missing-label","error","1","L5: <input> element does not have a <label>","https://html-validate.org/rules/input-missing-label.html"
"https://www.centralpharmacy.clinic/conditions/menacwy-vaccination-private","html-validate","input-missing-label","error","1","L5: <input> element does not have a <label>","https://html-validate.org/rules/input-missing-label.html"
"https://www.centralpharmacy.clinic/conditions/menacwy-vaccination-private","html-validate","input-missing-label","error","1","L5: <input> element does not have a <label>","https://html-validate.org/rules/input-missing-label.html"
"https://www.centralpharmacy.clinic/conditions/menacwy-vaccination-private","html-validate","require-sri","warning","1","L5: SRI ""integrity"" attribute is required on <script> element","https://html-validate.org/rules/require-sri.html"
"https://www.centralpharmacy.clinic/conditions/menb-vaccination-private","axe","color-contrast","serious","2","Elements must meet minimum color contrast ratio thresholds","https://dequeuniversity.com/rules/axe/4.13/color-contrast?application=playwright"
"https://www.centralpharmacy.clinic/conditions/menb-vaccination-private","axe","heading-order","moderate","1","Heading levels should only increase by one","https://dequeuniversity.com/rules/axe/4.13/heading-order?application=playwright"
"https://www.centralpharmacy.clinic/conditions/menb-vaccination-private","axe","landmark-one-main","moderate","1","Document should have one main landmark","https://dequeuniversity.com/rules/axe/4.13/landmark-one-main?application=playwright"
"https://www.centralpharmacy.clinic/conditions/menb-vaccination-private","axe","region","moderate","20","All page content should be contained by landmarks","https://dequeuniversity.com/rules/axe/4.13/region?application=playwright"
"https://www.centralpharmacy.clinic/conditions/menb-vaccination-private","structure","heading-skip","warning","1","Heading levels skipped: h1 → h3 (""Patient information"")",""
"https://www.centralpharmacy.clinic/conditions/menb-vaccination-private","structure","landmark-main-missing","warning","1","No <main> landmark",""
"https://www.centralpharmacy.clinic/conditions/menb-vaccination-private","structure","skip-link-missing","notice","1","No ""skip to content"" link",""
"https://www.centralpharmacy.clinic/conditions/menb-vaccination-private","structure","new-tab-no-warning","notice","1","1 links open new tab without warning",""
"https://www.centralpharmacy.clinic/conditions/menb-vaccination-private","structure","img-no-dimensions","notice","1","1 images without width/height (CLS risk)",""
"https://www.centralpharmacy.clinic/conditions/menb-vaccination-private","html-validate","require-sri","warning","1","L5: SRI ""integrity"" attribute is required on <link> element","https://html-validate.org/rules/require-sri.html"
"https://www.centralpharmacy.clinic/conditions/menb-vaccination-private","html-validate","require-sri","warning","1","L5: SRI ""integrity"" attribute is required on <script> element","https://html-validate.org/rules/require-sri.html"
"https://www.centralpharmacy.clinic/conditions/menb-vaccination-private","html-validate","require-sri","warning","1","L5: SRI ""integrity"" attribute is required on <script> element","https://html-validate.org/rules/require-sri.html"
"https://www.centralpharmacy.clinic/conditions/menb-vaccination-private","html-validate","require-sri","warning","1","L5: SRI ""integrity"" attribute is required on <script> element","https://html-validate.org/rules/require-sri.html"
"https://www.centralpharmacy.clinic/conditions/menb-vaccination-private","html-validate","require-sri","warning","1","L5: SRI ""integrity"" attribute is required on <script> element","https://html-validate.org/rules/require-sri.html"
"https://www.centralpharmacy.clinic/conditions/menb-vaccination-private","html-validate","require-sri","warning","1","L5: SRI ""integrity"" attribute is required on <script> element","https://html-validate.org/rules/require-sri.html"
"https://www.centralpharmacy.clinic/conditions/menb-vaccination-private","html-validate","require-sri","warning","1","L5: SRI ""integrity"" attribute is required on <script> element","https://html-validate.org/rules/require-sri.html"
"https://www.centralpharmacy.clinic/conditions/menb-vaccination-private","html-validate","require-sri","warning","1","L5: SRI ""integrity"" attribute is required on <script> element","https://html-validate.org/rules/require-sri.html"
"https://www.centralpharmacy.clinic/conditions/menb-vaccination-private","html-validate","require-sri","warning","1","L5: SRI ""integrity"" attribute is required on <script> element","https://html-validate.org/rules/require-sri.html"
"https://www.centralpharmacy.clinic/conditions/menb-vaccination-private","html-validate","require-sri","warning","1","L5: SRI ""integrity"" attribute is required on <script> element","https://html-validate.org/rules/require-sri.html"
"https://www.centralpharmacy.clinic/conditions/menb-vaccination-private","html-validate","require-sri","warning","1","L5: SRI ""integrity"" attribute is required on <script> element","https://html-validate.org/rules/require-sri.html"
"https://www.centralpharmacy.clinic/conditions/menb-vaccination-private","html-validate","require-sri","warning","1","L5: SRI ""integrity"" attribute is required on <script> element","https://html-validate.org/rules/require-sri.html"
"https://www.centralpharmacy.clinic/conditions/menb-vaccination-private","html-validate","require-sri","warning","1","L5: SRI ""integrity"" attribute is required on <script> element","https://html-validate.org/rules/require-sri.html"
"https://www.centralpharmacy.clinic/conditions/menb-vaccination-private","html-validate","require-sri","warning","1","L5: SRI ""integrity"" attribute is required on <script> element","https://html-validate.org/rules/require-sri.html"
"https://www.centralpharmacy.clinic/conditions/menb-vaccination-private","html-validate","require-sri","warning","1","L5: SRI ""integrity"" attribute is required on <script> element","https://html-validate.org/rules/require-sri.html"
"https://www.centralpharmacy.clinic/conditions/menb-vaccination-private","html-validate","require-sri","warning","1","L5: SRI ""integrity"" attribute is required on <script> element","https://html-validate.org/rules/require-sri.html"
"https://www.centralpharmacy.clinic/conditions/menb-vaccination-private","html-validate","require-sri","warning","1","L5: SRI ""integrity"" attribute is required on <script> element","https://html-validate.org/rules/require-sri.html"
"https://www.centralpharmacy.clinic/conditions/menb-vaccination-private","html-validate","require-sri","warning","1","L5: SRI ""integrity"" attribute is required on <script> element","https://html-validate.org/rules/require-sri.html"
"https://www.centralpharmacy.clinic/conditions/menb-vaccination-private","html-validate","require-sri","warning","1","L5: SRI ""integrity"" attribute is required on <script> element","https://html-validate.org/rules/require-sri.html"
"https://www.centralpharmacy.clinic/conditions/menb-vaccination-private","html-validate","require-sri","warning","1","L5: SRI ""integrity"" attribute is required on <script> element","https://html-validate.org/rules/require-sri.html"
"https://www.centralpharmacy.clinic/conditions/menb-vaccination-private","html-validate","require-sri","warning","1","L5: SRI ""integrity"" attribute is required on <script> element","https://html-validate.org/rules/require-sri.html"
"https://www.centralpharmacy.clinic/conditions/menb-vaccination-private","html-validate","require-sri","warning","1","L5: SRI ""integrity"" attribute is required on <script> element","https://html-validate.org/rules/require-sri.html"
"https://www.centralpharmacy.clinic/conditions/menb-vaccination-private","html-validate","require-sri","warning","1","L5: SRI ""integrity"" attribute is required on <script> element","https://html-validate.org/rules/require-sri.html"
"https://www.centralpharmacy.clinic/conditions/menb-vaccination-private","html-validate","require-sri","warning","1","L5: SRI ""integrity"" attribute is required on <script> element","https://html-validate.org/rules/require-sri.html"
"https://www.centralpharmacy.clinic/conditions/menb-vaccination-private","html-validate","require-sri","warning","1","L5: SRI ""integrity"" attribute is required on <script> element","https://html-validate.org/rules/require-sri.html"
"https://www.centralpharmacy.clinic/conditions/menb-vaccination-private","html-validate","require-sri","warning","1","L5: SRI ""integrity"" attribute is required on <link> element","https://html-validate.org/rules/require-sri.html"
"https://www.centralpharmacy.clinic/conditions/menb-vaccination-private","html-validate","require-sri","warning","1","L5: SRI ""integrity"" attribute is required on <script> element","https://html-validate.org/rules/require-sri.html"
"https://www.centralpharmacy.clinic/conditions/menb-vaccination-private","html-validate","heading-level","error","1","L5: Heading level can only increase by one, expected <h2> but got <h3>","https://html-validate.org/rules/heading-level.html"
"https://www.centralpharmacy.clinic/conditions/menb-vaccination-private","html-validate","input-missing-label","error","1","L5: <input> element does not have a <label>","https://html-validate.org/rules/input-missing-label.html"
"https://www.centralpharmacy.clinic/conditions/menb-vaccination-private","html-validate","input-missing-label","error","1","L5: <input> element does not have a <label>","https://html-validate.org/rules/input-missing-label.html"
"https://www.centralpharmacy.clinic/conditions/menb-vaccination-private","html-validate","input-missing-label","error","1","L5: <input> element does not have a <label>","https://html-validate.org/rules/input-missing-label.html"
"https://www.centralpharmacy.clinic/conditions/menb-vaccination-private","html-validate","input-missing-label","error","1","L5: <input> element does not have a <label>","https://html-validate.org/rules/input-missing-label.html"
"https://www.centralpharmacy.clinic/conditions/menb-vaccination-private","html-validate","input-missing-label","error","1","L5: <input> element does not have a <label>","https://html-validate.org/rules/input-missing-label.html"
"https://www.centralpharmacy.clinic/conditions/menb-vaccination-private","html-validate","input-missing-label","error","1","L5: <input> element does not have a <label>","https://html-validate.org/rules/input-missing-label.html"
"https://www.centralpharmacy.clinic/conditions/menb-vaccination-private","html-validate","require-sri","warning","1","L5: SRI ""integrity"" attribute is required on <script> element","https://html-validate.org/rules/require-sri.html"
"https://www.centralpharmacy.clinic/conditions/mmr-vaccine-private","axe","color-contrast","serious","2","Elements must meet minimum color contrast ratio thresholds","https://dequeuniversity.com/rules/axe/4.13/color-contrast?application=playwright"
"https://www.centralpharmacy.clinic/conditions/mmr-vaccine-private","axe","heading-order","moderate","1","Heading levels should only increase by one","https://dequeuniversity.com/rules/axe/4.13/heading-order?application=playwright"
"https://www.centralpharmacy.clinic/conditions/mmr-vaccine-private","axe","landmark-one-main","moderate","1","Document should have one main landmark","https://dequeuniversity.com/rules/axe/4.13/landmark-one-main?application=playwright"
"https://www.centralpharmacy.clinic/conditions/mmr-vaccine-private","axe","region","moderate","20","All page content should be contained by landmarks","https://dequeuniversity.com/rules/axe/4.13/region?application=playwright"
"https://www.centralpharmacy.clinic/conditions/mmr-vaccine-private","structure","heading-skip","warning","1","Heading levels skipped: h1 → h3 (""Patient information"")",""
"https://www.centralpharmacy.clinic/conditions/mmr-vaccine-private","structure","landmark-main-missing","warning","1","No <main> landmark",""
"https://www.centralpharmacy.clinic/conditions/mmr-vaccine-private","structure","skip-link-missing","notice","1","No ""skip to content"" link",""
"https://www.centralpharmacy.clinic/conditions/mmr-vaccine-private","structure","new-tab-no-warning","notice","1","1 links open new tab without warning",""
"https://www.centralpharmacy.clinic/conditions/mmr-vaccine-private","structure","img-no-dimensions","notice","1","1 images without width/height (CLS risk)",""
"https://www.centralpharmacy.clinic/conditions/mmr-vaccine-private","html-validate","require-sri","warning","1","L5: SRI ""integrity"" attribute is required on <link> element","https://html-validate.org/rules/require-sri.html"
"https://www.centralpharmacy.clinic/conditions/mmr-vaccine-private","html-validate","require-sri","warning","1","L5: SRI ""integrity"" attribute is required on <script> element","https://html-validate.org/rules/require-sri.html"
"https://www.centralpharmacy.clinic/conditions/mmr-vaccine-private","html-validate","require-sri","warning","1","L5: SRI ""integrity"" attribute is required on <script> element","https://html-validate.org/rules/require-sri.html"
"https://www.centralpharmacy.clinic/conditions/mmr-vaccine-private","html-validate","require-sri","warning","1","L5: SRI ""integrity"" attribute is required on <script> element","https://html-validate.org/rules/require-sri.html"
"https://www.centralpharmacy.clinic/conditions/mmr-vaccine-private","html-validate","require-sri","warning","1","L5: SRI ""integrity"" attribute is required on <script> element","https://html-validate.org/rules/require-sri.html"
"https://www.centralpharmacy.clinic/conditions/mmr-vaccine-private","html-validate","require-sri","warning","1","L5: SRI ""integrity"" attribute is required on <script> element","https://html-validate.org/rules/require-sri.html"
"https://www.centralpharmacy.clinic/conditions/mmr-vaccine-private","html-validate","require-sri","warning","1","L5: SRI ""integrity"" attribute is required on <script> element","https://html-validate.org/rules/require-sri.html"
"https://www.centralpharmacy.clinic/conditions/mmr-vaccine-private","html-validate","require-sri","warning","1","L5: SRI ""integrity"" attribute is required on <script> element","https://html-validate.org/rules/require-sri.html"
"https://www.centralpharmacy.clinic/conditions/mmr-vaccine-private","html-validate","require-sri","warning","1","L5: SRI ""integrity"" attribute is required on <script> element","https://html-validate.org/rules/require-sri.html"
"https://www.centralpharmacy.clinic/conditions/mmr-vaccine-private","html-validate","require-sri","warning","1","L5: SRI ""integrity"" attribute is required on <script> element","https://html-validate.org/rules/require-sri.html"
"https://www.centralpharmacy.clinic/conditions/mmr-vaccine-private","html-validate","require-sri","warning","1","L5: SRI ""integrity"" attribute is required on <script> element","https://html-validate.org/rules/require-sri.html"
"https://www.centralpharmacy.clinic/conditions/mmr-vaccine-private","html-validate","require-sri","warning","1","L5: SRI ""integrity"" attribute is required on <script> element","https://html-validate.org/rules/require-sri.html"
"https://www.centralpharmacy.clinic/conditions/mmr-vaccine-private","html-validate","require-sri","warning","1","L5: SRI ""integrity"" attribute is required on <script> element","https://html-validate.org/rules/require-sri.html"
"https://www.centralpharmacy.clinic/conditions/mmr-vaccine-private","html-validate","require-sri","warning","1","L5: SRI ""integrity"" attribute is required on <script> element","https://html-validate.org/rules/require-sri.html"
"https://www.centralpharmacy.clinic/conditions/mmr-vaccine-private","html-validate","require-sri","warning","1","L5: SRI ""integrity"" attribute is required on <script> element","https://html-validate.org/rules/require-sri.html"
"https://www.centralpharmacy.clinic/conditions/mmr-vaccine-private","html-validate","require-sri","warning","1","L5: SRI ""integrity"" attribute is required on <script> element","https://html-validate.org/rules/require-sri.html"
"https://www.centralpharmacy.clinic/conditions/mmr-vaccine-private","html-validate","require-sri","warning","1","L5: SRI ""integrity"" attribute is required on <script> element","https://html-validate.org/rules/require-sri.html"
"https://www.centralpharmacy.clinic/conditions/mmr-vaccine-private","html-validate","require-sri","warning","1","L5: SRI ""integrity"" attribute is required on <script> element","https://html-validate.org/rules/require-sri.html"
"https://www.centralpharmacy.clinic/conditions/mmr-vaccine-private","html-validate","require-sri","warning","1","L5: SRI ""integrity"" attribute is required on <script> element","https://html-validate.org/rules/require-sri.html"
"https://www.centralpharmacy.clinic/conditions/mmr-vaccine-private","html-validate","require-sri","warning","1","L5: SRI ""integrity"" attribute is required on <script> element","https://html-validate.org/rules/require-sri.html"
"https://www.centralpharmacy.clinic/conditions/mmr-vaccine-private","html-validate","require-sri","warning","1","L5: SRI ""integrity"" attribute is required on <script> element","https://html-validate.org/rules/require-sri.html"
"https://www.centralpharmacy.clinic/conditions/mmr-vaccine-private","html-validate","require-sri","warning","1","L5: SRI ""integrity"" attribute is required on <script> element","https://html-validate.org/rules/require-sri.html"
"https://www.centralpharmacy.clinic/conditions/mmr-vaccine-private","html-validate","require-sri","warning","1","L5: SRI ""integrity"" attribute is required on <script> element","https://html-validate.org/rules/require-sri.html"
"https://www.centralpharmacy.clinic/conditions/mmr-vaccine-private","html-validate","require-sri","warning","1","L5: SRI ""integrity"" attribute is required on <script> element","https://html-validate.org/rules/require-sri.html"
"https://www.centralpharmacy.clinic/conditions/mmr-vaccine-private","html-validate","require-sri","warning","1","L5: SRI ""integrity"" attribute is required on <script> element","https://html-validate.org/rules/require-sri.html"
"https://www.centralpharmacy.clinic/conditions/mmr-vaccine-private","html-validate","require-sri","warning","1","L5: SRI ""integrity"" attribute is required on <link> element","https://html-validate.org/rules/require-sri.html"
"https://www.centralpharmacy.clinic/conditions/mmr-vaccine-private","html-validate","require-sri","warning","1","L5: SRI ""integrity"" attribute is required on <script> element","https://html-validate.org/rules/require-sri.html"
"https://www.centralpharmacy.clinic/conditions/mmr-vaccine-private","html-validate","heading-level","error","1","L5: Heading level can only increase by one, expected <h2> but got <h3>","https://html-validate.org/rules/heading-level.html"
"https://www.centralpharmacy.clinic/conditions/mmr-vaccine-private","html-validate","input-missing-label","error","1","L5: <input> element does not have a <label>","https://html-validate.org/rules/input-missing-label.html"
"https://www.centralpharmacy.clinic/conditions/mmr-vaccine-private","html-validate","input-missing-label","error","1","L5: <input> element does not have a <label>","https://html-validate.org/rules/input-missing-label.html"
"https://www.centralpharmacy.clinic/conditions/mmr-vaccine-private","html-validate","input-missing-label","error","1","L5: <input> element does not have a <label>","https://html-validate.org/rules/input-missing-label.html"
"https://www.centralpharmacy.clinic/conditions/mmr-vaccine-private","html-validate","input-missing-label","error","1","L5: <input> element does not have a <label>","https://html-validate.org/rules/input-missing-label.html"
"https://www.centralpharmacy.clinic/conditions/mmr-vaccine-private","html-validate","input-missing-label","error","1","L5: <input> element does not have a <label>","https://html-validate.org/rules/input-missing-label.html"
"https://www.centralpharmacy.clinic/conditions/mmr-vaccine-private","html-validate","input-missing-label","error","1","L5: <input> element does not have a <label>","https://html-validate.org/rules/input-missing-label.html"
"https://www.centralpharmacy.clinic/conditions/mmr-vaccine-private","html-validate","require-sri","warning","1","L5: SRI ""integrity"" attribute is required on <script> element","https://html-validate.org/rules/require-sri.html"
"https://www.centralpharmacy.clinic/conditions/period-delay-private","axe","color-contrast","serious","2","Elements must meet minimum color contrast ratio thresholds","https://dequeuniversity.com/rules/axe/4.13/color-contrast?application=playwright"
"https://www.centralpharmacy.clinic/conditions/period-delay-private","axe","heading-order","moderate","1","Heading levels should only increase by one","https://dequeuniversity.com/rules/axe/4.13/heading-order?application=playwright"
"https://www.centralpharmacy.clinic/conditions/period-delay-private","axe","landmark-one-main","moderate","1","Document should have one main landmark","https://dequeuniversity.com/rules/axe/4.13/landmark-one-main?application=playwright"
"https://www.centralpharmacy.clinic/conditions/period-delay-private","axe","region","moderate","20","All page content should be contained by landmarks","https://dequeuniversity.com/rules/axe/4.13/region?application=playwright"
"https://www.centralpharmacy.clinic/conditions/period-delay-private","structure","heading-skip","warning","1","Heading levels skipped: h1 → h3 (""Patient information"")",""
"https://www.centralpharmacy.clinic/conditions/period-delay-private","structure","landmark-main-missing","warning","1","No <main> landmark",""
"https://www.centralpharmacy.clinic/conditions/period-delay-private","structure","skip-link-missing","notice","1","No ""skip to content"" link",""
"https://www.centralpharmacy.clinic/conditions/period-delay-private","structure","new-tab-no-warning","notice","1","1 links open new tab without warning",""
"https://www.centralpharmacy.clinic/conditions/period-delay-private","structure","img-no-dimensions","notice","1","1 images without width/height (CLS risk)",""
"https://www.centralpharmacy.clinic/conditions/period-delay-private","html-validate","require-sri","warning","1","L5: SRI ""integrity"" attribute is required on <link> element","https://html-validate.org/rules/require-sri.html"
"https://www.centralpharmacy.clinic/conditions/period-delay-private","html-validate","require-sri","warning","1","L5: SRI ""integrity"" attribute is required on <script> element","https://html-validate.org/rules/require-sri.html"
"https://www.centralpharmacy.clinic/conditions/period-delay-private","html-validate","require-sri","warning","1","L5: SRI ""integrity"" attribute is required on <script> element","https://html-validate.org/rules/require-sri.html"
"https://www.centralpharmacy.clinic/conditions/period-delay-private","html-validate","require-sri","warning","1","L5: SRI ""integrity"" attribute is required on <script> element","https://html-validate.org/rules/require-sri.html"
"https://www.centralpharmacy.clinic/conditions/period-delay-private","html-validate","require-sri","warning","1","L5: SRI ""integrity"" attribute is required on <script> element","https://html-validate.org/rules/require-sri.html"
"https://www.centralpharmacy.clinic/conditions/period-delay-private","html-validate","require-sri","warning","1","L5: SRI ""integrity"" attribute is required on <script> element","https://html-validate.org/rules/require-sri.html"
"https://www.centralpharmacy.clinic/conditions/period-delay-private","html-validate","require-sri","warning","1","L5: SRI ""integrity"" attribute is required on <script> element","https://html-validate.org/rules/require-sri.html"
"https://www.centralpharmacy.clinic/conditions/period-delay-private","html-validate","require-sri","warning","1","L5: SRI ""integrity"" attribute is required on <script> element","https://html-validate.org/rules/require-sri.html"
"https://www.centralpharmacy.clinic/conditions/period-delay-private","html-validate","require-sri","warning","1","L5: SRI ""integrity"" attribute is required on <script> element","https://html-validate.org/rules/require-sri.html"
"https://www.centralpharmacy.clinic/conditions/period-delay-private","html-validate","require-sri","warning","1","L5: SRI ""integrity"" attribute is required on <script> element","https://html-validate.org/rules/require-sri.html"
"https://www.centralpharmacy.clinic/conditions/period-delay-private","html-validate","require-sri","warning","1","L5: SRI ""integrity"" attribute is required on <script> element","https://html-validate.org/rules/require-sri.html"
"https://www.centralpharmacy.clinic/conditions/period-delay-private","html-validate","require-sri","warning","1","L5: SRI ""integrity"" attribute is required on <script> element","https://html-validate.org/rules/require-sri.html"
"https://www.centralpharmacy.clinic/conditions/period-delay-private","html-validate","require-sri","warning","1","L5: SRI ""integrity"" attribute is required on <script> element","https://html-validate.org/rules/require-sri.html"
"https://www.centralpharmacy.clinic/conditions/period-delay-private","html-validate","require-sri","warning","1","L5: SRI ""integrity"" attribute is required on <script> element","https://html-validate.org/rules/require-sri.html"
"https://www.centralpharmacy.clinic/conditions/period-delay-private","html-validate","require-sri","warning","1","L5: SRI ""integrity"" attribute is required on <script> element","https://html-validate.org/rules/require-sri.html"
"https://www.centralpharmacy.clinic/conditions/period-delay-private","html-validate","require-sri","warning","1","L5: SRI ""integrity"" attribute is required on <script> element","https://html-validate.org/rules/require-sri.html"
"https://www.centralpharmacy.clinic/conditions/period-delay-private","html-validate","require-sri","warning","1","L5: SRI ""integrity"" attribute is required on <script> element","https://html-validate.org/rules/require-sri.html"
"https://www.centralpharmacy.clinic/conditions/period-delay-private","html-validate","require-sri","warning","1","L5: SRI ""integrity"" attribute is required on <script> element","https://html-validate.org/rules/require-sri.html"
"https://www.centralpharmacy.clinic/conditions/period-delay-private","html-validate","require-sri","warning","1","L5: SRI ""integrity"" attribute is required on <script> element","https://html-validate.org/rules/require-sri.html"
"https://www.centralpharmacy.clinic/conditions/period-delay-private","html-validate","require-sri","warning","1","L5: SRI ""integrity"" attribute is required on <script> element","https://html-validate.org/rules/require-sri.html"
"https://www.centralpharmacy.clinic/conditions/period-delay-private","html-validate","require-sri","warning","1","L5: SRI ""integrity"" attribute is required on <script> element","https://html-validate.org/rules/require-sri.html"
"https://www.centralpharmacy.clinic/conditions/period-delay-private","html-validate","require-sri","warning","1","L5: SRI ""integrity"" attribute is required on <script> element","https://html-validate.org/rules/require-sri.html"
"https://www.centralpharmacy.clinic/conditions/period-delay-private","html-validate","require-sri","warning","1","L5: SRI ""integrity"" attribute is required on <script> element","https://html-validate.org/rules/require-sri.html"
"https://www.centralpharmacy.clinic/conditions/period-delay-private","html-validate","require-sri","warning","1","L5: SRI ""integrity"" attribute is required on <script> element","https://html-validate.org/rules/require-sri.html"
"https://www.centralpharmacy.clinic/conditions/period-delay-private","html-validate","require-sri","warning","1","L5: SRI ""integrity"" attribute is required on <script> element","https://html-validate.org/rules/require-sri.html"
"https://www.centralpharmacy.clinic/conditions/period-delay-private","html-validate","require-sri","warning","1","L5: SRI ""integrity"" attribute is required on <link> element","https://html-validate.org/rules/require-sri.html"
"https://www.centralpharmacy.clinic/conditions/period-delay-private","html-validate","require-sri","warning","1","L5: SRI ""integrity"" attribute is required on <script> element","https://html-validate.org/rules/require-sri.html"
"https://www.centralpharmacy.clinic/conditions/period-delay-private","html-validate","heading-level","error","1","L5: Heading level can only increase by one, expected <h2> but got <h3>","https://html-validate.org/rules/heading-level.html"
"https://www.centralpharmacy.clinic/conditions/period-delay-private","html-validate","input-missing-label","error","1","L5: <input> element does not have a <label>","https://html-validate.org/rules/input-missing-label.html"
"https://www.centralpharmacy.clinic/conditions/period-delay-private","html-validate","input-missing-label","error","1","L5: <input> element does not have a <label>","https://html-validate.org/rules/input-missing-label.html"
"https://www.centralpharmacy.clinic/conditions/period-delay-private","html-validate","input-missing-label","error","1","L5: <input> element does not have a <label>","https://html-validate.org/rules/input-missing-label.html"
"https://www.centralpharmacy.clinic/conditions/period-delay-private","html-validate","input-missing-label","error","1","L5: <input> element does not have a <label>","https://html-validate.org/rules/input-missing-label.html"
"https://www.centralpharmacy.clinic/conditions/period-delay-private","html-validate","input-missing-label","error","1","L5: <input> element does not have a <label>","https://html-validate.org/rules/input-missing-label.html"
"https://www.centralpharmacy.clinic/conditions/period-delay-private","html-validate","input-missing-label","error","1","L5: <input> element does not have a <label>","https://html-validate.org/rules/input-missing-label.html"
"https://www.centralpharmacy.clinic/conditions/period-delay-private","html-validate","require-sri","warning","1","L5: SRI ""integrity"" attribute is required on <script> element","https://html-validate.org/rules/require-sri.html"
"https://www.centralpharmacy.clinic/conditions/pneumococcal-vaccination-private","axe","color-contrast","serious","2","Elements must meet minimum color contrast ratio thresholds","https://dequeuniversity.com/rules/axe/4.13/color-contrast?application=playwright"
"https://www.centralpharmacy.clinic/conditions/pneumococcal-vaccination-private","axe","heading-order","moderate","1","Heading levels should only increase by one","https://dequeuniversity.com/rules/axe/4.13/heading-order?application=playwright"
"https://www.centralpharmacy.clinic/conditions/pneumococcal-vaccination-private","axe","landmark-one-main","moderate","1","Document should have one main landmark","https://dequeuniversity.com/rules/axe/4.13/landmark-one-main?application=playwright"
"https://www.centralpharmacy.clinic/conditions/pneumococcal-vaccination-private","axe","region","moderate","20","All page content should be contained by landmarks","https://dequeuniversity.com/rules/axe/4.13/region?application=playwright"
"https://www.centralpharmacy.clinic/conditions/pneumococcal-vaccination-private","structure","heading-skip","warning","1","Heading levels skipped: h1 → h3 (""Patient information"")",""
"https://www.centralpharmacy.clinic/conditions/pneumococcal-vaccination-private","structure","landmark-main-missing","warning","1","No <main> landmark",""
"https://www.centralpharmacy.clinic/conditions/pneumococcal-vaccination-private","structure","skip-link-missing","notice","1","No ""skip to content"" link",""
"https://www.centralpharmacy.clinic/conditions/pneumococcal-vaccination-private","structure","new-tab-no-warning","notice","1","1 links open new tab without warning",""
"https://www.centralpharmacy.clinic/conditions/pneumococcal-vaccination-private","structure","img-no-dimensions","notice","1","1 images without width/height (CLS risk)",""
"https://www.centralpharmacy.clinic/conditions/pneumococcal-vaccination-private","html-validate","require-sri","warning","1","L5: SRI ""integrity"" attribute is required on <link> element","https://html-validate.org/rules/require-sri.html"
"https://www.centralpharmacy.clinic/conditions/pneumococcal-vaccination-private","html-validate","require-sri","warning","1","L5: SRI ""integrity"" attribute is required on <script> element","https://html-validate.org/rules/require-sri.html"
"https://www.centralpharmacy.clinic/conditions/pneumococcal-vaccination-private","html-validate","require-sri","warning","1","L5: SRI ""integrity"" attribute is required on <script> element","https://html-validate.org/rules/require-sri.html"
"https://www.centralpharmacy.clinic/conditions/pneumococcal-vaccination-private","html-validate","require-sri","warning","1","L5: SRI ""integrity"" attribute is required on <script> element","https://html-validate.org/rules/require-sri.html"
"https://www.centralpharmacy.clinic/conditions/pneumococcal-vaccination-private","html-validate","require-sri","warning","1","L5: SRI ""integrity"" attribute is required on <script> element","https://html-validate.org/rules/require-sri.html"
"https://www.centralpharmacy.clinic/conditions/pneumococcal-vaccination-private","html-validate","require-sri","warning","1","L5: SRI ""integrity"" attribute is required on <script> element","https://html-validate.org/rules/require-sri.html"
"https://www.centralpharmacy.clinic/conditions/pneumococcal-vaccination-private","html-validate","require-sri","warning","1","L5: SRI ""integrity"" attribute is required on <script> element","https://html-validate.org/rules/require-sri.html"
"https://www.centralpharmacy.clinic/conditions/pneumococcal-vaccination-private","html-validate","require-sri","warning","1","L5: SRI ""integrity"" attribute is required on <script> element","https://html-validate.org/rules/require-sri.html"
"https://www.centralpharmacy.clinic/conditions/pneumococcal-vaccination-private","html-validate","require-sri","warning","1","L5: SRI ""integrity"" attribute is required on <script> element","https://html-validate.org/rules/require-sri.html"
"https://www.centralpharmacy.clinic/conditions/pneumococcal-vaccination-private","html-validate","require-sri","warning","1","L5: SRI ""integrity"" attribute is required on <script> element","https://html-validate.org/rules/require-sri.html"
"https://www.centralpharmacy.clinic/conditions/pneumococcal-vaccination-private","html-validate","require-sri","warning","1","L5: SRI ""integrity"" attribute is required on <script> element","https://html-validate.org/rules/require-sri.html"
"https://www.centralpharmacy.clinic/conditions/pneumococcal-vaccination-private","html-validate","require-sri","warning","1","L5: SRI ""integrity"" attribute is required on <script> element","https://html-validate.org/rules/require-sri.html"
"https://www.centralpharmacy.clinic/conditions/pneumococcal-vaccination-private","html-validate","require-sri","warning","1","L5: SRI ""integrity"" attribute is required on <script> element","https://html-validate.org/rules/require-sri.html"
"https://www.centralpharmacy.clinic/conditions/pneumococcal-vaccination-private","html-validate","require-sri","warning","1","L5: SRI ""integrity"" attribute is required on <script> element","https://html-validate.org/rules/require-sri.html"
"https://www.centralpharmacy.clinic/conditions/pneumococcal-vaccination-private","html-validate","require-sri","warning","1","L5: SRI ""integrity"" attribute is required on <script> element","https://html-validate.org/rules/require-sri.html"
"https://www.centralpharmacy.clinic/conditions/pneumococcal-vaccination-private","html-validate","require-sri","warning","1","L5: SRI ""integrity"" attribute is required on <script> element","https://html-validate.org/rules/require-sri.html"
"https://www.centralpharmacy.clinic/conditions/pneumococcal-vaccination-private","html-validate","require-sri","warning","1","L5: SRI ""integrity"" attribute is required on <script> element","https://html-validate.org/rules/require-sri.html"
"https://www.centralpharmacy.clinic/conditions/pneumococcal-vaccination-private","html-validate","require-sri","warning","1","L5: SRI ""integrity"" attribute is required on <script> element","https://html-validate.org/rules/require-sri.html"
"https://www.centralpharmacy.clinic/conditions/pneumococcal-vaccination-private","html-validate","require-sri","warning","1","L5: SRI ""integrity"" attribute is required on <script> element","https://html-validate.org/rules/require-sri.html"
"https://www.centralpharmacy.clinic/conditions/pneumococcal-vaccination-private","html-validate","require-sri","warning","1","L5: SRI ""integrity"" attribute is required on <script> element","https://html-validate.org/rules/require-sri.html"
"https://www.centralpharmacy.clinic/conditions/pneumococcal-vaccination-private","html-validate","require-sri","warning","1","L5: SRI ""integrity"" attribute is required on <script> element","https://html-validate.org/rules/require-sri.html"
"https://www.centralpharmacy.clinic/conditions/pneumococcal-vaccination-private","html-validate","require-sri","warning","1","L5: SRI ""integrity"" attribute is required on <script> element","https://html-validate.org/rules/require-sri.html"
"https://www.centralpharmacy.clinic/conditions/pneumococcal-vaccination-private","html-validate","require-sri","warning","1","L5: SRI ""integrity"" attribute is required on <script> element","https://html-validate.org/rules/require-sri.html"
"https://www.centralpharmacy.clinic/conditions/pneumococcal-vaccination-private","html-validate","require-sri","warning","1","L5: SRI ""integrity"" attribute is required on <script> element","https://html-validate.org/rules/require-sri.html"
"https://www.centralpharmacy.clinic/conditions/pneumococcal-vaccination-private","html-validate","require-sri","warning","1","L5: SRI ""integrity"" attribute is required on <script> element","https://html-validate.org/rules/require-sri.html"
"https://www.centralpharmacy.clinic/conditions/pneumococcal-vaccination-private","html-validate","require-sri","warning","1","L5: SRI ""integrity"" attribute is required on <link> element","https://html-validate.org/rules/require-sri.html"
"https://www.centralpharmacy.clinic/conditions/pneumococcal-vaccination-private","html-validate","require-sri","warning","1","L5: SRI ""integrity"" attribute is required on <script> element","https://html-validate.org/rules/require-sri.html"
"https://www.centralpharmacy.clinic/conditions/pneumococcal-vaccination-private","html-validate","heading-level","error","1","L5: Heading level can only increase by one, expected <h2> but got <h3>","https://html-validate.org/rules/heading-level.html"
"https://www.centralpharmacy.clinic/conditions/pneumococcal-vaccination-private","html-validate","input-missing-label","error","1","L5: <input> element does not have a <label>","https://html-validate.org/rules/input-missing-label.html"
"https://www.centralpharmacy.clinic/conditions/pneumococcal-vaccination-private","html-validate","input-missing-label","error","1","L5: <input> element does not have a <label>","https://html-validate.org/rules/input-missing-label.html"
"https://www.centralpharmacy.clinic/conditions/pneumococcal-vaccination-private","html-validate","input-missing-label","error","1","L5: <input> element does not have a <label>","https://html-validate.org/rules/input-missing-label.html"
"https://www.centralpharmacy.clinic/conditions/pneumococcal-vaccination-private","html-validate","input-missing-label","error","1","L5: <input> element does not have a <label>","https://html-validate.org/rules/input-missing-label.html"
"https://www.centralpharmacy.clinic/conditions/pneumococcal-vaccination-private","html-validate","input-missing-label","error","1","L5: <input> element does not have a <label>","https://html-validate.org/rules/input-missing-label.html"
"https://www.centralpharmacy.clinic/conditions/pneumococcal-vaccination-private","html-validate","input-missing-label","error","1","L5: <input> element does not have a <label>","https://html-validate.org/rules/input-missing-label.html"
"https://www.centralpharmacy.clinic/conditions/pneumococcal-vaccination-private","html-validate","require-sri","warning","1","L5: SRI ""integrity"" attribute is required on <script> element","https://html-validate.org/rules/require-sri.html"
"https://www.centralpharmacy.clinic/conditions/multiple-travel-vaccinations-private","axe","color-contrast","serious","2","Elements must meet minimum color contrast ratio thresholds","https://dequeuniversity.com/rules/axe/4.13/color-contrast?application=playwright"
"https://www.centralpharmacy.clinic/conditions/multiple-travel-vaccinations-private","axe","heading-order","moderate","1","Heading levels should only increase by one","https://dequeuniversity.com/rules/axe/4.13/heading-order?application=playwright"
"https://www.centralpharmacy.clinic/conditions/multiple-travel-vaccinations-private","axe","landmark-one-main","moderate","1","Document should have one main landmark","https://dequeuniversity.com/rules/axe/4.13/landmark-one-main?application=playwright"
"https://www.centralpharmacy.clinic/conditions/multiple-travel-vaccinations-private","axe","region","moderate","20","All page content should be contained by landmarks","https://dequeuniversity.com/rules/axe/4.13/region?application=playwright"
"https://www.centralpharmacy.clinic/conditions/multiple-travel-vaccinations-private","structure","heading-skip","warning","1","Heading levels skipped: h1 → h3 (""Patient information"")",""
"https://www.centralpharmacy.clinic/conditions/multiple-travel-vaccinations-private","structure","landmark-main-missing","warning","1","No <main> landmark",""
"https://www.centralpharmacy.clinic/conditions/multiple-travel-vaccinations-private","structure","skip-link-missing","notice","1","No ""skip to content"" link",""
"https://www.centralpharmacy.clinic/conditions/multiple-travel-vaccinations-private","structure","new-tab-no-warning","notice","1","1 links open new tab without warning",""
"https://www.centralpharmacy.clinic/conditions/multiple-travel-vaccinations-private","structure","img-no-dimensions","notice","1","1 images without width/height (CLS risk)",""
"https://www.centralpharmacy.clinic/conditions/multiple-travel-vaccinations-private","html-validate","require-sri","warning","1","L5: SRI ""integrity"" attribute is required on <link> element","https://html-validate.org/rules/require-sri.html"
"https://www.centralpharmacy.clinic/conditions/multiple-travel-vaccinations-private","html-validate","require-sri","warning","1","L5: SRI ""integrity"" attribute is required on <script> element","https://html-validate.org/rules/require-sri.html"
"https://www.centralpharmacy.clinic/conditions/multiple-travel-vaccinations-private","html-validate","require-sri","warning","1","L5: SRI ""integrity"" attribute is required on <script> element","https://html-validate.org/rules/require-sri.html"
"https://www.centralpharmacy.clinic/conditions/multiple-travel-vaccinations-private","html-validate","require-sri","warning","1","L5: SRI ""integrity"" attribute is required on <script> element","https://html-validate.org/rules/require-sri.html"
"https://www.centralpharmacy.clinic/conditions/multiple-travel-vaccinations-private","html-validate","require-sri","warning","1","L5: SRI ""integrity"" attribute is required on <script> element","https://html-validate.org/rules/require-sri.html"
"https://www.centralpharmacy.clinic/conditions/multiple-travel-vaccinations-private","html-validate","require-sri","warning","1","L5: SRI ""integrity"" attribute is required on <script> element","https://html-validate.org/rules/require-sri.html"
"https://www.centralpharmacy.clinic/conditions/multiple-travel-vaccinations-private","html-validate","require-sri","warning","1","L5: SRI ""integrity"" attribute is required on <script> element","https://html-validate.org/rules/require-sri.html"
"https://www.centralpharmacy.clinic/conditions/multiple-travel-vaccinations-private","html-validate","require-sri","warning","1","L5: SRI ""integrity"" attribute is required on <script> element","https://html-validate.org/rules/require-sri.html"
"https://www.centralpharmacy.clinic/conditions/multiple-travel-vaccinations-private","html-validate","require-sri","warning","1","L5: SRI ""integrity"" attribute is required on <script> element","https://html-validate.org/rules/require-sri.html"
"https://www.centralpharmacy.clinic/conditions/multiple-travel-vaccinations-private","html-validate","require-sri","warning","1","L5: SRI ""integrity"" attribute is required on <script> element","https://html-validate.org/rules/require-sri.html"
"https://www.centralpharmacy.clinic/conditions/multiple-travel-vaccinations-private","html-validate","require-sri","warning","1","L5: SRI ""integrity"" attribute is required on <script> element","https://html-validate.org/rules/require-sri.html"
"https://www.centralpharmacy.clinic/conditions/multiple-travel-vaccinations-private","html-validate","require-sri","warning","1","L5: SRI ""integrity"" attribute is required on <script> element","https://html-validate.org/rules/require-sri.html"
"https://www.centralpharmacy.clinic/conditions/multiple-travel-vaccinations-private","html-validate","require-sri","warning","1","L5: SRI ""integrity"" attribute is required on <script> element","https://html-validate.org/rules/require-sri.html"
"https://www.centralpharmacy.clinic/conditions/multiple-travel-vaccinations-private","html-validate","require-sri","warning","1","L5: SRI ""integrity"" attribute is required on <script> element","https://html-validate.org/rules/require-sri.html"
"https://www.centralpharmacy.clinic/conditions/multiple-travel-vaccinations-private","html-validate","require-sri","warning","1","L5: SRI ""integrity"" attribute is required on <script> element","https://html-validate.org/rules/require-sri.html"
"https://www.centralpharmacy.clinic/conditions/multiple-travel-vaccinations-private","html-validate","require-sri","warning","1","L5: SRI ""integrity"" attribute is required on <script> element","https://html-validate.org/rules/require-sri.html"
"https://www.centralpharmacy.clinic/conditions/multiple-travel-vaccinations-private","html-validate","require-sri","warning","1","L5: SRI ""integrity"" attribute is required on <script> element","https://html-validate.org/rules/require-sri.html"
"https://www.centralpharmacy.clinic/conditions/multiple-travel-vaccinations-private","html-validate","require-sri","warning","1","L5: SRI ""integrity"" attribute is required on <script> element","https://html-validate.org/rules/require-sri.html"
"https://www.centralpharmacy.clinic/conditions/multiple-travel-vaccinations-private","html-validate","require-sri","warning","1","L5: SRI ""integrity"" attribute is required on <script> element","https://html-validate.org/rules/require-sri.html"
"https://www.centralpharmacy.clinic/conditions/multiple-travel-vaccinations-private","html-validate","require-sri","warning","1","L5: SRI ""integrity"" attribute is required on <script> element","https://html-validate.org/rules/require-sri.html"
"https://www.centralpharmacy.clinic/conditions/multiple-travel-vaccinations-private","html-validate","require-sri","warning","1","L5: SRI ""integrity"" attribute is required on <script> element","https://html-validate.org/rules/require-sri.html"
"https://www.centralpharmacy.clinic/conditions/multiple-travel-vaccinations-private","html-validate","require-sri","warning","1","L5: SRI ""integrity"" attribute is required on <script> element","https://html-validate.org/rules/require-sri.html"
"https://www.centralpharmacy.clinic/conditions/multiple-travel-vaccinations-private","html-validate","require-sri","warning","1","L5: SRI ""integrity"" attribute is required on <script> element","https://html-validate.org/rules/require-sri.html"
"https://www.centralpharmacy.clinic/conditions/multiple-travel-vaccinations-private","html-validate","require-sri","warning","1","L5: SRI ""integrity"" attribute is required on <script> element","https://html-validate.org/rules/require-sri.html"
"https://www.centralpharmacy.clinic/conditions/multiple-travel-vaccinations-private","html-validate","require-sri","warning","1","L5: SRI ""integrity"" attribute is required on <script> element","https://html-validate.org/rules/require-sri.html"
"https://www.centralpharmacy.clinic/conditions/multiple-travel-vaccinations-private","html-validate","require-sri","warning","1","L5: SRI ""integrity"" attribute is required on <link> element","https://html-validate.org/rules/require-sri.html"
"https://www.centralpharmacy.clinic/conditions/multiple-travel-vaccinations-private","html-validate","require-sri","warning","1","L5: SRI ""integrity"" attribute is required on <script> element","https://html-validate.org/rules/require-sri.html"
"https://www.centralpharmacy.clinic/conditions/multiple-travel-vaccinations-private","html-validate","heading-level","error","1","L5: Heading level can only increase by one, expected <h2> but got <h3>","https://html-validate.org/rules/heading-level.html"
"https://www.centralpharmacy.clinic/conditions/multiple-travel-vaccinations-private","html-validate","input-missing-label","error","1","L5: <input> element does not have a <label>","https://html-validate.org/rules/input-missing-label.html"
"https://www.centralpharmacy.clinic/conditions/multiple-travel-vaccinations-private","html-validate","input-missing-label","error","1","L5: <input> element does not have a <label>","https://html-validate.org/rules/input-missing-label.html"
"https://www.centralpharmacy.clinic/conditions/multiple-travel-vaccinations-private","html-validate","input-missing-label","error","1","L5: <input> element does not have a <label>","https://html-validate.org/rules/input-missing-label.html"
"https://www.centralpharmacy.clinic/conditions/multiple-travel-vaccinations-private","html-validate","input-missing-label","error","1","L5: <input> element does not have a <label>","https://html-validate.org/rules/input-missing-label.html"
"https://www.centralpharmacy.clinic/conditions/multiple-travel-vaccinations-private","html-validate","input-missing-label","error","1","L5: <input> element does not have a <label>","https://html-validate.org/rules/input-missing-label.html"
"https://www.centralpharmacy.clinic/conditions/multiple-travel-vaccinations-private","html-validate","input-missing-label","error","1","L5: <input> element does not have a <label>","https://html-validate.org/rules/input-missing-label.html"
"https://www.centralpharmacy.clinic/conditions/multiple-travel-vaccinations-private","html-validate","require-sri","warning","1","L5: SRI ""integrity"" attribute is required on <script> element","https://html-validate.org/rules/require-sri.html"
"https://www.centralpharmacy.clinic/conditions/premature-ejaculation-private","axe","color-contrast","serious","2","Elements must meet minimum color contrast ratio thresholds","https://dequeuniversity.com/rules/axe/4.13/color-contrast?application=playwright"
"https://www.centralpharmacy.clinic/conditions/premature-ejaculation-private","axe","heading-order","moderate","1","Heading levels should only increase by one","https://dequeuniversity.com/rules/axe/4.13/heading-order?application=playwright"
"https://www.centralpharmacy.clinic/conditions/premature-ejaculation-private","axe","landmark-one-main","moderate","1","Document should have one main landmark","https://dequeuniversity.com/rules/axe/4.13/landmark-one-main?application=playwright"
"https://www.centralpharmacy.clinic/conditions/premature-ejaculation-private","axe","region","moderate","20","All page content should be contained by landmarks","https://dequeuniversity.com/rules/axe/4.13/region?application=playwright"
"https://www.centralpharmacy.clinic/conditions/premature-ejaculation-private","structure","heading-skip","warning","1","Heading levels skipped: h1 → h3 (""Patient information"")",""
"https://www.centralpharmacy.clinic/conditions/premature-ejaculation-private","structure","landmark-main-missing","warning","1","No <main> landmark",""
"https://www.centralpharmacy.clinic/conditions/premature-ejaculation-private","structure","skip-link-missing","notice","1","No ""skip to content"" link",""
"https://www.centralpharmacy.clinic/conditions/premature-ejaculation-private","structure","new-tab-no-warning","notice","1","1 links open new tab without warning",""
"https://www.centralpharmacy.clinic/conditions/premature-ejaculation-private","structure","img-no-dimensions","notice","1","1 images without width/height (CLS risk)",""
"https://www.centralpharmacy.clinic/conditions/premature-ejaculation-private","html-validate","require-sri","warning","1","L5: SRI ""integrity"" attribute is required on <link> element","https://html-validate.org/rules/require-sri.html"
"https://www.centralpharmacy.clinic/conditions/premature-ejaculation-private","html-validate","require-sri","warning","1","L5: SRI ""integrity"" attribute is required on <script> element","https://html-validate.org/rules/require-sri.html"
"https://www.centralpharmacy.clinic/conditions/premature-ejaculation-private","html-validate","require-sri","warning","1","L5: SRI ""integrity"" attribute is required on <script> element","https://html-validate.org/rules/require-sri.html"
"https://www.centralpharmacy.clinic/conditions/premature-ejaculation-private","html-validate","require-sri","warning","1","L5: SRI ""integrity"" attribute is required on <script> element","https://html-validate.org/rules/require-sri.html"
"https://www.centralpharmacy.clinic/conditions/premature-ejaculation-private","html-validate","require-sri","warning","1","L5: SRI ""integrity"" attribute is required on <script> element","https://html-validate.org/rules/require-sri.html"
"https://www.centralpharmacy.clinic/conditions/premature-ejaculation-private","html-validate","require-sri","warning","1","L5: SRI ""integrity"" attribute is required on <script> element","https://html-validate.org/rules/require-sri.html"
"https://www.centralpharmacy.clinic/conditions/premature-ejaculation-private","html-validate","require-sri","warning","1","L5: SRI ""integrity"" attribute is required on <script> element","https://html-validate.org/rules/require-sri.html"
"https://www.centralpharmacy.clinic/conditions/premature-ejaculation-private","html-validate","require-sri","warning","1","L5: SRI ""integrity"" attribute is required on <script> element","https://html-validate.org/rules/require-sri.html"
"https://www.centralpharmacy.clinic/conditions/premature-ejaculation-private","html-validate","require-sri","warning","1","L5: SRI ""integrity"" attribute is required on <script> element","https://html-validate.org/rules/require-sri.html"
"https://www.centralpharmacy.clinic/conditions/premature-ejaculation-private","html-validate","require-sri","warning","1","L5: SRI ""integrity"" attribute is required on <script> element","https://html-validate.org/rules/require-sri.html"
"https://www.centralpharmacy.clinic/conditions/premature-ejaculation-private","html-validate","require-sri","warning","1","L5: SRI ""integrity"" attribute is required on <script> element","https://html-validate.org/rules/require-sri.html"
"https://www.centralpharmacy.clinic/conditions/premature-ejaculation-private","html-validate","require-sri","warning","1","L5: SRI ""integrity"" attribute is required on <script> element","https://html-validate.org/rules/require-sri.html"
"https://www.centralpharmacy.clinic/conditions/premature-ejaculation-private","html-validate","require-sri","warning","1","L5: SRI ""integrity"" attribute is required on <script> element","https://html-validate.org/rules/require-sri.html"
"https://www.centralpharmacy.clinic/conditions/premature-ejaculation-private","html-validate","require-sri","warning","1","L5: SRI ""integrity"" attribute is required on <script> element","https://html-validate.org/rules/require-sri.html"
"https://www.centralpharmacy.clinic/conditions/premature-ejaculation-private","html-validate","require-sri","warning","1","L5: SRI ""integrity"" attribute is required on <script> element","https://html-validate.org/rules/require-sri.html"
"https://www.centralpharmacy.clinic/conditions/premature-ejaculation-private","html-validate","require-sri","warning","1","L5: SRI ""integrity"" attribute is required on <script> element","https://html-validate.org/rules/require-sri.html"
"https://www.centralpharmacy.clinic/conditions/premature-ejaculation-private","html-validate","require-sri","warning","1","L5: SRI ""integrity"" attribute is required on <script> element","https://html-validate.org/rules/require-sri.html"
"https://www.centralpharmacy.clinic/conditions/premature-ejaculation-private","html-validate","require-sri","warning","1","L5: SRI ""integrity"" attribute is required on <script> element","https://html-validate.org/rules/require-sri.html"
"https://www.centralpharmacy.clinic/conditions/premature-ejaculation-private","html-validate","require-sri","warning","1","L5: SRI ""integrity"" attribute is required on <script> element","https://html-validate.org/rules/require-sri.html"
"https://www.centralpharmacy.clinic/conditions/premature-ejaculation-private","html-validate","require-sri","warning","1","L5: SRI ""integrity"" attribute is required on <script> element","https://html-validate.org/rules/require-sri.html"
"https://www.centralpharmacy.clinic/conditions/premature-ejaculation-private","html-validate","require-sri","warning","1","L5: SRI ""integrity"" attribute is required on <script> element","https://html-validate.org/rules/require-sri.html"
"https://www.centralpharmacy.clinic/conditions/premature-ejaculation-private","html-validate","require-sri","warning","1","L5: SRI ""integrity"" attribute is required on <script> element","https://html-validate.org/rules/require-sri.html"
"https://www.centralpharmacy.clinic/conditions/premature-ejaculation-private","html-validate","require-sri","warning","1","L5: SRI ""integrity"" attribute is required on <script> element","https://html-validate.org/rules/require-sri.html"
"https://www.centralpharmacy.clinic/conditions/premature-ejaculation-private","html-validate","require-sri","warning","1","L5: SRI ""integrity"" attribute is required on <script> element","https://html-validate.org/rules/require-sri.html"
"https://www.centralpharmacy.clinic/conditions/premature-ejaculation-private","html-validate","require-sri","warning","1","L5: SRI ""integrity"" attribute is required on <script> element","https://html-validate.org/rules/require-sri.html"
"https://www.centralpharmacy.clinic/conditions/premature-ejaculation-private","html-validate","require-sri","warning","1","L5: SRI ""integrity"" attribute is required on <link> element","https://html-validate.org/rules/require-sri.html"
"https://www.centralpharmacy.clinic/conditions/premature-ejaculation-private","html-validate","require-sri","warning","1","L5: SRI ""integrity"" attribute is required on <script> element","https://html-validate.org/rules/require-sri.html"
"https://www.centralpharmacy.clinic/conditions/premature-ejaculation-private","html-validate","heading-level","error","1","L5: Heading level can only increase by one, expected <h2> but got <h3>","https://html-validate.org/rules/heading-level.html"
"https://www.centralpharmacy.clinic/conditions/premature-ejaculation-private","html-validate","input-missing-label","error","1","L5: <input> element does not have a <label>","https://html-validate.org/rules/input-missing-label.html"
"https://www.centralpharmacy.clinic/conditions/premature-ejaculation-private","html-validate","input-missing-label","error","1","L5: <input> element does not have a <label>","https://html-validate.org/rules/input-missing-label.html"
"https://www.centralpharmacy.clinic/conditions/premature-ejaculation-private","html-validate","input-missing-label","error","1","L5: <input> element does not have a <label>","https://html-validate.org/rules/input-missing-label.html"
"https://www.centralpharmacy.clinic/conditions/premature-ejaculation-private","html-validate","input-missing-label","error","1","L5: <input> element does not have a <label>","https://html-validate.org/rules/input-missing-label.html"
"https://www.centralpharmacy.clinic/conditions/premature-ejaculation-private","html-validate","input-missing-label","error","1","L5: <input> element does not have a <label>","https://html-validate.org/rules/input-missing-label.html"
"https://www.centralpharmacy.clinic/conditions/premature-ejaculation-private","html-validate","input-missing-label","error","1","L5: <input> element does not have a <label>","https://html-validate.org/rules/input-missing-label.html"
"https://www.centralpharmacy.clinic/conditions/premature-ejaculation-private","html-validate","require-sri","warning","1","L5: SRI ""integrity"" attribute is required on <script> element","https://html-validate.org/rules/require-sri.html"
"https://www.centralpharmacy.clinic/conditions/premature-ejaculation-private-2","axe","color-contrast","serious","2","Elements must meet minimum color contrast ratio thresholds","https://dequeuniversity.com/rules/axe/4.13/color-contrast?application=playwright"
"https://www.centralpharmacy.clinic/conditions/premature-ejaculation-private-2","axe","heading-order","moderate","1","Heading levels should only increase by one","https://dequeuniversity.com/rules/axe/4.13/heading-order?application=playwright"
"https://www.centralpharmacy.clinic/conditions/premature-ejaculation-private-2","axe","landmark-one-main","moderate","1","Document should have one main landmark","https://dequeuniversity.com/rules/axe/4.13/landmark-one-main?application=playwright"
"https://www.centralpharmacy.clinic/conditions/premature-ejaculation-private-2","axe","region","moderate","20","All page content should be contained by landmarks","https://dequeuniversity.com/rules/axe/4.13/region?application=playwright"
"https://www.centralpharmacy.clinic/conditions/premature-ejaculation-private-2","structure","heading-skip","warning","1","Heading levels skipped: h1 → h3 (""Patient information"")",""
"https://www.centralpharmacy.clinic/conditions/premature-ejaculation-private-2","structure","landmark-main-missing","warning","1","No <main> landmark",""
"https://www.centralpharmacy.clinic/conditions/premature-ejaculation-private-2","structure","skip-link-missing","notice","1","No ""skip to content"" link",""
"https://www.centralpharmacy.clinic/conditions/premature-ejaculation-private-2","structure","new-tab-no-warning","notice","1","1 links open new tab without warning",""
"https://www.centralpharmacy.clinic/conditions/premature-ejaculation-private-2","structure","img-no-dimensions","notice","1","1 images without width/height (CLS risk)",""
"https://www.centralpharmacy.clinic/conditions/premature-ejaculation-private-2","html-validate","require-sri","warning","1","L5: SRI ""integrity"" attribute is required on <link> element","https://html-validate.org/rules/require-sri.html"
"https://www.centralpharmacy.clinic/conditions/premature-ejaculation-private-2","html-validate","require-sri","warning","1","L5: SRI ""integrity"" attribute is required on <script> element","https://html-validate.org/rules/require-sri.html"
"https://www.centralpharmacy.clinic/conditions/premature-ejaculation-private-2","html-validate","require-sri","warning","1","L5: SRI ""integrity"" attribute is required on <script> element","https://html-validate.org/rules/require-sri.html"
"https://www.centralpharmacy.clinic/conditions/premature-ejaculation-private-2","html-validate","require-sri","warning","1","L5: SRI ""integrity"" attribute is required on <script> element","https://html-validate.org/rules/require-sri.html"
"https://www.centralpharmacy.clinic/conditions/premature-ejaculation-private-2","html-validate","require-sri","warning","1","L5: SRI ""integrity"" attribute is required on <script> element","https://html-validate.org/rules/require-sri.html"
"https://www.centralpharmacy.clinic/conditions/premature-ejaculation-private-2","html-validate","require-sri","warning","1","L5: SRI ""integrity"" attribute is required on <script> element","https://html-validate.org/rules/require-sri.html"
"https://www.centralpharmacy.clinic/conditions/premature-ejaculation-private-2","html-validate","require-sri","warning","1","L5: SRI ""integrity"" attribute is required on <script> element","https://html-validate.org/rules/require-sri.html"
"https://www.centralpharmacy.clinic/conditions/premature-ejaculation-private-2","html-validate","require-sri","warning","1","L5: SRI ""integrity"" attribute is required on <script> element","https://html-validate.org/rules/require-sri.html"
"https://www.centralpharmacy.clinic/conditions/premature-ejaculation-private-2","html-validate","require-sri","warning","1","L5: SRI ""integrity"" attribute is required on <script> element","https://html-validate.org/rules/require-sri.html"
"https://www.centralpharmacy.clinic/conditions/premature-ejaculation-private-2","html-validate","require-sri","warning","1","L5: SRI ""integrity"" attribute is required on <script> element","https://html-validate.org/rules/require-sri.html"
"https://www.centralpharmacy.clinic/conditions/premature-ejaculation-private-2","html-validate","require-sri","warning","1","L5: SRI ""integrity"" attribute is required on <script> element","https://html-validate.org/rules/require-sri.html"
"https://www.centralpharmacy.clinic/conditions/premature-ejaculation-private-2","html-validate","require-sri","warning","1","L5: SRI ""integrity"" attribute is required on <script> element","https://html-validate.org/rules/require-sri.html"
"https://www.centralpharmacy.clinic/conditions/premature-ejaculation-private-2","html-validate","require-sri","warning","1","L5: SRI ""integrity"" attribute is required on <script> element","https://html-validate.org/rules/require-sri.html"
"https://www.centralpharmacy.clinic/conditions/premature-ejaculation-private-2","html-validate","require-sri","warning","1","L5: SRI ""integrity"" attribute is required on <script> element","https://html-validate.org/rules/require-sri.html"
"https://www.centralpharmacy.clinic/conditions/premature-ejaculation-private-2","html-validate","require-sri","warning","1","L5: SRI ""integrity"" attribute is required on <script> element","https://html-validate.org/rules/require-sri.html"
"https://www.centralpharmacy.clinic/conditions/premature-ejaculation-private-2","html-validate","require-sri","warning","1","L5: SRI ""integrity"" attribute is required on <script> element","https://html-validate.org/rules/require-sri.html"
"https://www.centralpharmacy.clinic/conditions/premature-ejaculation-private-2","html-validate","require-sri","warning","1","L5: SRI ""integrity"" attribute is required on <script> element","https://html-validate.org/rules/require-sri.html"
"https://www.centralpharmacy.clinic/conditions/premature-ejaculation-private-2","html-validate","require-sri","warning","1","L5: SRI ""integrity"" attribute is required on <script> element","https://html-validate.org/rules/require-sri.html"
"https://www.centralpharmacy.clinic/conditions/premature-ejaculation-private-2","html-validate","require-sri","warning","1","L5: SRI ""integrity"" attribute is required on <script> element","https://html-validate.org/rules/require-sri.html"
"https://www.centralpharmacy.clinic/conditions/premature-ejaculation-private-2","html-validate","require-sri","warning","1","L5: SRI ""integrity"" attribute is required on <script> element","https://html-validate.org/rules/require-sri.html"
"https://www.centralpharmacy.clinic/conditions/premature-ejaculation-private-2","html-validate","require-sri","warning","1","L5: SRI ""integrity"" attribute is required on <script> element","https://html-validate.org/rules/require-sri.html"
"https://www.centralpharmacy.clinic/conditions/premature-ejaculation-private-2","html-validate","require-sri","warning","1","L5: SRI ""integrity"" attribute is required on <script> element","https://html-validate.org/rules/require-sri.html"
"https://www.centralpharmacy.clinic/conditions/premature-ejaculation-private-2","html-validate","require-sri","warning","1","L5: SRI ""integrity"" attribute is required on <script> element","https://html-validate.org/rules/require-sri.html"
"https://www.centralpharmacy.clinic/conditions/premature-ejaculation-private-2","html-validate","require-sri","warning","1","L5: SRI ""integrity"" attribute is required on <script> element","https://html-validate.org/rules/require-sri.html"
"https://www.centralpharmacy.clinic/conditions/premature-ejaculation-private-2","html-validate","require-sri","warning","1","L5: SRI ""integrity"" attribute is required on <script> element","https://html-validate.org/rules/require-sri.html"
"https://www.centralpharmacy.clinic/conditions/premature-ejaculation-private-2","html-validate","require-sri","warning","1","L5: SRI ""integrity"" attribute is required on <link> element","https://html-validate.org/rules/require-sri.html"
"https://www.centralpharmacy.clinic/conditions/premature-ejaculation-private-2","html-validate","require-sri","warning","1","L5: SRI ""integrity"" attribute is required on <script> element","https://html-validate.org/rules/require-sri.html"
"https://www.centralpharmacy.clinic/conditions/premature-ejaculation-private-2","html-validate","heading-level","error","1","L5: Heading level can only increase by one, expected <h2> but got <h3>","https://html-validate.org/rules/heading-level.html"
"https://www.centralpharmacy.clinic/conditions/premature-ejaculation-private-2","html-validate","input-missing-label","error","1","L5: <input> element does not have a <label>","https://html-validate.org/rules/input-missing-label.html"
"https://www.centralpharmacy.clinic/conditions/premature-ejaculation-private-2","html-validate","input-missing-label","error","1","L5: <input> element does not have a <label>","https://html-validate.org/rules/input-missing-label.html"
"https://www.centralpharmacy.clinic/conditions/premature-ejaculation-private-2","html-validate","input-missing-label","error","1","L5: <input> element does not have a <label>","https://html-validate.org/rules/input-missing-label.html"
"https://www.centralpharmacy.clinic/conditions/premature-ejaculation-private-2","html-validate","input-missing-label","error","1","L5: <input> element does not have a <label>","https://html-validate.org/rules/input-missing-label.html"
"https://www.centralpharmacy.clinic/conditions/premature-ejaculation-private-2","html-validate","input-missing-label","error","1","L5: <input> element does not have a <label>","https://html-validate.org/rules/input-missing-label.html"
"https://www.centralpharmacy.clinic/conditions/premature-ejaculation-private-2","html-validate","input-missing-label","error","1","L5: <input> element does not have a <label>","https://html-validate.org/rules/input-missing-label.html"
"https://www.centralpharmacy.clinic/conditions/premature-ejaculation-private-2","html-validate","require-sri","warning","1","L5: SRI ""integrity"" attribute is required on <script> element","https://html-validate.org/rules/require-sri.html"
"https://www.centralpharmacy.clinic/conditions/rabies-vaccination-private","axe","color-contrast","serious","2","Elements must meet minimum color contrast ratio thresholds","https://dequeuniversity.com/rules/axe/4.13/color-contrast?application=playwright"
"https://www.centralpharmacy.clinic/conditions/rabies-vaccination-private","axe","heading-order","moderate","1","Heading levels should only increase by one","https://dequeuniversity.com/rules/axe/4.13/heading-order?application=playwright"
"https://www.centralpharmacy.clinic/conditions/rabies-vaccination-private","axe","landmark-one-main","moderate","1","Document should have one main landmark","https://dequeuniversity.com/rules/axe/4.13/landmark-one-main?application=playwright"
"https://www.centralpharmacy.clinic/conditions/rabies-vaccination-private","axe","region","moderate","20","All page content should be contained by landmarks","https://dequeuniversity.com/rules/axe/4.13/region?application=playwright"
"https://www.centralpharmacy.clinic/conditions/rabies-vaccination-private","structure","heading-skip","warning","1","Heading levels skipped: h1 → h3 (""Patient information"")",""
"https://www.centralpharmacy.clinic/conditions/rabies-vaccination-private","structure","landmark-main-missing","warning","1","No <main> landmark",""
"https://www.centralpharmacy.clinic/conditions/rabies-vaccination-private","structure","skip-link-missing","notice","1","No ""skip to content"" link",""
"https://www.centralpharmacy.clinic/conditions/rabies-vaccination-private","structure","new-tab-no-warning","notice","1","1 links open new tab without warning",""
"https://www.centralpharmacy.clinic/conditions/rabies-vaccination-private","structure","img-no-dimensions","notice","1","1 images without width/height (CLS risk)",""
"https://www.centralpharmacy.clinic/conditions/rabies-vaccination-private","html-validate","require-sri","warning","1","L5: SRI ""integrity"" attribute is required on <link> element","https://html-validate.org/rules/require-sri.html"
"https://www.centralpharmacy.clinic/conditions/rabies-vaccination-private","html-validate","require-sri","warning","1","L5: SRI ""integrity"" attribute is required on <script> element","https://html-validate.org/rules/require-sri.html"
"https://www.centralpharmacy.clinic/conditions/rabies-vaccination-private","html-validate","require-sri","warning","1","L5: SRI ""integrity"" attribute is required on <script> element","https://html-validate.org/rules/require-sri.html"
"https://www.centralpharmacy.clinic/conditions/rabies-vaccination-private","html-validate","require-sri","warning","1","L5: SRI ""integrity"" attribute is required on <script> element","https://html-validate.org/rules/require-sri.html"
"https://www.centralpharmacy.clinic/conditions/rabies-vaccination-private","html-validate","require-sri","warning","1","L5: SRI ""integrity"" attribute is required on <script> element","https://html-validate.org/rules/require-sri.html"
"https://www.centralpharmacy.clinic/conditions/rabies-vaccination-private","html-validate","require-sri","warning","1","L5: SRI ""integrity"" attribute is required on <script> element","https://html-validate.org/rules/require-sri.html"
"https://www.centralpharmacy.clinic/conditions/rabies-vaccination-private","html-validate","require-sri","warning","1","L5: SRI ""integrity"" attribute is required on <script> element","https://html-validate.org/rules/require-sri.html"
"https://www.centralpharmacy.clinic/conditions/rabies-vaccination-private","html-validate","require-sri","warning","1","L5: SRI ""integrity"" attribute is required on <script> element","https://html-validate.org/rules/require-sri.html"
"https://www.centralpharmacy.clinic/conditions/rabies-vaccination-private","html-validate","require-sri","warning","1","L5: SRI ""integrity"" attribute is required on <script> element","https://html-validate.org/rules/require-sri.html"
"https://www.centralpharmacy.clinic/conditions/rabies-vaccination-private","html-validate","require-sri","warning","1","L5: SRI ""integrity"" attribute is required on <script> element","https://html-validate.org/rules/require-sri.html"
"https://www.centralpharmacy.clinic/conditions/rabies-vaccination-private","html-validate","require-sri","warning","1","L5: SRI ""integrity"" attribute is required on <script> element","https://html-validate.org/rules/require-sri.html"
"https://www.centralpharmacy.clinic/conditions/rabies-vaccination-private","html-validate","require-sri","warning","1","L5: SRI ""integrity"" attribute is required on <script> element","https://html-validate.org/rules/require-sri.html"
"https://www.centralpharmacy.clinic/conditions/rabies-vaccination-private","html-validate","require-sri","warning","1","L5: SRI ""integrity"" attribute is required on <script> element","https://html-validate.org/rules/require-sri.html"
"https://www.centralpharmacy.clinic/conditions/rabies-vaccination-private","html-validate","require-sri","warning","1","L5: SRI ""integrity"" attribute is required on <script> element","https://html-validate.org/rules/require-sri.html"
"https://www.centralpharmacy.clinic/conditions/rabies-vaccination-private","html-validate","require-sri","warning","1","L5: SRI ""integrity"" attribute is required on <script> element","https://html-validate.org/rules/require-sri.html"
"https://www.centralpharmacy.clinic/conditions/rabies-vaccination-private","html-validate","require-sri","warning","1","L5: SRI ""integrity"" attribute is required on <script> element","https://html-validate.org/rules/require-sri.html"
"https://www.centralpharmacy.clinic/conditions/rabies-vaccination-private","html-validate","require-sri","warning","1","L5: SRI ""integrity"" attribute is required on <script> element","https://html-validate.org/rules/require-sri.html"
"https://www.centralpharmacy.clinic/conditions/rabies-vaccination-private","html-validate","require-sri","warning","1","L5: SRI ""integrity"" attribute is required on <script> element","https://html-validate.org/rules/require-sri.html"
"https://www.centralpharmacy.clinic/conditions/rabies-vaccination-private","html-validate","require-sri","warning","1","L5: SRI ""integrity"" attribute is required on <script> element","https://html-validate.org/rules/require-sri.html"
"https://www.centralpharmacy.clinic/conditions/rabies-vaccination-private","html-validate","require-sri","warning","1","L5: SRI ""integrity"" attribute is required on <script> element","https://html-validate.org/rules/require-sri.html"
"https://www.centralpharmacy.clinic/conditions/rabies-vaccination-private","html-validate","require-sri","warning","1","L5: SRI ""integrity"" attribute is required on <script> element","https://html-validate.org/rules/require-sri.html"
"https://www.centralpharmacy.clinic/conditions/rabies-vaccination-private","html-validate","require-sri","warning","1","L5: SRI ""integrity"" attribute is required on <script> element","https://html-validate.org/rules/require-sri.html"
"https://www.centralpharmacy.clinic/conditions/rabies-vaccination-private","html-validate","require-sri","warning","1","L5: SRI ""integrity"" attribute is required on <script> element","https://html-validate.org/rules/require-sri.html"
"https://www.centralpharmacy.clinic/conditions/rabies-vaccination-private","html-validate","require-sri","warning","1","L5: SRI ""integrity"" attribute is required on <script> element","https://html-validate.org/rules/require-sri.html"
"https://www.centralpharmacy.clinic/conditions/rabies-vaccination-private","html-validate","require-sri","warning","1","L5: SRI ""integrity"" attribute is required on <script> element","https://html-validate.org/rules/require-sri.html"
"https://www.centralpharmacy.clinic/conditions/rabies-vaccination-private","html-validate","require-sri","warning","1","L5: SRI ""integrity"" attribute is required on <link> element","https://html-validate.org/rules/require-sri.html"
"https://www.centralpharmacy.clinic/conditions/rabies-vaccination-private","html-validate","require-sri","warning","1","L5: SRI ""integrity"" attribute is required on <script> element","https://html-validate.org/rules/require-sri.html"
"https://www.centralpharmacy.clinic/conditions/rabies-vaccination-private","html-validate","heading-level","error","1","L5: Heading level can only increase by one, expected <h2> but got <h3>","https://html-validate.org/rules/heading-level.html"
"https://www.centralpharmacy.clinic/conditions/rabies-vaccination-private","html-validate","input-missing-label","error","1","L5: <input> element does not have a <label>","https://html-validate.org/rules/input-missing-label.html"
"https://www.centralpharmacy.clinic/conditions/rabies-vaccination-private","html-validate","input-missing-label","error","1","L5: <input> element does not have a <label>","https://html-validate.org/rules/input-missing-label.html"
"https://www.centralpharmacy.clinic/conditions/rabies-vaccination-private","html-validate","input-missing-label","error","1","L5: <input> element does not have a <label>","https://html-validate.org/rules/input-missing-label.html"
"https://www.centralpharmacy.clinic/conditions/rabies-vaccination-private","html-validate","input-missing-label","error","1","L5: <input> element does not have a <label>","https://html-validate.org/rules/input-missing-label.html"
"https://www.centralpharmacy.clinic/conditions/rabies-vaccination-private","html-validate","input-missing-label","error","1","L5: <input> element does not have a <label>","https://html-validate.org/rules/input-missing-label.html"
"https://www.centralpharmacy.clinic/conditions/rabies-vaccination-private","html-validate","input-missing-label","error","1","L5: <input> element does not have a <label>","https://html-validate.org/rules/input-missing-label.html"
"https://www.centralpharmacy.clinic/conditions/rabies-vaccination-private","html-validate","require-sri","warning","1","L5: SRI ""integrity"" attribute is required on <script> element","https://html-validate.org/rules/require-sri.html"
"https://www.centralpharmacy.clinic/conditions/shingles-pf-nhs","axe","color-contrast","serious","2","Elements must meet minimum color contrast ratio thresholds","https://dequeuniversity.com/rules/axe/4.13/color-contrast?application=playwright"
"https://www.centralpharmacy.clinic/conditions/shingles-pf-nhs","axe","heading-order","moderate","1","Heading levels should only increase by one","https://dequeuniversity.com/rules/axe/4.13/heading-order?application=playwright"
"https://www.centralpharmacy.clinic/conditions/shingles-pf-nhs","axe","landmark-one-main","moderate","1","Document should have one main landmark","https://dequeuniversity.com/rules/axe/4.13/landmark-one-main?application=playwright"
"https://www.centralpharmacy.clinic/conditions/shingles-pf-nhs","axe","region","moderate","20","All page content should be contained by landmarks","https://dequeuniversity.com/rules/axe/4.13/region?application=playwright"
"https://www.centralpharmacy.clinic/conditions/shingles-pf-nhs","structure","heading-skip","warning","1","Heading levels skipped: h1 → h3 (""Patient information"")",""
"https://www.centralpharmacy.clinic/conditions/shingles-pf-nhs","structure","landmark-main-missing","warning","1","No <main> landmark",""
"https://www.centralpharmacy.clinic/conditions/shingles-pf-nhs","structure","skip-link-missing","notice","1","No ""skip to content"" link",""
"https://www.centralpharmacy.clinic/conditions/shingles-pf-nhs","structure","new-tab-no-warning","notice","1","1 links open new tab without warning",""
"https://www.centralpharmacy.clinic/conditions/shingles-pf-nhs","structure","img-no-dimensions","notice","1","1 images without width/height (CLS risk)",""
"https://www.centralpharmacy.clinic/conditions/shingles-pf-nhs","html-validate","require-sri","warning","1","L5: SRI ""integrity"" attribute is required on <link> element","https://html-validate.org/rules/require-sri.html"
"https://www.centralpharmacy.clinic/conditions/shingles-pf-nhs","html-validate","require-sri","warning","1","L5: SRI ""integrity"" attribute is required on <script> element","https://html-validate.org/rules/require-sri.html"
"https://www.centralpharmacy.clinic/conditions/shingles-pf-nhs","html-validate","require-sri","warning","1","L5: SRI ""integrity"" attribute is required on <script> element","https://html-validate.org/rules/require-sri.html"
"https://www.centralpharmacy.clinic/conditions/shingles-pf-nhs","html-validate","require-sri","warning","1","L5: SRI ""integrity"" attribute is required on <script> element","https://html-validate.org/rules/require-sri.html"
"https://www.centralpharmacy.clinic/conditions/shingles-pf-nhs","html-validate","require-sri","warning","1","L5: SRI ""integrity"" attribute is required on <script> element","https://html-validate.org/rules/require-sri.html"
"https://www.centralpharmacy.clinic/conditions/shingles-pf-nhs","html-validate","require-sri","warning","1","L5: SRI ""integrity"" attribute is required on <script> element","https://html-validate.org/rules/require-sri.html"
"https://www.centralpharmacy.clinic/conditions/shingles-pf-nhs","html-validate","require-sri","warning","1","L5: SRI ""integrity"" attribute is required on <script> element","https://html-validate.org/rules/require-sri.html"
"https://www.centralpharmacy.clinic/conditions/shingles-pf-nhs","html-validate","require-sri","warning","1","L5: SRI ""integrity"" attribute is required on <script> element","https://html-validate.org/rules/require-sri.html"
"https://www.centralpharmacy.clinic/conditions/shingles-pf-nhs","html-validate","require-sri","warning","1","L5: SRI ""integrity"" attribute is required on <script> element","https://html-validate.org/rules/require-sri.html"
"https://www.centralpharmacy.clinic/conditions/shingles-pf-nhs","html-validate","require-sri","warning","1","L5: SRI ""integrity"" attribute is required on <script> element","https://html-validate.org/rules/require-sri.html"
"https://www.centralpharmacy.clinic/conditions/shingles-pf-nhs","html-validate","require-sri","warning","1","L5: SRI ""integrity"" attribute is required on <script> element","https://html-validate.org/rules/require-sri.html"
"https://www.centralpharmacy.clinic/conditions/shingles-pf-nhs","html-validate","require-sri","warning","1","L5: SRI ""integrity"" attribute is required on <script> element","https://html-validate.org/rules/require-sri.html"
"https://www.centralpharmacy.clinic/conditions/shingles-pf-nhs","html-validate","require-sri","warning","1","L5: SRI ""integrity"" attribute is required on <script> element","https://html-validate.org/rules/require-sri.html"
"https://www.centralpharmacy.clinic/conditions/shingles-pf-nhs","html-validate","require-sri","warning","1","L5: SRI ""integrity"" attribute is required on <script> element","https://html-validate.org/rules/require-sri.html"
"https://www.centralpharmacy.clinic/conditions/shingles-pf-nhs","html-validate","require-sri","warning","1","L5: SRI ""integrity"" attribute is required on <script> element","https://html-validate.org/rules/require-sri.html"
"https://www.centralpharmacy.clinic/conditions/shingles-pf-nhs","html-validate","require-sri","warning","1","L5: SRI ""integrity"" attribute is required on <script> element","https://html-validate.org/rules/require-sri.html"
"https://www.centralpharmacy.clinic/conditions/shingles-pf-nhs","html-validate","require-sri","warning","1","L5: SRI ""integrity"" attribute is required on <script> element","https://html-validate.org/rules/require-sri.html"
"https://www.centralpharmacy.clinic/conditions/shingles-pf-nhs","html-validate","require-sri","warning","1","L5: SRI ""integrity"" attribute is required on <script> element","https://html-validate.org/rules/require-sri.html"
"https://www.centralpharmacy.clinic/conditions/shingles-pf-nhs","html-validate","require-sri","warning","1","L5: SRI ""integrity"" attribute is required on <script> element","https://html-validate.org/rules/require-sri.html"
"https://www.centralpharmacy.clinic/conditions/shingles-pf-nhs","html-validate","require-sri","warning","1","L5: SRI ""integrity"" attribute is required on <script> element","https://html-validate.org/rules/require-sri.html"
"https://www.centralpharmacy.clinic/conditions/shingles-pf-nhs","html-validate","require-sri","warning","1","L5: SRI ""integrity"" attribute is required on <script> element","https://html-validate.org/rules/require-sri.html"
"https://www.centralpharmacy.clinic/conditions/shingles-pf-nhs","html-validate","require-sri","warning","1","L5: SRI ""integrity"" attribute is required on <script> element","https://html-validate.org/rules/require-sri.html"
"https://www.centralpharmacy.clinic/conditions/shingles-pf-nhs","html-validate","require-sri","warning","1","L5: SRI ""integrity"" attribute is required on <script> element","https://html-validate.org/rules/require-sri.html"
"https://www.centralpharmacy.clinic/conditions/shingles-pf-nhs","html-validate","require-sri","warning","1","L5: SRI ""integrity"" attribute is required on <script> element","https://html-validate.org/rules/require-sri.html"
"https://www.centralpharmacy.clinic/conditions/shingles-pf-nhs","html-validate","require-sri","warning","1","L5: SRI ""integrity"" attribute is required on <script> element","https://html-validate.org/rules/require-sri.html"
"https://www.centralpharmacy.clinic/conditions/shingles-pf-nhs","html-validate","require-sri","warning","1","L5: SRI ""integrity"" attribute is required on <link> element","https://html-validate.org/rules/require-sri.html"
"https://www.centralpharmacy.clinic/conditions/shingles-pf-nhs","html-validate","require-sri","warning","1","L5: SRI ""integrity"" attribute is required on <script> element","https://html-validate.org/rules/require-sri.html"
"https://www.centralpharmacy.clinic/conditions/shingles-pf-nhs","html-validate","heading-level","error","1","L5: Heading level can only increase by one, expected <h2> but got <h3>","https://html-validate.org/rules/heading-level.html"
"https://www.centralpharmacy.clinic/conditions/shingles-pf-nhs","html-validate","input-missing-label","error","1","L5: <input> element does not have a <label>","https://html-validate.org/rules/input-missing-label.html"
"https://www.centralpharmacy.clinic/conditions/shingles-pf-nhs","html-validate","input-missing-label","error","1","L5: <input> element does not have a <label>","https://html-validate.org/rules/input-missing-label.html"
"https://www.centralpharmacy.clinic/conditions/shingles-pf-nhs","html-validate","input-missing-label","error","1","L5: <input> element does not have a <label>","https://html-validate.org/rules/input-missing-label.html"
"https://www.centralpharmacy.clinic/conditions/shingles-pf-nhs","html-validate","input-missing-label","error","1","L5: <input> element does not have a <label>","https://html-validate.org/rules/input-missing-label.html"
"https://www.centralpharmacy.clinic/conditions/shingles-pf-nhs","html-validate","input-missing-label","error","1","L5: <input> element does not have a <label>","https://html-validate.org/rules/input-missing-label.html"
"https://www.centralpharmacy.clinic/conditions/shingles-pf-nhs","html-validate","input-missing-label","error","1","L5: <input> element does not have a <label>","https://html-validate.org/rules/input-missing-label.html"
"https://www.centralpharmacy.clinic/conditions/shingles-pf-nhs","html-validate","require-sri","warning","1","L5: SRI ""integrity"" attribute is required on <script> element","https://html-validate.org/rules/require-sri.html"
"https://www.centralpharmacy.clinic/conditions/shingles-private","axe","color-contrast","serious","2","Elements must meet minimum color contrast ratio thresholds","https://dequeuniversity.com/rules/axe/4.13/color-contrast?application=playwright"
"https://www.centralpharmacy.clinic/conditions/shingles-private","axe","heading-order","moderate","1","Heading levels should only increase by one","https://dequeuniversity.com/rules/axe/4.13/heading-order?application=playwright"
"https://www.centralpharmacy.clinic/conditions/shingles-private","axe","landmark-one-main","moderate","1","Document should have one main landmark","https://dequeuniversity.com/rules/axe/4.13/landmark-one-main?application=playwright"
"https://www.centralpharmacy.clinic/conditions/shingles-private","axe","region","moderate","20","All page content should be contained by landmarks","https://dequeuniversity.com/rules/axe/4.13/region?application=playwright"
"https://www.centralpharmacy.clinic/conditions/shingles-private","structure","heading-skip","warning","1","Heading levels skipped: h1 → h3 (""Patient information"")",""
"https://www.centralpharmacy.clinic/conditions/shingles-private","structure","landmark-main-missing","warning","1","No <main> landmark",""
"https://www.centralpharmacy.clinic/conditions/shingles-private","structure","skip-link-missing","notice","1","No ""skip to content"" link",""
"https://www.centralpharmacy.clinic/conditions/shingles-private","structure","new-tab-no-warning","notice","1","1 links open new tab without warning",""
"https://www.centralpharmacy.clinic/conditions/shingles-private","structure","img-no-dimensions","notice","1","1 images without width/height (CLS risk)",""
"https://www.centralpharmacy.clinic/conditions/shingles-private","html-validate","require-sri","warning","1","L5: SRI ""integrity"" attribute is required on <link> element","https://html-validate.org/rules/require-sri.html"
"https://www.centralpharmacy.clinic/conditions/shingles-private","html-validate","require-sri","warning","1","L5: SRI ""integrity"" attribute is required on <script> element","https://html-validate.org/rules/require-sri.html"
"https://www.centralpharmacy.clinic/conditions/shingles-private","html-validate","require-sri","warning","1","L5: SRI ""integrity"" attribute is required on <script> element","https://html-validate.org/rules/require-sri.html"
"https://www.centralpharmacy.clinic/conditions/shingles-private","html-validate","require-sri","warning","1","L5: SRI ""integrity"" attribute is required on <script> element","https://html-validate.org/rules/require-sri.html"
"https://www.centralpharmacy.clinic/conditions/shingles-private","html-validate","require-sri","warning","1","L5: SRI ""integrity"" attribute is required on <script> element","https://html-validate.org/rules/require-sri.html"
"https://www.centralpharmacy.clinic/conditions/shingles-private","html-validate","require-sri","warning","1","L5: SRI ""integrity"" attribute is required on <script> element","https://html-validate.org/rules/require-sri.html"
"https://www.centralpharmacy.clinic/conditions/shingles-private","html-validate","require-sri","warning","1","L5: SRI ""integrity"" attribute is required on <script> element","https://html-validate.org/rules/require-sri.html"
"https://www.centralpharmacy.clinic/conditions/shingles-private","html-validate","require-sri","warning","1","L5: SRI ""integrity"" attribute is required on <script> element","https://html-validate.org/rules/require-sri.html"
"https://www.centralpharmacy.clinic/conditions/shingles-private","html-validate","require-sri","warning","1","L5: SRI ""integrity"" attribute is required on <script> element","https://html-validate.org/rules/require-sri.html"
"https://www.centralpharmacy.clinic/conditions/shingles-private","html-validate","require-sri","warning","1","L5: SRI ""integrity"" attribute is required on <script> element","https://html-validate.org/rules/require-sri.html"
"https://www.centralpharmacy.clinic/conditions/shingles-private","html-validate","require-sri","warning","1","L5: SRI ""integrity"" attribute is required on <script> element","https://html-validate.org/rules/require-sri.html"
"https://www.centralpharmacy.clinic/conditions/shingles-private","html-validate","require-sri","warning","1","L5: SRI ""integrity"" attribute is required on <script> element","https://html-validate.org/rules/require-sri.html"
"https://www.centralpharmacy.clinic/conditions/shingles-private","html-validate","require-sri","warning","1","L5: SRI ""integrity"" attribute is required on <script> element","https://html-validate.org/rules/require-sri.html"
"https://www.centralpharmacy.clinic/conditions/shingles-private","html-validate","require-sri","warning","1","L5: SRI ""integrity"" attribute is required on <script> element","https://html-validate.org/rules/require-sri.html"
"https://www.centralpharmacy.clinic/conditions/shingles-private","html-validate","require-sri","warning","1","L5: SRI ""integrity"" attribute is required on <script> element","https://html-validate.org/rules/require-sri.html"
"https://www.centralpharmacy.clinic/conditions/shingles-private","html-validate","require-sri","warning","1","L5: SRI ""integrity"" attribute is required on <script> element","https://html-validate.org/rules/require-sri.html"
"https://www.centralpharmacy.clinic/conditions/shingles-private","html-validate","require-sri","warning","1","L5: SRI ""integrity"" attribute is required on <script> element","https://html-validate.org/rules/require-sri.html"
"https://www.centralpharmacy.clinic/conditions/shingles-private","html-validate","require-sri","warning","1","L5: SRI ""integrity"" attribute is required on <script> element","https://html-validate.org/rules/require-sri.html"
"https://www.centralpharmacy.clinic/conditions/shingles-private","html-validate","require-sri","warning","1","L5: SRI ""integrity"" attribute is required on <script> element","https://html-validate.org/rules/require-sri.html"
"https://www.centralpharmacy.clinic/conditions/shingles-private","html-validate","require-sri","warning","1","L5: SRI ""integrity"" attribute is required on <script> element","https://html-validate.org/rules/require-sri.html"
"https://www.centralpharmacy.clinic/conditions/shingles-private","html-validate","require-sri","warning","1","L5: SRI ""integrity"" attribute is required on <script> element","https://html-validate.org/rules/require-sri.html"
"https://www.centralpharmacy.clinic/conditions/shingles-private","html-validate","require-sri","warning","1","L5: SRI ""integrity"" attribute is required on <script> element","https://html-validate.org/rules/require-sri.html"
"https://www.centralpharmacy.clinic/conditions/shingles-private","html-validate","require-sri","warning","1","L5: SRI ""integrity"" attribute is required on <script> element","https://html-validate.org/rules/require-sri.html"
"https://www.centralpharmacy.clinic/conditions/shingles-private","html-validate","require-sri","warning","1","L5: SRI ""integrity"" attribute is required on <script> element","https://html-validate.org/rules/require-sri.html"
"https://www.centralpharmacy.clinic/conditions/shingles-private","html-validate","require-sri","warning","1","L5: SRI ""integrity"" attribute is required on <script> element","https://html-validate.org/rules/require-sri.html"
"https://www.centralpharmacy.clinic/conditions/shingles-private","html-validate","require-sri","warning","1","L5: SRI ""integrity"" attribute is required on <link> element","https://html-validate.org/rules/require-sri.html"
"https://www.centralpharmacy.clinic/conditions/shingles-private","html-validate","require-sri","warning","1","L5: SRI ""integrity"" attribute is required on <script> element","https://html-validate.org/rules/require-sri.html"
"https://www.centralpharmacy.clinic/conditions/shingles-private","html-validate","heading-level","error","1","L5: Heading level can only increase by one, expected <h2> but got <h3>","https://html-validate.org/rules/heading-level.html"
"https://www.centralpharmacy.clinic/conditions/shingles-private","html-validate","input-missing-label","error","1","L5: <input> element does not have a <label>","https://html-validate.org/rules/input-missing-label.html"
"https://www.centralpharmacy.clinic/conditions/shingles-private","html-validate","input-missing-label","error","1","L5: <input> element does not have a <label>","https://html-validate.org/rules/input-missing-label.html"
"https://www.centralpharmacy.clinic/conditions/shingles-private","html-validate","input-missing-label","error","1","L5: <input> element does not have a <label>","https://html-validate.org/rules/input-missing-label.html"
"https://www.centralpharmacy.clinic/conditions/shingles-private","html-validate","input-missing-label","error","1","L5: <input> element does not have a <label>","https://html-validate.org/rules/input-missing-label.html"
"https://www.centralpharmacy.clinic/conditions/shingles-private","html-validate","input-missing-label","error","1","L5: <input> element does not have a <label>","https://html-validate.org/rules/input-missing-label.html"
"https://www.centralpharmacy.clinic/conditions/shingles-private","html-validate","input-missing-label","error","1","L5: <input> element does not have a <label>","https://html-validate.org/rules/input-missing-label.html"
"https://www.centralpharmacy.clinic/conditions/shingles-private","html-validate","require-sri","warning","1","L5: SRI ""integrity"" attribute is required on <script> element","https://html-validate.org/rules/require-sri.html"
"https://www.centralpharmacy.clinic/conditions/tick-borne-encephalitis-vaccination-private","axe","color-contrast","serious","2","Elements must meet minimum color contrast ratio thresholds","https://dequeuniversity.com/rules/axe/4.13/color-contrast?application=playwright"
"https://www.centralpharmacy.clinic/conditions/tick-borne-encephalitis-vaccination-private","axe","heading-order","moderate","1","Heading levels should only increase by one","https://dequeuniversity.com/rules/axe/4.13/heading-order?application=playwright"
"https://www.centralpharmacy.clinic/conditions/tick-borne-encephalitis-vaccination-private","axe","landmark-one-main","moderate","1","Document should have one main landmark","https://dequeuniversity.com/rules/axe/4.13/landmark-one-main?application=playwright"
"https://www.centralpharmacy.clinic/conditions/tick-borne-encephalitis-vaccination-private","axe","region","moderate","20","All page content should be contained by landmarks","https://dequeuniversity.com/rules/axe/4.13/region?application=playwright"
"https://www.centralpharmacy.clinic/conditions/tick-borne-encephalitis-vaccination-private","structure","heading-skip","warning","1","Heading levels skipped: h1 → h3 (""Patient information"")",""
"https://www.centralpharmacy.clinic/conditions/tick-borne-encephalitis-vaccination-private","structure","landmark-main-missing","warning","1","No <main> landmark",""
"https://www.centralpharmacy.clinic/conditions/tick-borne-encephalitis-vaccination-private","structure","skip-link-missing","notice","1","No ""skip to content"" link",""
"https://www.centralpharmacy.clinic/conditions/tick-borne-encephalitis-vaccination-private","structure","new-tab-no-warning","notice","1","1 links open new tab without warning",""
"https://www.centralpharmacy.clinic/conditions/tick-borne-encephalitis-vaccination-private","structure","img-no-dimensions","notice","1","1 images without width/height (CLS risk)",""
"https://www.centralpharmacy.clinic/conditions/tick-borne-encephalitis-vaccination-private","html-validate","require-sri","warning","1","L5: SRI ""integrity"" attribute is required on <link> element","https://html-validate.org/rules/require-sri.html"
"https://www.centralpharmacy.clinic/conditions/tick-borne-encephalitis-vaccination-private","html-validate","require-sri","warning","1","L5: SRI ""integrity"" attribute is required on <script> element","https://html-validate.org/rules/require-sri.html"
"https://www.centralpharmacy.clinic/conditions/tick-borne-encephalitis-vaccination-private","html-validate","require-sri","warning","1","L5: SRI ""integrity"" attribute is required on <script> element","https://html-validate.org/rules/require-sri.html"
"https://www.centralpharmacy.clinic/conditions/tick-borne-encephalitis-vaccination-private","html-validate","require-sri","warning","1","L5: SRI ""integrity"" attribute is required on <script> element","https://html-validate.org/rules/require-sri.html"
"https://www.centralpharmacy.clinic/conditions/tick-borne-encephalitis-vaccination-private","html-validate","require-sri","warning","1","L5: SRI ""integrity"" attribute is required on <script> element","https://html-validate.org/rules/require-sri.html"
"https://www.centralpharmacy.clinic/conditions/tick-borne-encephalitis-vaccination-private","html-validate","require-sri","warning","1","L5: SRI ""integrity"" attribute is required on <script> element","https://html-validate.org/rules/require-sri.html"
"https://www.centralpharmacy.clinic/conditions/tick-borne-encephalitis-vaccination-private","html-validate","require-sri","warning","1","L5: SRI ""integrity"" attribute is required on <script> element","https://html-validate.org/rules/require-sri.html"
"https://www.centralpharmacy.clinic/conditions/tick-borne-encephalitis-vaccination-private","html-validate","require-sri","warning","1","L5: SRI ""integrity"" attribute is required on <script> element","https://html-validate.org/rules/require-sri.html"
"https://www.centralpharmacy.clinic/conditions/tick-borne-encephalitis-vaccination-private","html-validate","require-sri","warning","1","L5: SRI ""integrity"" attribute is required on <script> element","https://html-validate.org/rules/require-sri.html"
"https://www.centralpharmacy.clinic/conditions/tick-borne-encephalitis-vaccination-private","html-validate","require-sri","warning","1","L5: SRI ""integrity"" attribute is required on <script> element","https://html-validate.org/rules/require-sri.html"
"https://www.centralpharmacy.clinic/conditions/tick-borne-encephalitis-vaccination-private","html-validate","require-sri","warning","1","L5: SRI ""integrity"" attribute is required on <script> element","https://html-validate.org/rules/require-sri.html"
"https://www.centralpharmacy.clinic/conditions/tick-borne-encephalitis-vaccination-private","html-validate","require-sri","warning","1","L5: SRI ""integrity"" attribute is required on <script> element","https://html-validate.org/rules/require-sri.html"
"https://www.centralpharmacy.clinic/conditions/tick-borne-encephalitis-vaccination-private","html-validate","require-sri","warning","1","L5: SRI ""integrity"" attribute is required on <script> element","https://html-validate.org/rules/require-sri.html"
"https://www.centralpharmacy.clinic/conditions/tick-borne-encephalitis-vaccination-private","html-validate","require-sri","warning","1","L5: SRI ""integrity"" attribute is required on <script> element","https://html-validate.org/rules/require-sri.html"
"https://www.centralpharmacy.clinic/conditions/tick-borne-encephalitis-vaccination-private","html-validate","require-sri","warning","1","L5: SRI ""integrity"" attribute is required on <script> element","https://html-validate.org/rules/require-sri.html"
"https://www.centralpharmacy.clinic/conditions/tick-borne-encephalitis-vaccination-private","html-validate","require-sri","warning","1","L5: SRI ""integrity"" attribute is required on <script> element","https://html-validate.org/rules/require-sri.html"
"https://www.centralpharmacy.clinic/conditions/tick-borne-encephalitis-vaccination-private","html-validate","require-sri","warning","1","L5: SRI ""integrity"" attribute is required on <script> element","https://html-validate.org/rules/require-sri.html"
"https://www.centralpharmacy.clinic/conditions/tick-borne-encephalitis-vaccination-private","html-validate","require-sri","warning","1","L5: SRI ""integrity"" attribute is required on <script> element","https://html-validate.org/rules/require-sri.html"
"https://www.centralpharmacy.clinic/conditions/tick-borne-encephalitis-vaccination-private","html-validate","require-sri","warning","1","L5: SRI ""integrity"" attribute is required on <script> element","https://html-validate.org/rules/require-sri.html"
"https://www.centralpharmacy.clinic/conditions/tick-borne-encephalitis-vaccination-private","html-validate","require-sri","warning","1","L5: SRI ""integrity"" attribute is required on <script> element","https://html-validate.org/rules/require-sri.html"
"https://www.centralpharmacy.clinic/conditions/tick-borne-encephalitis-vaccination-private","html-validate","require-sri","warning","1","L5: SRI ""integrity"" attribute is required on <script> element","https://html-validate.org/rules/require-sri.html"
"https://www.centralpharmacy.clinic/conditions/tick-borne-encephalitis-vaccination-private","html-validate","require-sri","warning","1","L5: SRI ""integrity"" attribute is required on <script> element","https://html-validate.org/rules/require-sri.html"
"https://www.centralpharmacy.clinic/conditions/tick-borne-encephalitis-vaccination-private","html-validate","require-sri","warning","1","L5: SRI ""integrity"" attribute is required on <script> element","https://html-validate.org/rules/require-sri.html"
"https://www.centralpharmacy.clinic/conditions/tick-borne-encephalitis-vaccination-private","html-validate","require-sri","warning","1","L5: SRI ""integrity"" attribute is required on <script> element","https://html-validate.org/rules/require-sri.html"
"https://www.centralpharmacy.clinic/conditions/tick-borne-encephalitis-vaccination-private","html-validate","require-sri","warning","1","L5: SRI ""integrity"" attribute is required on <script> element","https://html-validate.org/rules/require-sri.html"
"https://www.centralpharmacy.clinic/conditions/tick-borne-encephalitis-vaccination-private","html-validate","require-sri","warning","1","L5: SRI ""integrity"" attribute is required on <link> element","https://html-validate.org/rules/require-sri.html"
"https://www.centralpharmacy.clinic/conditions/tick-borne-encephalitis-vaccination-private","html-validate","require-sri","warning","1","L5: SRI ""integrity"" attribute is required on <script> element","https://html-validate.org/rules/require-sri.html"
"https://www.centralpharmacy.clinic/conditions/tick-borne-encephalitis-vaccination-private","html-validate","heading-level","error","1","L5: Heading level can only increase by one, expected <h2> but got <h3>","https://html-validate.org/rules/heading-level.html"
"https://www.centralpharmacy.clinic/conditions/tick-borne-encephalitis-vaccination-private","html-validate","input-missing-label","error","1","L5: <input> element does not have a <label>","https://html-validate.org/rules/input-missing-label.html"
"https://www.centralpharmacy.clinic/conditions/tick-borne-encephalitis-vaccination-private","html-validate","input-missing-label","error","1","L5: <input> element does not have a <label>","https://html-validate.org/rules/input-missing-label.html"
"https://www.centralpharmacy.clinic/conditions/tick-borne-encephalitis-vaccination-private","html-validate","input-missing-label","error","1","L5: <input> element does not have a <label>","https://html-validate.org/rules/input-missing-label.html"
"https://www.centralpharmacy.clinic/conditions/tick-borne-encephalitis-vaccination-private","html-validate","input-missing-label","error","1","L5: <input> element does not have a <label>","https://html-validate.org/rules/input-missing-label.html"
"https://www.centralpharmacy.clinic/conditions/tick-borne-encephalitis-vaccination-private","html-validate","input-missing-label","error","1","L5: <input> element does not have a <label>","https://html-validate.org/rules/input-missing-label.html"
"https://www.centralpharmacy.clinic/conditions/tick-borne-encephalitis-vaccination-private","html-validate","input-missing-label","error","1","L5: <input> element does not have a <label>","https://html-validate.org/rules/input-missing-label.html"
"https://www.centralpharmacy.clinic/conditions/tick-borne-encephalitis-vaccination-private","html-validate","require-sri","warning","1","L5: SRI ""integrity"" attribute is required on <script> element","https://html-validate.org/rules/require-sri.html"
"https://www.centralpharmacy.clinic/conditions/traveller-s-diarrhoea-private","axe","color-contrast","serious","2","Elements must meet minimum color contrast ratio thresholds","https://dequeuniversity.com/rules/axe/4.13/color-contrast?application=playwright"
"https://www.centralpharmacy.clinic/conditions/traveller-s-diarrhoea-private","axe","heading-order","moderate","1","Heading levels should only increase by one","https://dequeuniversity.com/rules/axe/4.13/heading-order?application=playwright"
"https://www.centralpharmacy.clinic/conditions/traveller-s-diarrhoea-private","axe","landmark-one-main","moderate","1","Document should have one main landmark","https://dequeuniversity.com/rules/axe/4.13/landmark-one-main?application=playwright"
"https://www.centralpharmacy.clinic/conditions/traveller-s-diarrhoea-private","axe","region","moderate","20","All page content should be contained by landmarks","https://dequeuniversity.com/rules/axe/4.13/region?application=playwright"
"https://www.centralpharmacy.clinic/conditions/traveller-s-diarrhoea-private","structure","heading-skip","warning","1","Heading levels skipped: h1 → h3 (""Patient information"")",""
"https://www.centralpharmacy.clinic/conditions/traveller-s-diarrhoea-private","structure","landmark-main-missing","warning","1","No <main> landmark",""
"https://www.centralpharmacy.clinic/conditions/traveller-s-diarrhoea-private","structure","skip-link-missing","notice","1","No ""skip to content"" link",""
"https://www.centralpharmacy.clinic/conditions/traveller-s-diarrhoea-private","structure","new-tab-no-warning","notice","1","1 links open new tab without warning",""
"https://www.centralpharmacy.clinic/conditions/traveller-s-diarrhoea-private","structure","img-no-dimensions","notice","1","1 images without width/height (CLS risk)",""
"https://www.centralpharmacy.clinic/conditions/traveller-s-diarrhoea-private","html-validate","require-sri","warning","1","L5: SRI ""integrity"" attribute is required on <link> element","https://html-validate.org/rules/require-sri.html"
"https://www.centralpharmacy.clinic/conditions/traveller-s-diarrhoea-private","html-validate","require-sri","warning","1","L5: SRI ""integrity"" attribute is required on <script> element","https://html-validate.org/rules/require-sri.html"
"https://www.centralpharmacy.clinic/conditions/traveller-s-diarrhoea-private","html-validate","require-sri","warning","1","L5: SRI ""integrity"" attribute is required on <script> element","https://html-validate.org/rules/require-sri.html"
"https://www.centralpharmacy.clinic/conditions/traveller-s-diarrhoea-private","html-validate","require-sri","warning","1","L5: SRI ""integrity"" attribute is required on <script> element","https://html-validate.org/rules/require-sri.html"
"https://www.centralpharmacy.clinic/conditions/traveller-s-diarrhoea-private","html-validate","require-sri","warning","1","L5: SRI ""integrity"" attribute is required on <script> element","https://html-validate.org/rules/require-sri.html"
"https://www.centralpharmacy.clinic/conditions/traveller-s-diarrhoea-private","html-validate","require-sri","warning","1","L5: SRI ""integrity"" attribute is required on <script> element","https://html-validate.org/rules/require-sri.html"
"https://www.centralpharmacy.clinic/conditions/traveller-s-diarrhoea-private","html-validate","require-sri","warning","1","L5: SRI ""integrity"" attribute is required on <script> element","https://html-validate.org/rules/require-sri.html"
"https://www.centralpharmacy.clinic/conditions/traveller-s-diarrhoea-private","html-validate","require-sri","warning","1","L5: SRI ""integrity"" attribute is required on <script> element","https://html-validate.org/rules/require-sri.html"
"https://www.centralpharmacy.clinic/conditions/traveller-s-diarrhoea-private","html-validate","require-sri","warning","1","L5: SRI ""integrity"" attribute is required on <script> element","https://html-validate.org/rules/require-sri.html"
"https://www.centralpharmacy.clinic/conditions/traveller-s-diarrhoea-private","html-validate","require-sri","warning","1","L5: SRI ""integrity"" attribute is required on <script> element","https://html-validate.org/rules/require-sri.html"
"https://www.centralpharmacy.clinic/conditions/traveller-s-diarrhoea-private","html-validate","require-sri","warning","1","L5: SRI ""integrity"" attribute is required on <script> element","https://html-validate.org/rules/require-sri.html"
"https://www.centralpharmacy.clinic/conditions/traveller-s-diarrhoea-private","html-validate","require-sri","warning","1","L5: SRI ""integrity"" attribute is required on <script> element","https://html-validate.org/rules/require-sri.html"
"https://www.centralpharmacy.clinic/conditions/traveller-s-diarrhoea-private","html-validate","require-sri","warning","1","L5: SRI ""integrity"" attribute is required on <script> element","https://html-validate.org/rules/require-sri.html"
"https://www.centralpharmacy.clinic/conditions/traveller-s-diarrhoea-private","html-validate","require-sri","warning","1","L5: SRI ""integrity"" attribute is required on <script> element","https://html-validate.org/rules/require-sri.html"
"https://www.centralpharmacy.clinic/conditions/traveller-s-diarrhoea-private","html-validate","require-sri","warning","1","L5: SRI ""integrity"" attribute is required on <script> element","https://html-validate.org/rules/require-sri.html"
"https://www.centralpharmacy.clinic/conditions/traveller-s-diarrhoea-private","html-validate","require-sri","warning","1","L5: SRI ""integrity"" attribute is required on <script> element","https://html-validate.org/rules/require-sri.html"
"https://www.centralpharmacy.clinic/conditions/traveller-s-diarrhoea-private","html-validate","require-sri","warning","1","L5: SRI ""integrity"" attribute is required on <script> element","https://html-validate.org/rules/require-sri.html"
"https://www.centralpharmacy.clinic/conditions/traveller-s-diarrhoea-private","html-validate","require-sri","warning","1","L5: SRI ""integrity"" attribute is required on <script> element","https://html-validate.org/rules/require-sri.html"
"https://www.centralpharmacy.clinic/conditions/traveller-s-diarrhoea-private","html-validate","require-sri","warning","1","L5: SRI ""integrity"" attribute is required on <script> element","https://html-validate.org/rules/require-sri.html"
"https://www.centralpharmacy.clinic/conditions/traveller-s-diarrhoea-private","html-validate","require-sri","warning","1","L5: SRI ""integrity"" attribute is required on <script> element","https://html-validate.org/rules/require-sri.html"
"https://www.centralpharmacy.clinic/conditions/traveller-s-diarrhoea-private","html-validate","require-sri","warning","1","L5: SRI ""integrity"" attribute is required on <script> element","https://html-validate.org/rules/require-sri.html"
"https://www.centralpharmacy.clinic/conditions/traveller-s-diarrhoea-private","html-validate","require-sri","warning","1","L5: SRI ""integrity"" attribute is required on <script> element","https://html-validate.org/rules/require-sri.html"
"https://www.centralpharmacy.clinic/conditions/traveller-s-diarrhoea-private","html-validate","require-sri","warning","1","L5: SRI ""integrity"" attribute is required on <script> element","https://html-validate.org/rules/require-sri.html"
"https://www.centralpharmacy.clinic/conditions/traveller-s-diarrhoea-private","html-validate","require-sri","warning","1","L5: SRI ""integrity"" attribute is required on <script> element","https://html-validate.org/rules/require-sri.html"
"https://www.centralpharmacy.clinic/conditions/traveller-s-diarrhoea-private","html-validate","require-sri","warning","1","L5: SRI ""integrity"" attribute is required on <script> element","https://html-validate.org/rules/require-sri.html"
"https://www.centralpharmacy.clinic/conditions/traveller-s-diarrhoea-private","html-validate","require-sri","warning","1","L5: SRI ""integrity"" attribute is required on <link> element","https://html-validate.org/rules/require-sri.html"
"https://www.centralpharmacy.clinic/conditions/traveller-s-diarrhoea-private","html-validate","require-sri","warning","1","L5: SRI ""integrity"" attribute is required on <script> element","https://html-validate.org/rules/require-sri.html"
"https://www.centralpharmacy.clinic/conditions/traveller-s-diarrhoea-private","html-validate","heading-level","error","1","L5: Heading level can only increase by one, expected <h2> but got <h3>","https://html-validate.org/rules/heading-level.html"
"https://www.centralpharmacy.clinic/conditions/traveller-s-diarrhoea-private","html-validate","input-missing-label","error","1","L5: <input> element does not have a <label>","https://html-validate.org/rules/input-missing-label.html"
"https://www.centralpharmacy.clinic/conditions/traveller-s-diarrhoea-private","html-validate","input-missing-label","error","1","L5: <input> element does not have a <label>","https://html-validate.org/rules/input-missing-label.html"
"https://www.centralpharmacy.clinic/conditions/traveller-s-diarrhoea-private","html-validate","input-missing-label","error","1","L5: <input> element does not have a <label>","https://html-validate.org/rules/input-missing-label.html"
"https://www.centralpharmacy.clinic/conditions/traveller-s-diarrhoea-private","html-validate","input-missing-label","error","1","L5: <input> element does not have a <label>","https://html-validate.org/rules/input-missing-label.html"
"https://www.centralpharmacy.clinic/conditions/traveller-s-diarrhoea-private","html-validate","input-missing-label","error","1","L5: <input> element does not have a <label>","https://html-validate.org/rules/input-missing-label.html"
"https://www.centralpharmacy.clinic/conditions/traveller-s-diarrhoea-private","html-validate","input-missing-label","error","1","L5: <input> element does not have a <label>","https://html-validate.org/rules/input-missing-label.html"
"https://www.centralpharmacy.clinic/conditions/traveller-s-diarrhoea-private","html-validate","require-sri","warning","1","L5: SRI ""integrity"" attribute is required on <script> element","https://html-validate.org/rules/require-sri.html"
"https://www.centralpharmacy.clinic/conditions/typhoid-vaccination-private","axe","color-contrast","serious","2","Elements must meet minimum color contrast ratio thresholds","https://dequeuniversity.com/rules/axe/4.13/color-contrast?application=playwright"
"https://www.centralpharmacy.clinic/conditions/typhoid-vaccination-private","axe","heading-order","moderate","1","Heading levels should only increase by one","https://dequeuniversity.com/rules/axe/4.13/heading-order?application=playwright"
"https://www.centralpharmacy.clinic/conditions/typhoid-vaccination-private","axe","landmark-one-main","moderate","1","Document should have one main landmark","https://dequeuniversity.com/rules/axe/4.13/landmark-one-main?application=playwright"
"https://www.centralpharmacy.clinic/conditions/typhoid-vaccination-private","axe","region","moderate","20","All page content should be contained by landmarks","https://dequeuniversity.com/rules/axe/4.13/region?application=playwright"
"https://www.centralpharmacy.clinic/conditions/typhoid-vaccination-private","structure","heading-skip","warning","1","Heading levels skipped: h1 → h3 (""Patient information"")",""
"https://www.centralpharmacy.clinic/conditions/typhoid-vaccination-private","structure","landmark-main-missing","warning","1","No <main> landmark",""
"https://www.centralpharmacy.clinic/conditions/typhoid-vaccination-private","structure","skip-link-missing","notice","1","No ""skip to content"" link",""
"https://www.centralpharmacy.clinic/conditions/typhoid-vaccination-private","structure","new-tab-no-warning","notice","1","1 links open new tab without warning",""
"https://www.centralpharmacy.clinic/conditions/typhoid-vaccination-private","structure","img-no-dimensions","notice","1","1 images without width/height (CLS risk)",""
"https://www.centralpharmacy.clinic/conditions/typhoid-vaccination-private","html-validate","require-sri","warning","1","L5: SRI ""integrity"" attribute is required on <link> element","https://html-validate.org/rules/require-sri.html"
"https://www.centralpharmacy.clinic/conditions/typhoid-vaccination-private","html-validate","require-sri","warning","1","L5: SRI ""integrity"" attribute is required on <script> element","https://html-validate.org/rules/require-sri.html"
"https://www.centralpharmacy.clinic/conditions/typhoid-vaccination-private","html-validate","require-sri","warning","1","L5: SRI ""integrity"" attribute is required on <script> element","https://html-validate.org/rules/require-sri.html"
"https://www.centralpharmacy.clinic/conditions/typhoid-vaccination-private","html-validate","require-sri","warning","1","L5: SRI ""integrity"" attribute is required on <script> element","https://html-validate.org/rules/require-sri.html"
"https://www.centralpharmacy.clinic/conditions/typhoid-vaccination-private","html-validate","require-sri","warning","1","L5: SRI ""integrity"" attribute is required on <script> element","https://html-validate.org/rules/require-sri.html"
"https://www.centralpharmacy.clinic/conditions/typhoid-vaccination-private","html-validate","require-sri","warning","1","L5: SRI ""integrity"" attribute is required on <script> element","https://html-validate.org/rules/require-sri.html"
"https://www.centralpharmacy.clinic/conditions/typhoid-vaccination-private","html-validate","require-sri","warning","1","L5: SRI ""integrity"" attribute is required on <script> element","https://html-validate.org/rules/require-sri.html"
"https://www.centralpharmacy.clinic/conditions/typhoid-vaccination-private","html-validate","require-sri","warning","1","L5: SRI ""integrity"" attribute is required on <script> element","https://html-validate.org/rules/require-sri.html"
"https://www.centralpharmacy.clinic/conditions/typhoid-vaccination-private","html-validate","require-sri","warning","1","L5: SRI ""integrity"" attribute is required on <script> element","https://html-validate.org/rules/require-sri.html"
"https://www.centralpharmacy.clinic/conditions/typhoid-vaccination-private","html-validate","require-sri","warning","1","L5: SRI ""integrity"" attribute is required on <script> element","https://html-validate.org/rules/require-sri.html"
"https://www.centralpharmacy.clinic/conditions/typhoid-vaccination-private","html-validate","require-sri","warning","1","L5: SRI ""integrity"" attribute is required on <script> element","https://html-validate.org/rules/require-sri.html"
"https://www.centralpharmacy.clinic/conditions/typhoid-vaccination-private","html-validate","require-sri","warning","1","L5: SRI ""integrity"" attribute is required on <script> element","https://html-validate.org/rules/require-sri.html"
"https://www.centralpharmacy.clinic/conditions/typhoid-vaccination-private","html-validate","require-sri","warning","1","L5: SRI ""integrity"" attribute is required on <script> element","https://html-validate.org/rules/require-sri.html"
"https://www.centralpharmacy.clinic/conditions/typhoid-vaccination-private","html-validate","require-sri","warning","1","L5: SRI ""integrity"" attribute is required on <script> element","https://html-validate.org/rules/require-sri.html"
"https://www.centralpharmacy.clinic/conditions/typhoid-vaccination-private","html-validate","require-sri","warning","1","L5: SRI ""integrity"" attribute is required on <script> element","https://html-validate.org/rules/require-sri.html"
"https://www.centralpharmacy.clinic/conditions/typhoid-vaccination-private","html-validate","require-sri","warning","1","L5: SRI ""integrity"" attribute is required on <script> element","https://html-validate.org/rules/require-sri.html"
"https://www.centralpharmacy.clinic/conditions/typhoid-vaccination-private","html-validate","require-sri","warning","1","L5: SRI ""integrity"" attribute is required on <script> element","https://html-validate.org/rules/require-sri.html"
"https://www.centralpharmacy.clinic/conditions/typhoid-vaccination-private","html-validate","require-sri","warning","1","L5: SRI ""integrity"" attribute is required on <script> element","https://html-validate.org/rules/require-sri.html"
"https://www.centralpharmacy.clinic/conditions/typhoid-vaccination-private","html-validate","require-sri","warning","1","L5: SRI ""integrity"" attribute is required on <script> element","https://html-validate.org/rules/require-sri.html"
"https://www.centralpharmacy.clinic/conditions/typhoid-vaccination-private","html-validate","require-sri","warning","1","L5: SRI ""integrity"" attribute is required on <script> element","https://html-validate.org/rules/require-sri.html"
"https://www.centralpharmacy.clinic/conditions/typhoid-vaccination-private","html-validate","require-sri","warning","1","L5: SRI ""integrity"" attribute is required on <script> element","https://html-validate.org/rules/require-sri.html"
"https://www.centralpharmacy.clinic/conditions/typhoid-vaccination-private","html-validate","require-sri","warning","1","L5: SRI ""integrity"" attribute is required on <script> element","https://html-validate.org/rules/require-sri.html"
"https://www.centralpharmacy.clinic/conditions/typhoid-vaccination-private","html-validate","require-sri","warning","1","L5: SRI ""integrity"" attribute is required on <script> element","https://html-validate.org/rules/require-sri.html"
"https://www.centralpharmacy.clinic/conditions/typhoid-vaccination-private","html-validate","require-sri","warning","1","L5: SRI ""integrity"" attribute is required on <script> element","https://html-validate.org/rules/require-sri.html"
"https://www.centralpharmacy.clinic/conditions/typhoid-vaccination-private","html-validate","require-sri","warning","1","L5: SRI ""integrity"" attribute is required on <script> element","https://html-validate.org/rules/require-sri.html"
"https://www.centralpharmacy.clinic/conditions/typhoid-vaccination-private","html-validate","require-sri","warning","1","L5: SRI ""integrity"" attribute is required on <link> element","https://html-validate.org/rules/require-sri.html"
"https://www.centralpharmacy.clinic/conditions/typhoid-vaccination-private","html-validate","require-sri","warning","1","L5: SRI ""integrity"" attribute is required on <script> element","https://html-validate.org/rules/require-sri.html"
"https://www.centralpharmacy.clinic/conditions/typhoid-vaccination-private","html-validate","heading-level","error","1","L5: Heading level can only increase by one, expected <h2> but got <h3>","https://html-validate.org/rules/heading-level.html"
"https://www.centralpharmacy.clinic/conditions/typhoid-vaccination-private","html-validate","input-missing-label","error","1","L5: <input> element does not have a <label>","https://html-validate.org/rules/input-missing-label.html"
"https://www.centralpharmacy.clinic/conditions/typhoid-vaccination-private","html-validate","input-missing-label","error","1","L5: <input> element does not have a <label>","https://html-validate.org/rules/input-missing-label.html"
"https://www.centralpharmacy.clinic/conditions/typhoid-vaccination-private","html-validate","input-missing-label","error","1","L5: <input> element does not have a <label>","https://html-validate.org/rules/input-missing-label.html"
"https://www.centralpharmacy.clinic/conditions/typhoid-vaccination-private","html-validate","input-missing-label","error","1","L5: <input> element does not have a <label>","https://html-validate.org/rules/input-missing-label.html"
"https://www.centralpharmacy.clinic/conditions/typhoid-vaccination-private","html-validate","input-missing-label","error","1","L5: <input> element does not have a <label>","https://html-validate.org/rules/input-missing-label.html"
"https://www.centralpharmacy.clinic/conditions/typhoid-vaccination-private","html-validate","input-missing-label","error","1","L5: <input> element does not have a <label>","https://html-validate.org/rules/input-missing-label.html"
"https://www.centralpharmacy.clinic/conditions/typhoid-vaccination-private","html-validate","require-sri","warning","1","L5: SRI ""integrity"" attribute is required on <script> element","https://html-validate.org/rules/require-sri.html"
"https://www.centralpharmacy.clinic/conditions/uti-pf-nhs","axe","color-contrast","serious","2","Elements must meet minimum color contrast ratio thresholds","https://dequeuniversity.com/rules/axe/4.13/color-contrast?application=playwright"
"https://www.centralpharmacy.clinic/conditions/uti-pf-nhs","axe","heading-order","moderate","1","Heading levels should only increase by one","https://dequeuniversity.com/rules/axe/4.13/heading-order?application=playwright"
"https://www.centralpharmacy.clinic/conditions/uti-pf-nhs","axe","landmark-one-main","moderate","1","Document should have one main landmark","https://dequeuniversity.com/rules/axe/4.13/landmark-one-main?application=playwright"
"https://www.centralpharmacy.clinic/conditions/uti-pf-nhs","axe","region","moderate","20","All page content should be contained by landmarks","https://dequeuniversity.com/rules/axe/4.13/region?application=playwright"
"https://www.centralpharmacy.clinic/conditions/uti-pf-nhs","structure","heading-skip","warning","1","Heading levels skipped: h1 → h3 (""Patient information"")",""
"https://www.centralpharmacy.clinic/conditions/uti-pf-nhs","structure","landmark-main-missing","warning","1","No <main> landmark",""
"https://www.centralpharmacy.clinic/conditions/uti-pf-nhs","structure","skip-link-missing","notice","1","No ""skip to content"" link",""
"https://www.centralpharmacy.clinic/conditions/uti-pf-nhs","structure","new-tab-no-warning","notice","1","1 links open new tab without warning",""
"https://www.centralpharmacy.clinic/conditions/uti-pf-nhs","structure","img-no-dimensions","notice","1","1 images without width/height (CLS risk)",""
"https://www.centralpharmacy.clinic/conditions/uti-pf-nhs","html-validate","require-sri","warning","1","L5: SRI ""integrity"" attribute is required on <link> element","https://html-validate.org/rules/require-sri.html"
"https://www.centralpharmacy.clinic/conditions/uti-pf-nhs","html-validate","require-sri","warning","1","L5: SRI ""integrity"" attribute is required on <script> element","https://html-validate.org/rules/require-sri.html"
"https://www.centralpharmacy.clinic/conditions/uti-pf-nhs","html-validate","require-sri","warning","1","L5: SRI ""integrity"" attribute is required on <script> element","https://html-validate.org/rules/require-sri.html"
"https://www.centralpharmacy.clinic/conditions/uti-pf-nhs","html-validate","require-sri","warning","1","L5: SRI ""integrity"" attribute is required on <script> element","https://html-validate.org/rules/require-sri.html"
"https://www.centralpharmacy.clinic/conditions/uti-pf-nhs","html-validate","require-sri","warning","1","L5: SRI ""integrity"" attribute is required on <script> element","https://html-validate.org/rules/require-sri.html"
"https://www.centralpharmacy.clinic/conditions/uti-pf-nhs","html-validate","require-sri","warning","1","L5: SRI ""integrity"" attribute is required on <script> element","https://html-validate.org/rules/require-sri.html"
"https://www.centralpharmacy.clinic/conditions/uti-pf-nhs","html-validate","require-sri","warning","1","L5: SRI ""integrity"" attribute is required on <script> element","https://html-validate.org/rules/require-sri.html"
"https://www.centralpharmacy.clinic/conditions/uti-pf-nhs","html-validate","require-sri","warning","1","L5: SRI ""integrity"" attribute is required on <script> element","https://html-validate.org/rules/require-sri.html"
"https://www.centralpharmacy.clinic/conditions/uti-pf-nhs","html-validate","require-sri","warning","1","L5: SRI ""integrity"" attribute is required on <script> element","https://html-validate.org/rules/require-sri.html"
"https://www.centralpharmacy.clinic/conditions/uti-pf-nhs","html-validate","require-sri","warning","1","L5: SRI ""integrity"" attribute is required on <script> element","https://html-validate.org/rules/require-sri.html"
"https://www.centralpharmacy.clinic/conditions/uti-pf-nhs","html-validate","require-sri","warning","1","L5: SRI ""integrity"" attribute is required on <script> element","https://html-validate.org/rules/require-sri.html"
"https://www.centralpharmacy.clinic/conditions/uti-pf-nhs","html-validate","require-sri","warning","1","L5: SRI ""integrity"" attribute is required on <script> element","https://html-validate.org/rules/require-sri.html"
"https://www.centralpharmacy.clinic/conditions/uti-pf-nhs","html-validate","require-sri","warning","1","L5: SRI ""integrity"" attribute is required on <script> element","https://html-validate.org/rules/require-sri.html"
"https://www.centralpharmacy.clinic/conditions/uti-pf-nhs","html-validate","require-sri","warning","1","L5: SRI ""integrity"" attribute is required on <script> element","https://html-validate.org/rules/require-sri.html"
"https://www.centralpharmacy.clinic/conditions/uti-pf-nhs","html-validate","require-sri","warning","1","L5: SRI ""integrity"" attribute is required on <script> element","https://html-validate.org/rules/require-sri.html"
"https://www.centralpharmacy.clinic/conditions/uti-pf-nhs","html-validate","require-sri","warning","1","L5: SRI ""integrity"" attribute is required on <script> element","https://html-validate.org/rules/require-sri.html"
"https://www.centralpharmacy.clinic/conditions/uti-pf-nhs","html-validate","require-sri","warning","1","L5: SRI ""integrity"" attribute is required on <script> element","https://html-validate.org/rules/require-sri.html"
"https://www.centralpharmacy.clinic/conditions/uti-pf-nhs","html-validate","require-sri","warning","1","L5: SRI ""integrity"" attribute is required on <script> element","https://html-validate.org/rules/require-sri.html"
"https://www.centralpharmacy.clinic/conditions/uti-pf-nhs","html-validate","require-sri","warning","1","L5: SRI ""integrity"" attribute is required on <script> element","https://html-validate.org/rules/require-sri.html"
"https://www.centralpharmacy.clinic/conditions/uti-pf-nhs","html-validate","require-sri","warning","1","L5: SRI ""integrity"" attribute is required on <script> element","https://html-validate.org/rules/require-sri.html"
"https://www.centralpharmacy.clinic/conditions/uti-pf-nhs","html-validate","require-sri","warning","1","L5: SRI ""integrity"" attribute is required on <script> element","https://html-validate.org/rules/require-sri.html"
"https://www.centralpharmacy.clinic/conditions/uti-pf-nhs","html-validate","require-sri","warning","1","L5: SRI ""integrity"" attribute is required on <script> element","https://html-validate.org/rules/require-sri.html"
"https://www.centralpharmacy.clinic/conditions/uti-pf-nhs","html-validate","require-sri","warning","1","L5: SRI ""integrity"" attribute is required on <script> element","https://html-validate.org/rules/require-sri.html"
"https://www.centralpharmacy.clinic/conditions/uti-pf-nhs","html-validate","require-sri","warning","1","L5: SRI ""integrity"" attribute is required on <script> element","https://html-validate.org/rules/require-sri.html"
"https://www.centralpharmacy.clinic/conditions/uti-pf-nhs","html-validate","require-sri","warning","1","L5: SRI ""integrity"" attribute is required on <script> element","https://html-validate.org/rules/require-sri.html"
"https://www.centralpharmacy.clinic/conditions/uti-pf-nhs","html-validate","require-sri","warning","1","L5: SRI ""integrity"" attribute is required on <link> element","https://html-validate.org/rules/require-sri.html"
"https://www.centralpharmacy.clinic/conditions/uti-pf-nhs","html-validate","require-sri","warning","1","L5: SRI ""integrity"" attribute is required on <script> element","https://html-validate.org/rules/require-sri.html"
"https://www.centralpharmacy.clinic/conditions/uti-pf-nhs","html-validate","heading-level","error","1","L5: Heading level can only increase by one, expected <h2> but got <h3>","https://html-validate.org/rules/heading-level.html"
"https://www.centralpharmacy.clinic/conditions/uti-pf-nhs","html-validate","input-missing-label","error","1","L5: <input> element does not have a <label>","https://html-validate.org/rules/input-missing-label.html"
"https://www.centralpharmacy.clinic/conditions/uti-pf-nhs","html-validate","input-missing-label","error","1","L5: <input> element does not have a <label>","https://html-validate.org/rules/input-missing-label.html"
"https://www.centralpharmacy.clinic/conditions/uti-pf-nhs","html-validate","input-missing-label","error","1","L5: <input> element does not have a <label>","https://html-validate.org/rules/input-missing-label.html"
"https://www.centralpharmacy.clinic/conditions/uti-pf-nhs","html-validate","input-missing-label","error","1","L5: <input> element does not have a <label>","https://html-validate.org/rules/input-missing-label.html"
"https://www.centralpharmacy.clinic/conditions/uti-pf-nhs","html-validate","input-missing-label","error","1","L5: <input> element does not have a <label>","https://html-validate.org/rules/input-missing-label.html"
"https://www.centralpharmacy.clinic/conditions/uti-pf-nhs","html-validate","input-missing-label","error","1","L5: <input> element does not have a <label>","https://html-validate.org/rules/input-missing-label.html"
"https://www.centralpharmacy.clinic/conditions/uti-pf-nhs","html-validate","require-sri","warning","1","L5: SRI ""integrity"" attribute is required on <script> element","https://html-validate.org/rules/require-sri.html"
"https://www.centralpharmacy.clinic/conditions/varicella-chickenpox-private","axe","color-contrast","serious","2","Elements must meet minimum color contrast ratio thresholds","https://dequeuniversity.com/rules/axe/4.13/color-contrast?application=playwright"
"https://www.centralpharmacy.clinic/conditions/varicella-chickenpox-private","axe","heading-order","moderate","1","Heading levels should only increase by one","https://dequeuniversity.com/rules/axe/4.13/heading-order?application=playwright"
"https://www.centralpharmacy.clinic/conditions/varicella-chickenpox-private","axe","landmark-one-main","moderate","1","Document should have one main landmark","https://dequeuniversity.com/rules/axe/4.13/landmark-one-main?application=playwright"
"https://www.centralpharmacy.clinic/conditions/varicella-chickenpox-private","axe","region","moderate","20","All page content should be contained by landmarks","https://dequeuniversity.com/rules/axe/4.13/region?application=playwright"
"https://www.centralpharmacy.clinic/conditions/varicella-chickenpox-private","structure","heading-skip","warning","1","Heading levels skipped: h1 → h3 (""Patient information"")",""
"https://www.centralpharmacy.clinic/conditions/varicella-chickenpox-private","structure","landmark-main-missing","warning","1","No <main> landmark",""
"https://www.centralpharmacy.clinic/conditions/varicella-chickenpox-private","structure","skip-link-missing","notice","1","No ""skip to content"" link",""
"https://www.centralpharmacy.clinic/conditions/varicella-chickenpox-private","structure","new-tab-no-warning","notice","1","1 links open new tab without warning",""
"https://www.centralpharmacy.clinic/conditions/varicella-chickenpox-private","structure","img-no-dimensions","notice","1","1 images without width/height (CLS risk)",""
"https://www.centralpharmacy.clinic/conditions/varicella-chickenpox-private","html-validate","require-sri","warning","1","L5: SRI ""integrity"" attribute is required on <link> element","https://html-validate.org/rules/require-sri.html"
"https://www.centralpharmacy.clinic/conditions/varicella-chickenpox-private","html-validate","require-sri","warning","1","L5: SRI ""integrity"" attribute is required on <script> element","https://html-validate.org/rules/require-sri.html"
"https://www.centralpharmacy.clinic/conditions/varicella-chickenpox-private","html-validate","require-sri","warning","1","L5: SRI ""integrity"" attribute is required on <script> element","https://html-validate.org/rules/require-sri.html"
"https://www.centralpharmacy.clinic/conditions/varicella-chickenpox-private","html-validate","require-sri","warning","1","L5: SRI ""integrity"" attribute is required on <script> element","https://html-validate.org/rules/require-sri.html"
"https://www.centralpharmacy.clinic/conditions/varicella-chickenpox-private","html-validate","require-sri","warning","1","L5: SRI ""integrity"" attribute is required on <script> element","https://html-validate.org/rules/require-sri.html"
"https://www.centralpharmacy.clinic/conditions/varicella-chickenpox-private","html-validate","require-sri","warning","1","L5: SRI ""integrity"" attribute is required on <script> element","https://html-validate.org/rules/require-sri.html"
"https://www.centralpharmacy.clinic/conditions/varicella-chickenpox-private","html-validate","require-sri","warning","1","L5: SRI ""integrity"" attribute is required on <script> element","https://html-validate.org/rules/require-sri.html"
"https://www.centralpharmacy.clinic/conditions/varicella-chickenpox-private","html-validate","require-sri","warning","1","L5: SRI ""integrity"" attribute is required on <script> element","https://html-validate.org/rules/require-sri.html"
"https://www.centralpharmacy.clinic/conditions/varicella-chickenpox-private","html-validate","require-sri","warning","1","L5: SRI ""integrity"" attribute is required on <script> element","https://html-validate.org/rules/require-sri.html"
"https://www.centralpharmacy.clinic/conditions/varicella-chickenpox-private","html-validate","require-sri","warning","1","L5: SRI ""integrity"" attribute is required on <script> element","https://html-validate.org/rules/require-sri.html"
"https://www.centralpharmacy.clinic/conditions/varicella-chickenpox-private","html-validate","require-sri","warning","1","L5: SRI ""integrity"" attribute is required on <script> element","https://html-validate.org/rules/require-sri.html"
"https://www.centralpharmacy.clinic/conditions/varicella-chickenpox-private","html-validate","require-sri","warning","1","L5: SRI ""integrity"" attribute is required on <script> element","https://html-validate.org/rules/require-sri.html"
"https://www.centralpharmacy.clinic/conditions/varicella-chickenpox-private","html-validate","require-sri","warning","1","L5: SRI ""integrity"" attribute is required on <script> element","https://html-validate.org/rules/require-sri.html"
"https://www.centralpharmacy.clinic/conditions/varicella-chickenpox-private","html-validate","require-sri","warning","1","L5: SRI ""integrity"" attribute is required on <script> element","https://html-validate.org/rules/require-sri.html"
"https://www.centralpharmacy.clinic/conditions/varicella-chickenpox-private","html-validate","require-sri","warning","1","L5: SRI ""integrity"" attribute is required on <script> element","https://html-validate.org/rules/require-sri.html"
"https://www.centralpharmacy.clinic/conditions/varicella-chickenpox-private","html-validate","require-sri","warning","1","L5: SRI ""integrity"" attribute is required on <script> element","https://html-validate.org/rules/require-sri.html"
"https://www.centralpharmacy.clinic/conditions/varicella-chickenpox-private","html-validate","require-sri","warning","1","L5: SRI ""integrity"" attribute is required on <script> element","https://html-validate.org/rules/require-sri.html"
"https://www.centralpharmacy.clinic/conditions/varicella-chickenpox-private","html-validate","require-sri","warning","1","L5: SRI ""integrity"" attribute is required on <script> element","https://html-validate.org/rules/require-sri.html"
"https://www.centralpharmacy.clinic/conditions/varicella-chickenpox-private","html-validate","require-sri","warning","1","L5: SRI ""integrity"" attribute is required on <script> element","https://html-validate.org/rules/require-sri.html"
"https://www.centralpharmacy.clinic/conditions/varicella-chickenpox-private","html-validate","require-sri","warning","1","L5: SRI ""integrity"" attribute is required on <script> element","https://html-validate.org/rules/require-sri.html"
"https://www.centralpharmacy.clinic/conditions/varicella-chickenpox-private","html-validate","require-sri","warning","1","L5: SRI ""integrity"" attribute is required on <script> element","https://html-validate.org/rules/require-sri.html"
"https://www.centralpharmacy.clinic/conditions/varicella-chickenpox-private","html-validate","require-sri","warning","1","L5: SRI ""integrity"" attribute is required on <script> element","https://html-validate.org/rules/require-sri.html"
"https://www.centralpharmacy.clinic/conditions/varicella-chickenpox-private","html-validate","require-sri","warning","1","L5: SRI ""integrity"" attribute is required on <script> element","https://html-validate.org/rules/require-sri.html"
"https://www.centralpharmacy.clinic/conditions/varicella-chickenpox-private","html-validate","require-sri","warning","1","L5: SRI ""integrity"" attribute is required on <script> element","https://html-validate.org/rules/require-sri.html"
"https://www.centralpharmacy.clinic/conditions/varicella-chickenpox-private","html-validate","require-sri","warning","1","L5: SRI ""integrity"" attribute is required on <script> element","https://html-validate.org/rules/require-sri.html"
"https://www.centralpharmacy.clinic/conditions/varicella-chickenpox-private","html-validate","require-sri","warning","1","L5: SRI ""integrity"" attribute is required on <link> element","https://html-validate.org/rules/require-sri.html"
"https://www.centralpharmacy.clinic/conditions/varicella-chickenpox-private","html-validate","require-sri","warning","1","L5: SRI ""integrity"" attribute is required on <script> element","https://html-validate.org/rules/require-sri.html"
"https://www.centralpharmacy.clinic/conditions/varicella-chickenpox-private","html-validate","heading-level","error","1","L5: Heading level can only increase by one, expected <h2> but got <h3>","https://html-validate.org/rules/heading-level.html"
"https://www.centralpharmacy.clinic/conditions/varicella-chickenpox-private","html-validate","input-missing-label","error","1","L5: <input> element does not have a <label>","https://html-validate.org/rules/input-missing-label.html"
"https://www.centralpharmacy.clinic/conditions/varicella-chickenpox-private","html-validate","input-missing-label","error","1","L5: <input> element does not have a <label>","https://html-validate.org/rules/input-missing-label.html"
"https://www.centralpharmacy.clinic/conditions/varicella-chickenpox-private","html-validate","input-missing-label","error","1","L5: <input> element does not have a <label>","https://html-validate.org/rules/input-missing-label.html"
"https://www.centralpharmacy.clinic/conditions/varicella-chickenpox-private","html-validate","input-missing-label","error","1","L5: <input> element does not have a <label>","https://html-validate.org/rules/input-missing-label.html"
"https://www.centralpharmacy.clinic/conditions/varicella-chickenpox-private","html-validate","input-missing-label","error","1","L5: <input> element does not have a <label>","https://html-validate.org/rules/input-missing-label.html"
"https://www.centralpharmacy.clinic/conditions/varicella-chickenpox-private","html-validate","input-missing-label","error","1","L5: <input> element does not have a <label>","https://html-validate.org/rules/input-missing-label.html"
"https://www.centralpharmacy.clinic/conditions/varicella-chickenpox-private","html-validate","require-sri","warning","1","L5: SRI ""integrity"" attribute is required on <script> element","https://html-validate.org/rules/require-sri.html"
"https://www.centralpharmacy.clinic/conditions/vitamin-b12-private","axe","color-contrast","serious","2","Elements must meet minimum color contrast ratio thresholds","https://dequeuniversity.com/rules/axe/4.13/color-contrast?application=playwright"
"https://www.centralpharmacy.clinic/conditions/vitamin-b12-private","axe","heading-order","moderate","1","Heading levels should only increase by one","https://dequeuniversity.com/rules/axe/4.13/heading-order?application=playwright"
"https://www.centralpharmacy.clinic/conditions/vitamin-b12-private","axe","landmark-one-main","moderate","1","Document should have one main landmark","https://dequeuniversity.com/rules/axe/4.13/landmark-one-main?application=playwright"
"https://www.centralpharmacy.clinic/conditions/vitamin-b12-private","axe","region","moderate","20","All page content should be contained by landmarks","https://dequeuniversity.com/rules/axe/4.13/region?application=playwright"
"https://www.centralpharmacy.clinic/conditions/vitamin-b12-private","structure","heading-skip","warning","1","Heading levels skipped: h1 → h3 (""Patient information"")",""
"https://www.centralpharmacy.clinic/conditions/vitamin-b12-private","structure","landmark-main-missing","warning","1","No <main> landmark",""
"https://www.centralpharmacy.clinic/conditions/vitamin-b12-private","structure","skip-link-missing","notice","1","No ""skip to content"" link",""
"https://www.centralpharmacy.clinic/conditions/vitamin-b12-private","structure","new-tab-no-warning","notice","1","1 links open new tab without warning",""
"https://www.centralpharmacy.clinic/conditions/vitamin-b12-private","structure","img-no-dimensions","notice","1","1 images without width/height (CLS risk)",""
"https://www.centralpharmacy.clinic/conditions/vitamin-b12-private","html-validate","require-sri","warning","1","L5: SRI ""integrity"" attribute is required on <link> element","https://html-validate.org/rules/require-sri.html"
"https://www.centralpharmacy.clinic/conditions/vitamin-b12-private","html-validate","require-sri","warning","1","L5: SRI ""integrity"" attribute is required on <script> element","https://html-validate.org/rules/require-sri.html"
"https://www.centralpharmacy.clinic/conditions/vitamin-b12-private","html-validate","require-sri","warning","1","L5: SRI ""integrity"" attribute is required on <script> element","https://html-validate.org/rules/require-sri.html"
"https://www.centralpharmacy.clinic/conditions/vitamin-b12-private","html-validate","require-sri","warning","1","L5: SRI ""integrity"" attribute is required on <script> element","https://html-validate.org/rules/require-sri.html"
"https://www.centralpharmacy.clinic/conditions/vitamin-b12-private","html-validate","require-sri","warning","1","L5: SRI ""integrity"" attribute is required on <script> element","https://html-validate.org/rules/require-sri.html"
"https://www.centralpharmacy.clinic/conditions/vitamin-b12-private","html-validate","require-sri","warning","1","L5: SRI ""integrity"" attribute is required on <script> element","https://html-validate.org/rules/require-sri.html"
"https://www.centralpharmacy.clinic/conditions/vitamin-b12-private","html-validate","require-sri","warning","1","L5: SRI ""integrity"" attribute is required on <script> element","https://html-validate.org/rules/require-sri.html"
"https://www.centralpharmacy.clinic/conditions/vitamin-b12-private","html-validate","require-sri","warning","1","L5: SRI ""integrity"" attribute is required on <script> element","https://html-validate.org/rules/require-sri.html"
"https://www.centralpharmacy.clinic/conditions/vitamin-b12-private","html-validate","require-sri","warning","1","L5: SRI ""integrity"" attribute is required on <script> element","https://html-validate.org/rules/require-sri.html"
"https://www.centralpharmacy.clinic/conditions/vitamin-b12-private","html-validate","require-sri","warning","1","L5: SRI ""integrity"" attribute is required on <script> element","https://html-validate.org/rules/require-sri.html"
"https://www.centralpharmacy.clinic/conditions/vitamin-b12-private","html-validate","require-sri","warning","1","L5: SRI ""integrity"" attribute is required on <script> element","https://html-validate.org/rules/require-sri.html"
"https://www.centralpharmacy.clinic/conditions/vitamin-b12-private","html-validate","require-sri","warning","1","L5: SRI ""integrity"" attribute is required on <script> element","https://html-validate.org/rules/require-sri.html"
"https://www.centralpharmacy.clinic/conditions/vitamin-b12-private","html-validate","require-sri","warning","1","L5: SRI ""integrity"" attribute is required on <script> element","https://html-validate.org/rules/require-sri.html"
"https://www.centralpharmacy.clinic/conditions/vitamin-b12-private","html-validate","require-sri","warning","1","L5: SRI ""integrity"" attribute is required on <script> element","https://html-validate.org/rules/require-sri.html"
"https://www.centralpharmacy.clinic/conditions/vitamin-b12-private","html-validate","require-sri","warning","1","L5: SRI ""integrity"" attribute is required on <script> element","https://html-validate.org/rules/require-sri.html"
"https://www.centralpharmacy.clinic/conditions/vitamin-b12-private","html-validate","require-sri","warning","1","L5: SRI ""integrity"" attribute is required on <script> element","https://html-validate.org/rules/require-sri.html"
"https://www.centralpharmacy.clinic/conditions/vitamin-b12-private","html-validate","require-sri","warning","1","L5: SRI ""integrity"" attribute is required on <script> element","https://html-validate.org/rules/require-sri.html"
"https://www.centralpharmacy.clinic/conditions/vitamin-b12-private","html-validate","require-sri","warning","1","L5: SRI ""integrity"" attribute is required on <script> element","https://html-validate.org/rules/require-sri.html"
"https://www.centralpharmacy.clinic/conditions/vitamin-b12-private","html-validate","require-sri","warning","1","L5: SRI ""integrity"" attribute is required on <script> element","https://html-validate.org/rules/require-sri.html"
"https://www.centralpharmacy.clinic/conditions/vitamin-b12-private","html-validate","require-sri","warning","1","L5: SRI ""integrity"" attribute is required on <script> element","https://html-validate.org/rules/require-sri.html"
"https://www.centralpharmacy.clinic/conditions/vitamin-b12-private","html-validate","require-sri","warning","1","L5: SRI ""integrity"" attribute is required on <script> element","https://html-validate.org/rules/require-sri.html"
"https://www.centralpharmacy.clinic/conditions/vitamin-b12-private","html-validate","require-sri","warning","1","L5: SRI ""integrity"" attribute is required on <script> element","https://html-validate.org/rules/require-sri.html"
"https://www.centralpharmacy.clinic/conditions/vitamin-b12-private","html-validate","require-sri","warning","1","L5: SRI ""integrity"" attribute is required on <script> element","https://html-validate.org/rules/require-sri.html"
"https://www.centralpharmacy.clinic/conditions/vitamin-b12-private","html-validate","require-sri","warning","1","L5: SRI ""integrity"" attribute is required on <script> element","https://html-validate.org/rules/require-sri.html"
"https://www.centralpharmacy.clinic/conditions/vitamin-b12-private","html-validate","require-sri","warning","1","L5: SRI ""integrity"" attribute is required on <script> element","https://html-validate.org/rules/require-sri.html"
"https://www.centralpharmacy.clinic/conditions/vitamin-b12-private","html-validate","require-sri","warning","1","L5: SRI ""integrity"" attribute is required on <link> element","https://html-validate.org/rules/require-sri.html"
"https://www.centralpharmacy.clinic/conditions/vitamin-b12-private","html-validate","require-sri","warning","1","L5: SRI ""integrity"" attribute is required on <script> element","https://html-validate.org/rules/require-sri.html"
"https://www.centralpharmacy.clinic/conditions/vitamin-b12-private","html-validate","heading-level","error","1","L5: Heading level can only increase by one, expected <h2> but got <h3>","https://html-validate.org/rules/heading-level.html"
"https://www.centralpharmacy.clinic/conditions/vitamin-b12-private","html-validate","input-missing-label","error","1","L5: <input> element does not have a <label>","https://html-validate.org/rules/input-missing-label.html"
"https://www.centralpharmacy.clinic/conditions/vitamin-b12-private","html-validate","input-missing-label","error","1","L5: <input> element does not have a <label>","https://html-validate.org/rules/input-missing-label.html"
"https://www.centralpharmacy.clinic/conditions/vitamin-b12-private","html-validate","input-missing-label","error","1","L5: <input> element does not have a <label>","https://html-validate.org/rules/input-missing-label.html"
"https://www.centralpharmacy.clinic/conditions/vitamin-b12-private","html-validate","input-missing-label","error","1","L5: <input> element does not have a <label>","https://html-validate.org/rules/input-missing-label.html"
"https://www.centralpharmacy.clinic/conditions/vitamin-b12-private","html-validate","input-missing-label","error","1","L5: <input> element does not have a <label>","https://html-validate.org/rules/input-missing-label.html"
"https://www.centralpharmacy.clinic/conditions/vitamin-b12-private","html-validate","input-missing-label","error","1","L5: <input> element does not have a <label>","https://html-validate.org/rules/input-missing-label.html"
"https://www.centralpharmacy.clinic/conditions/vitamin-b12-private","html-validate","require-sri","warning","1","L5: SRI ""integrity"" attribute is required on <script> element","https://html-validate.org/rules/require-sri.html"
"https://www.centralpharmacy.clinic/conditions/weight-management-follow-up-private","axe","color-contrast","serious","2","Elements must meet minimum color contrast ratio thresholds","https://dequeuniversity.com/rules/axe/4.13/color-contrast?application=playwright"
"https://www.centralpharmacy.clinic/conditions/weight-management-follow-up-private","axe","heading-order","moderate","1","Heading levels should only increase by one","https://dequeuniversity.com/rules/axe/4.13/heading-order?application=playwright"
"https://www.centralpharmacy.clinic/conditions/weight-management-follow-up-private","axe","landmark-one-main","moderate","1","Document should have one main landmark","https://dequeuniversity.com/rules/axe/4.13/landmark-one-main?application=playwright"
"https://www.centralpharmacy.clinic/conditions/weight-management-follow-up-private","axe","region","moderate","20","All page content should be contained by landmarks","https://dequeuniversity.com/rules/axe/4.13/region?application=playwright"
"https://www.centralpharmacy.clinic/conditions/weight-management-follow-up-private","structure","heading-skip","warning","1","Heading levels skipped: h1 → h3 (""Patient information"")",""
"https://www.centralpharmacy.clinic/conditions/weight-management-follow-up-private","structure","landmark-main-missing","warning","1","No <main> landmark",""
"https://www.centralpharmacy.clinic/conditions/weight-management-follow-up-private","structure","skip-link-missing","notice","1","No ""skip to content"" link",""
"https://www.centralpharmacy.clinic/conditions/weight-management-follow-up-private","structure","new-tab-no-warning","notice","1","1 links open new tab without warning",""
"https://www.centralpharmacy.clinic/conditions/weight-management-follow-up-private","structure","img-no-dimensions","notice","1","1 images without width/height (CLS risk)",""
"https://www.centralpharmacy.clinic/conditions/weight-management-follow-up-private","html-validate","require-sri","warning","1","L5: SRI ""integrity"" attribute is required on <link> element","https://html-validate.org/rules/require-sri.html"
"https://www.centralpharmacy.clinic/conditions/weight-management-follow-up-private","html-validate","require-sri","warning","1","L5: SRI ""integrity"" attribute is required on <script> element","https://html-validate.org/rules/require-sri.html"
"https://www.centralpharmacy.clinic/conditions/weight-management-follow-up-private","html-validate","require-sri","warning","1","L5: SRI ""integrity"" attribute is required on <script> element","https://html-validate.org/rules/require-sri.html"
"https://www.centralpharmacy.clinic/conditions/weight-management-follow-up-private","html-validate","require-sri","warning","1","L5: SRI ""integrity"" attribute is required on <script> element","https://html-validate.org/rules/require-sri.html"
"https://www.centralpharmacy.clinic/conditions/weight-management-follow-up-private","html-validate","require-sri","warning","1","L5: SRI ""integrity"" attribute is required on <script> element","https://html-validate.org/rules/require-sri.html"
"https://www.centralpharmacy.clinic/conditions/weight-management-follow-up-private","html-validate","require-sri","warning","1","L5: SRI ""integrity"" attribute is required on <script> element","https://html-validate.org/rules/require-sri.html"
"https://www.centralpharmacy.clinic/conditions/weight-management-follow-up-private","html-validate","require-sri","warning","1","L5: SRI ""integrity"" attribute is required on <script> element","https://html-validate.org/rules/require-sri.html"
"https://www.centralpharmacy.clinic/conditions/weight-management-follow-up-private","html-validate","require-sri","warning","1","L5: SRI ""integrity"" attribute is required on <script> element","https://html-validate.org/rules/require-sri.html"
"https://www.centralpharmacy.clinic/conditions/weight-management-follow-up-private","html-validate","require-sri","warning","1","L5: SRI ""integrity"" attribute is required on <script> element","https://html-validate.org/rules/require-sri.html"
"https://www.centralpharmacy.clinic/conditions/weight-management-follow-up-private","html-validate","require-sri","warning","1","L5: SRI ""integrity"" attribute is required on <script> element","https://html-validate.org/rules/require-sri.html"
"https://www.centralpharmacy.clinic/conditions/weight-management-follow-up-private","html-validate","require-sri","warning","1","L5: SRI ""integrity"" attribute is required on <script> element","https://html-validate.org/rules/require-sri.html"
"https://www.centralpharmacy.clinic/conditions/weight-management-follow-up-private","html-validate","require-sri","warning","1","L5: SRI ""integrity"" attribute is required on <script> element","https://html-validate.org/rules/require-sri.html"
"https://www.centralpharmacy.clinic/conditions/weight-management-follow-up-private","html-validate","require-sri","warning","1","L5: SRI ""integrity"" attribute is required on <script> element","https://html-validate.org/rules/require-sri.html"
"https://www.centralpharmacy.clinic/conditions/weight-management-follow-up-private","html-validate","require-sri","warning","1","L5: SRI ""integrity"" attribute is required on <script> element","https://html-validate.org/rules/require-sri.html"
"https://www.centralpharmacy.clinic/conditions/weight-management-follow-up-private","html-validate","require-sri","warning","1","L5: SRI ""integrity"" attribute is required on <script> element","https://html-validate.org/rules/require-sri.html"
"https://www.centralpharmacy.clinic/conditions/weight-management-follow-up-private","html-validate","require-sri","warning","1","L5: SRI ""integrity"" attribute is required on <script> element","https://html-validate.org/rules/require-sri.html"
"https://www.centralpharmacy.clinic/conditions/weight-management-follow-up-private","html-validate","require-sri","warning","1","L5: SRI ""integrity"" attribute is required on <script> element","https://html-validate.org/rules/require-sri.html"
"https://www.centralpharmacy.clinic/conditions/weight-management-follow-up-private","html-validate","require-sri","warning","1","L5: SRI ""integrity"" attribute is required on <script> element","https://html-validate.org/rules/require-sri.html"
"https://www.centralpharmacy.clinic/conditions/weight-management-follow-up-private","html-validate","require-sri","warning","1","L5: SRI ""integrity"" attribute is required on <script> element","https://html-validate.org/rules/require-sri.html"
"https://www.centralpharmacy.clinic/conditions/weight-management-follow-up-private","html-validate","require-sri","warning","1","L5: SRI ""integrity"" attribute is required on <script> element","https://html-validate.org/rules/require-sri.html"
"https://www.centralpharmacy.clinic/conditions/weight-management-follow-up-private","html-validate","require-sri","warning","1","L5: SRI ""integrity"" attribute is required on <script> element","https://html-validate.org/rules/require-sri.html"
"https://www.centralpharmacy.clinic/conditions/weight-management-follow-up-private","html-validate","require-sri","warning","1","L5: SRI ""integrity"" attribute is required on <script> element","https://html-validate.org/rules/require-sri.html"
"https://www.centralpharmacy.clinic/conditions/weight-management-follow-up-private","html-validate","require-sri","warning","1","L5: SRI ""integrity"" attribute is required on <script> element","https://html-validate.org/rules/require-sri.html"
"https://www.centralpharmacy.clinic/conditions/weight-management-follow-up-private","html-validate","require-sri","warning","1","L5: SRI ""integrity"" attribute is required on <script> element","https://html-validate.org/rules/require-sri.html"
"https://www.centralpharmacy.clinic/conditions/weight-management-follow-up-private","html-validate","require-sri","warning","1","L5: SRI ""integrity"" attribute is required on <script> element","https://html-validate.org/rules/require-sri.html"
"https://www.centralpharmacy.clinic/conditions/weight-management-follow-up-private","html-validate","require-sri","warning","1","L5: SRI ""integrity"" attribute is required on <link> element","https://html-validate.org/rules/require-sri.html"
"https://www.centralpharmacy.clinic/conditions/weight-management-follow-up-private","html-validate","require-sri","warning","1","L5: SRI ""integrity"" attribute is required on <script> element","https://html-validate.org/rules/require-sri.html"
"https://www.centralpharmacy.clinic/conditions/weight-management-follow-up-private","html-validate","heading-level","error","1","L5: Heading level can only increase by one, expected <h2> but got <h3>","https://html-validate.org/rules/heading-level.html"
"https://www.centralpharmacy.clinic/conditions/weight-management-follow-up-private","html-validate","input-missing-label","error","1","L5: <input> element does not have a <label>","https://html-validate.org/rules/input-missing-label.html"
"https://www.centralpharmacy.clinic/conditions/weight-management-follow-up-private","html-validate","input-missing-label","error","1","L5: <input> element does not have a <label>","https://html-validate.org/rules/input-missing-label.html"
"https://www.centralpharmacy.clinic/conditions/weight-management-follow-up-private","html-validate","input-missing-label","error","1","L5: <input> element does not have a <label>","https://html-validate.org/rules/input-missing-label.html"
"https://www.centralpharmacy.clinic/conditions/weight-management-follow-up-private","html-validate","input-missing-label","error","1","L5: <input> element does not have a <label>","https://html-validate.org/rules/input-missing-label.html"
"https://www.centralpharmacy.clinic/conditions/weight-management-follow-up-private","html-validate","input-missing-label","error","1","L5: <input> element does not have a <label>","https://html-validate.org/rules/input-missing-label.html"
"https://www.centralpharmacy.clinic/conditions/weight-management-follow-up-private","html-validate","input-missing-label","error","1","L5: <input> element does not have a <label>","https://html-validate.org/rules/input-missing-label.html"
"https://www.centralpharmacy.clinic/conditions/weight-management-follow-up-private","html-validate","require-sri","warning","1","L5: SRI ""integrity"" attribute is required on <script> element","https://html-validate.org/rules/require-sri.html"
"https://www.centralpharmacy.clinic/accessibility-statement","axe","color-contrast","serious","1","Elements must meet minimum color contrast ratio thresholds","https://dequeuniversity.com/rules/axe/4.13/color-contrast?application=playwright"
"https://www.centralpharmacy.clinic/accessibility-statement","axe","heading-order","moderate","1","Heading levels should only increase by one","https://dequeuniversity.com/rules/axe/4.13/heading-order?application=playwright"
"https://www.centralpharmacy.clinic/accessibility-statement","structure","heading-skip","warning","1","Heading levels skipped: h2 → h4 (""Explore"")",""
"https://www.centralpharmacy.clinic/accessibility-statement","structure","skip-link-missing","notice","1","No ""skip to content"" link",""
"https://www.centralpharmacy.clinic/accessibility-statement","structure","new-tab-no-warning","notice","1","6 links open new tab without warning",""
"https://www.centralpharmacy.clinic/accessibility-statement","html-validate","require-sri","warning","1","L4: SRI ""integrity"" attribute is required on <link> element","https://html-validate.org/rules/require-sri.html"
"https://www.centralpharmacy.clinic/accessibility-statement","html-validate","require-sri","warning","1","L4: SRI ""integrity"" attribute is required on <script> element","https://html-validate.org/rules/require-sri.html"
"https://www.centralpharmacy.clinic/accessibility-statement","html-validate","require-sri","warning","1","L4: SRI ""integrity"" attribute is required on <script> element","https://html-validate.org/rules/require-sri.html"
"https://www.centralpharmacy.clinic/accessibility-statement","html-validate","require-sri","warning","1","L4: SRI ""integrity"" attribute is required on <script> element","https://html-validate.org/rules/require-sri.html"
"https://www.centralpharmacy.clinic/accessibility-statement","html-validate","require-sri","warning","1","L4: SRI ""integrity"" attribute is required on <script> element","https://html-validate.org/rules/require-sri.html"
"https://www.centralpharmacy.clinic/accessibility-statement","html-validate","require-sri","warning","1","L4: SRI ""integrity"" attribute is required on <script> element","https://html-validate.org/rules/require-sri.html"
"https://www.centralpharmacy.clinic/accessibility-statement","html-validate","require-sri","warning","1","L4: SRI ""integrity"" attribute is required on <script> element","https://html-validate.org/rules/require-sri.html"
"https://www.centralpharmacy.clinic/accessibility-statement","html-validate","require-sri","warning","1","L4: SRI ""integrity"" attribute is required on <script> element","https://html-validate.org/rules/require-sri.html"
"https://www.centralpharmacy.clinic/accessibility-statement","html-validate","require-sri","warning","1","L4: SRI ""integrity"" attribute is required on <script> element","https://html-validate.org/rules/require-sri.html"
"https://www.centralpharmacy.clinic/accessibility-statement","html-validate","require-sri","warning","1","L4: SRI ""integrity"" attribute is required on <script> element","https://html-validate.org/rules/require-sri.html"
"https://www.centralpharmacy.clinic/accessibility-statement","html-validate","require-sri","warning","1","L4: SRI ""integrity"" attribute is required on <script> element","https://html-validate.org/rules/require-sri.html"
"https://www.centralpharmacy.clinic/accessibility-statement","html-validate","require-sri","warning","1","L4: SRI ""integrity"" attribute is required on <script> element","https://html-validate.org/rules/require-sri.html"
"https://www.centralpharmacy.clinic/accessibility-statement","html-validate","require-sri","warning","1","L4: SRI ""integrity"" attribute is required on <script> element","https://html-validate.org/rules/require-sri.html"
"https://www.centralpharmacy.clinic/accessibility-statement","html-validate","require-sri","warning","1","L4: SRI ""integrity"" attribute is required on <script> element","https://html-validate.org/rules/require-sri.html"
"https://www.centralpharmacy.clinic/accessibility-statement","html-validate","require-sri","warning","1","L4: SRI ""integrity"" attribute is required on <script> element","https://html-validate.org/rules/require-sri.html"
"https://www.centralpharmacy.clinic/accessibility-statement","html-validate","require-sri","warning","1","L4: SRI ""integrity"" attribute is required on <script> element","https://html-validate.org/rules/require-sri.html"
"https://www.centralpharmacy.clinic/accessibility-statement","html-validate","require-sri","warning","1","L4: SRI ""integrity"" attribute is required on <script> element","https://html-validate.org/rules/require-sri.html"
"https://www.centralpharmacy.clinic/accessibility-statement","html-validate","require-sri","warning","1","L4: SRI ""integrity"" attribute is required on <link> element","https://html-validate.org/rules/require-sri.html"
"https://www.centralpharmacy.clinic/accessibility-statement","html-validate","require-sri","warning","1","L4: SRI ""integrity"" attribute is required on <script> element","https://html-validate.org/rules/require-sri.html"
"https://www.centralpharmacy.clinic/accessibility-statement","html-validate","attribute-allowed-values","error","1","L4: Attribute ""width"" has invalid value ""97.5""","https://html-validate.org/rules/attribute-allowed-values.html"
"https://www.centralpharmacy.clinic/accessibility-statement","html-validate","aria-label-misuse","error","1","L4: ""aria-label"" cannot be used on this element","https://html-validate.org/rules/aria-label-misuse.html"
"https://www.centralpharmacy.clinic/accessibility-statement","html-validate","heading-level","error","1","L4: Heading level can only increase by one, expected <h3> but got <h4>","https://html-validate.org/rules/heading-level.html"
"https://www.centralpharmacy.clinic/accessibility-statement","html-validate","require-sri","warning","1","L4: SRI ""integrity"" attribute is required on <script> element","https://html-validate.org/rules/require-sri.html"
"https://www.centralpharmacy.clinic/conditions/weight-management-private","axe","color-contrast","serious","2","Elements must meet minimum color contrast ratio thresholds","https://dequeuniversity.com/rules/axe/4.13/color-contrast?application=playwright"
"https://www.centralpharmacy.clinic/conditions/weight-management-private","axe","heading-order","moderate","1","Heading levels should only increase by one","https://dequeuniversity.com/rules/axe/4.13/heading-order?application=playwright"
"https://www.centralpharmacy.clinic/conditions/weight-management-private","axe","landmark-one-main","moderate","1","Document should have one main landmark","https://dequeuniversity.com/rules/axe/4.13/landmark-one-main?application=playwright"
"https://www.centralpharmacy.clinic/conditions/weight-management-private","axe","region","moderate","20","All page content should be contained by landmarks","https://dequeuniversity.com/rules/axe/4.13/region?application=playwright"
"https://www.centralpharmacy.clinic/conditions/weight-management-private","structure","heading-skip","warning","1","Heading levels skipped: h1 → h3 (""Patient information"")",""
"https://www.centralpharmacy.clinic/conditions/weight-management-private","structure","landmark-main-missing","warning","1","No <main> landmark",""
"https://www.centralpharmacy.clinic/conditions/weight-management-private","structure","skip-link-missing","notice","1","No ""skip to content"" link",""
"https://www.centralpharmacy.clinic/conditions/weight-management-private","structure","new-tab-no-warning","notice","1","1 links open new tab without warning",""
"https://www.centralpharmacy.clinic/conditions/weight-management-private","structure","img-no-dimensions","notice","1","1 images without width/height (CLS risk)",""
"https://www.centralpharmacy.clinic/conditions/weight-management-private","html-validate","require-sri","warning","1","L5: SRI ""integrity"" attribute is required on <link> element","https://html-validate.org/rules/require-sri.html"
"https://www.centralpharmacy.clinic/conditions/weight-management-private","html-validate","require-sri","warning","1","L5: SRI ""integrity"" attribute is required on <script> element","https://html-validate.org/rules/require-sri.html"
"https://www.centralpharmacy.clinic/conditions/weight-management-private","html-validate","require-sri","warning","1","L5: SRI ""integrity"" attribute is required on <script> element","https://html-validate.org/rules/require-sri.html"
"https://www.centralpharmacy.clinic/conditions/weight-management-private","html-validate","require-sri","warning","1","L5: SRI ""integrity"" attribute is required on <script> element","https://html-validate.org/rules/require-sri.html"
"https://www.centralpharmacy.clinic/conditions/weight-management-private","html-validate","require-sri","warning","1","L5: SRI ""integrity"" attribute is required on <script> element","https://html-validate.org/rules/require-sri.html"
"https://www.centralpharmacy.clinic/conditions/weight-management-private","html-validate","require-sri","warning","1","L5: SRI ""integrity"" attribute is required on <script> element","https://html-validate.org/rules/require-sri.html"
"https://www.centralpharmacy.clinic/conditions/weight-management-private","html-validate","require-sri","warning","1","L5: SRI ""integrity"" attribute is required on <script> element","https://html-validate.org/rules/require-sri.html"
"https://www.centralpharmacy.clinic/conditions/weight-management-private","html-validate","require-sri","warning","1","L5: SRI ""integrity"" attribute is required on <script> element","https://html-validate.org/rules/require-sri.html"
"https://www.centralpharmacy.clinic/conditions/weight-management-private","html-validate","require-sri","warning","1","L5: SRI ""integrity"" attribute is required on <script> element","https://html-validate.org/rules/require-sri.html"
"https://www.centralpharmacy.clinic/conditions/weight-management-private","html-validate","require-sri","warning","1","L5: SRI ""integrity"" attribute is required on <script> element","https://html-validate.org/rules/require-sri.html"
"https://www.centralpharmacy.clinic/conditions/weight-management-private","html-validate","require-sri","warning","1","L5: SRI ""integrity"" attribute is required on <script> element","https://html-validate.org/rules/require-sri.html"
"https://www.centralpharmacy.clinic/conditions/weight-management-private","html-validate","require-sri","warning","1","L5: SRI ""integrity"" attribute is required on <script> element","https://html-validate.org/rules/require-sri.html"
"https://www.centralpharmacy.clinic/conditions/weight-management-private","html-validate","require-sri","warning","1","L5: SRI ""integrity"" attribute is required on <script> element","https://html-validate.org/rules/require-sri.html"
"https://www.centralpharmacy.clinic/conditions/weight-management-private","html-validate","require-sri","warning","1","L5: SRI ""integrity"" attribute is required on <script> element","https://html-validate.org/rules/require-sri.html"
"https://www.centralpharmacy.clinic/conditions/weight-management-private","html-validate","require-sri","warning","1","L5: SRI ""integrity"" attribute is required on <script> element","https://html-validate.org/rules/require-sri.html"
"https://www.centralpharmacy.clinic/conditions/weight-management-private","html-validate","require-sri","warning","1","L5: SRI ""integrity"" attribute is required on <script> element","https://html-validate.org/rules/require-sri.html"
"https://www.centralpharmacy.clinic/conditions/weight-management-private","html-validate","require-sri","warning","1","L5: SRI ""integrity"" attribute is required on <script> element","https://html-validate.org/rules/require-sri.html"
"https://www.centralpharmacy.clinic/conditions/weight-management-private","html-validate","require-sri","warning","1","L5: SRI ""integrity"" attribute is required on <script> element","https://html-validate.org/rules/require-sri.html"
"https://www.centralpharmacy.clinic/conditions/weight-management-private","html-validate","require-sri","warning","1","L5: SRI ""integrity"" attribute is required on <script> element","https://html-validate.org/rules/require-sri.html"
"https://www.centralpharmacy.clinic/conditions/weight-management-private","html-validate","require-sri","warning","1","L5: SRI ""integrity"" attribute is required on <script> element","https://html-validate.org/rules/require-sri.html"
"https://www.centralpharmacy.clinic/conditions/weight-management-private","html-validate","require-sri","warning","1","L5: SRI ""integrity"" attribute is required on <script> element","https://html-validate.org/rules/require-sri.html"
"https://www.centralpharmacy.clinic/conditions/weight-management-private","html-validate","require-sri","warning","1","L5: SRI ""integrity"" attribute is required on <script> element","https://html-validate.org/rules/require-sri.html"
"https://www.centralpharmacy.clinic/conditions/weight-management-private","html-validate","require-sri","warning","1","L5: SRI ""integrity"" attribute is required on <script> element","https://html-validate.org/rules/require-sri.html"
"https://www.centralpharmacy.clinic/conditions/weight-management-private","html-validate","require-sri","warning","1","L5: SRI ""integrity"" attribute is required on <script> element","https://html-validate.org/rules/require-sri.html"
"https://www.centralpharmacy.clinic/conditions/weight-management-private","html-validate","require-sri","warning","1","L5: SRI ""integrity"" attribute is required on <script> element","https://html-validate.org/rules/require-sri.html"
"https://www.centralpharmacy.clinic/conditions/weight-management-private","html-validate","require-sri","warning","1","L5: SRI ""integrity"" attribute is required on <link> element","https://html-validate.org/rules/require-sri.html"
"https://www.centralpharmacy.clinic/conditions/weight-management-private","html-validate","require-sri","warning","1","L5: SRI ""integrity"" attribute is required on <script> element","https://html-validate.org/rules/require-sri.html"
"https://www.centralpharmacy.clinic/conditions/weight-management-private","html-validate","heading-level","error","1","L5: Heading level can only increase by one, expected <h2> but got <h3>","https://html-validate.org/rules/heading-level.html"
"https://www.centralpharmacy.clinic/conditions/weight-management-private","html-validate","input-missing-label","error","1","L5: <input> element does not have a <label>","https://html-validate.org/rules/input-missing-label.html"
"https://www.centralpharmacy.clinic/conditions/weight-management-private","html-validate","input-missing-label","error","1","L5: <input> element does not have a <label>","https://html-validate.org/rules/input-missing-label.html"
"https://www.centralpharmacy.clinic/conditions/weight-management-private","html-validate","input-missing-label","error","1","L5: <input> element does not have a <label>","https://html-validate.org/rules/input-missing-label.html"
"https://www.centralpharmacy.clinic/conditions/weight-management-private","html-validate","input-missing-label","error","1","L5: <input> element does not have a <label>","https://html-validate.org/rules/input-missing-label.html"
"https://www.centralpharmacy.clinic/conditions/weight-management-private","html-validate","input-missing-label","error","1","L5: <input> element does not have a <label>","https://html-validate.org/rules/input-missing-label.html"
"https://www.centralpharmacy.clinic/conditions/weight-management-private","html-validate","input-missing-label","error","1","L5: <input> element does not have a <label>","https://html-validate.org/rules/input-missing-label.html"
"https://www.centralpharmacy.clinic/conditions/weight-management-private","html-validate","require-sri","warning","1","L5: SRI ""integrity"" attribute is required on <script> element","https://html-validate.org/rules/require-sri.html"
"https://www.centralpharmacy.clinic/complaints-procedure","axe","color-contrast","serious","1","Elements must meet minimum color contrast ratio thresholds","https://dequeuniversity.com/rules/axe/4.13/color-contrast?application=playwright"
"https://www.centralpharmacy.clinic/complaints-procedure","axe","heading-order","moderate","1","Heading levels should only increase by one","https://dequeuniversity.com/rules/axe/4.13/heading-order?application=playwright"
"https://www.centralpharmacy.clinic/complaints-procedure","structure","heading-skip","warning","1","Heading levels skipped: h2 → h4 (""Explore"")",""
"https://www.centralpharmacy.clinic/complaints-procedure","structure","skip-link-missing","notice","1","No ""skip to content"" link",""
"https://www.centralpharmacy.clinic/complaints-procedure","structure","new-tab-no-warning","notice","1","7 links open new tab without warning",""
"https://www.centralpharmacy.clinic/complaints-procedure","html-validate","require-sri","warning","1","L4: SRI ""integrity"" attribute is required on <link> element","https://html-validate.org/rules/require-sri.html"
"https://www.centralpharmacy.clinic/complaints-procedure","html-validate","require-sri","warning","1","L4: SRI ""integrity"" attribute is required on <script> element","https://html-validate.org/rules/require-sri.html"
"https://www.centralpharmacy.clinic/complaints-procedure","html-validate","require-sri","warning","1","L4: SRI ""integrity"" attribute is required on <script> element","https://html-validate.org/rules/require-sri.html"
"https://www.centralpharmacy.clinic/complaints-procedure","html-validate","require-sri","warning","1","L4: SRI ""integrity"" attribute is required on <script> element","https://html-validate.org/rules/require-sri.html"
"https://www.centralpharmacy.clinic/complaints-procedure","html-validate","require-sri","warning","1","L4: SRI ""integrity"" attribute is required on <script> element","https://html-validate.org/rules/require-sri.html"
"https://www.centralpharmacy.clinic/complaints-procedure","html-validate","require-sri","warning","1","L4: SRI ""integrity"" attribute is required on <script> element","https://html-validate.org/rules/require-sri.html"
"https://www.centralpharmacy.clinic/complaints-procedure","html-validate","require-sri","warning","1","L4: SRI ""integrity"" attribute is required on <script> element","https://html-validate.org/rules/require-sri.html"
"https://www.centralpharmacy.clinic/complaints-procedure","html-validate","require-sri","warning","1","L4: SRI ""integrity"" attribute is required on <script> element","https://html-validate.org/rules/require-sri.html"
"https://www.centralpharmacy.clinic/complaints-procedure","html-validate","require-sri","warning","1","L4: SRI ""integrity"" attribute is required on <script> element","https://html-validate.org/rules/require-sri.html"
"https://www.centralpharmacy.clinic/complaints-procedure","html-validate","require-sri","warning","1","L4: SRI ""integrity"" attribute is required on <script> element","https://html-validate.org/rules/require-sri.html"
"https://www.centralpharmacy.clinic/complaints-procedure","html-validate","require-sri","warning","1","L4: SRI ""integrity"" attribute is required on <script> element","https://html-validate.org/rules/require-sri.html"
"https://www.centralpharmacy.clinic/complaints-procedure","html-validate","require-sri","warning","1","L4: SRI ""integrity"" attribute is required on <script> element","https://html-validate.org/rules/require-sri.html"
"https://www.centralpharmacy.clinic/complaints-procedure","html-validate","require-sri","warning","1","L4: SRI ""integrity"" attribute is required on <script> element","https://html-validate.org/rules/require-sri.html"
"https://www.centralpharmacy.clinic/complaints-procedure","html-validate","require-sri","warning","1","L4: SRI ""integrity"" attribute is required on <script> element","https://html-validate.org/rules/require-sri.html"
"https://www.centralpharmacy.clinic/complaints-procedure","html-validate","require-sri","warning","1","L4: SRI ""integrity"" attribute is required on <script> element","https://html-validate.org/rules/require-sri.html"
"https://www.centralpharmacy.clinic/complaints-procedure","html-validate","require-sri","warning","1","L4: SRI ""integrity"" attribute is required on <script> element","https://html-validate.org/rules/require-sri.html"
"https://www.centralpharmacy.clinic/complaints-procedure","html-validate","require-sri","warning","1","L4: SRI ""integrity"" attribute is required on <script> element","https://html-validate.org/rules/require-sri.html"
"https://www.centralpharmacy.clinic/complaints-procedure","html-validate","require-sri","warning","1","L4: SRI ""integrity"" attribute is required on <link> element","https://html-validate.org/rules/require-sri.html"
"https://www.centralpharmacy.clinic/complaints-procedure","html-validate","require-sri","warning","1","L4: SRI ""integrity"" attribute is required on <script> element","https://html-validate.org/rules/require-sri.html"
"https://www.centralpharmacy.clinic/complaints-procedure","html-validate","attribute-allowed-values","error","1","L4: Attribute ""width"" has invalid value ""97.5""","https://html-validate.org/rules/attribute-allowed-values.html"
"https://www.centralpharmacy.clinic/complaints-procedure","html-validate","aria-label-misuse","error","1","L4: ""aria-label"" cannot be used on this element","https://html-validate.org/rules/aria-label-misuse.html"
"https://www.centralpharmacy.clinic/complaints-procedure","html-validate","heading-level","error","1","L4: Heading level can only increase by one, expected <h3> but got <h4>","https://html-validate.org/rules/heading-level.html"
"https://www.centralpharmacy.clinic/complaints-procedure","html-validate","require-sri","warning","1","L4: SRI ""integrity"" attribute is required on <script> element","https://html-validate.org/rules/require-sri.html"
"https://www.centralpharmacy.clinic/cookie-policy","axe","color-contrast","serious","1","Elements must meet minimum color contrast ratio thresholds","https://dequeuniversity.com/rules/axe/4.13/color-contrast?application=playwright"
"https://www.centralpharmacy.clinic/cookie-policy","axe","heading-order","moderate","1","Heading levels should only increase by one","https://dequeuniversity.com/rules/axe/4.13/heading-order?application=playwright"
"https://www.centralpharmacy.clinic/cookie-policy","structure","heading-skip","warning","1","Heading levels skipped: h2 → h4 (""Explore"")",""
"https://www.centralpharmacy.clinic/cookie-policy","structure","skip-link-missing","notice","1","No ""skip to content"" link",""
"https://www.centralpharmacy.clinic/cookie-policy","structure","new-tab-no-warning","notice","1","6 links open new tab without warning",""
"https://www.centralpharmacy.clinic/cookie-policy","html-validate","require-sri","warning","1","L4: SRI ""integrity"" attribute is required on <link> element","https://html-validate.org/rules/require-sri.html"
"https://www.centralpharmacy.clinic/cookie-policy","html-validate","require-sri","warning","1","L4: SRI ""integrity"" attribute is required on <script> element","https://html-validate.org/rules/require-sri.html"
"https://www.centralpharmacy.clinic/cookie-policy","html-validate","require-sri","warning","1","L4: SRI ""integrity"" attribute is required on <script> element","https://html-validate.org/rules/require-sri.html"
"https://www.centralpharmacy.clinic/cookie-policy","html-validate","require-sri","warning","1","L4: SRI ""integrity"" attribute is required on <script> element","https://html-validate.org/rules/require-sri.html"
"https://www.centralpharmacy.clinic/cookie-policy","html-validate","require-sri","warning","1","L4: SRI ""integrity"" attribute is required on <script> element","https://html-validate.org/rules/require-sri.html"
"https://www.centralpharmacy.clinic/cookie-policy","html-validate","require-sri","warning","1","L4: SRI ""integrity"" attribute is required on <script> element","https://html-validate.org/rules/require-sri.html"
"https://www.centralpharmacy.clinic/cookie-policy","html-validate","require-sri","warning","1","L4: SRI ""integrity"" attribute is required on <script> element","https://html-validate.org/rules/require-sri.html"
"https://www.centralpharmacy.clinic/cookie-policy","html-validate","require-sri","warning","1","L4: SRI ""integrity"" attribute is required on <script> element","https://html-validate.org/rules/require-sri.html"
"https://www.centralpharmacy.clinic/cookie-policy","html-validate","require-sri","warning","1","L4: SRI ""integrity"" attribute is required on <script> element","https://html-validate.org/rules/require-sri.html"
"https://www.centralpharmacy.clinic/cookie-policy","html-validate","require-sri","warning","1","L4: SRI ""integrity"" attribute is required on <script> element","https://html-validate.org/rules/require-sri.html"
"https://www.centralpharmacy.clinic/cookie-policy","html-validate","require-sri","warning","1","L4: SRI ""integrity"" attribute is required on <script> element","https://html-validate.org/rules/require-sri.html"
"https://www.centralpharmacy.clinic/cookie-policy","html-validate","require-sri","warning","1","L4: SRI ""integrity"" attribute is required on <script> element","https://html-validate.org/rules/require-sri.html"
"https://www.centralpharmacy.clinic/cookie-policy","html-validate","require-sri","warning","1","L4: SRI ""integrity"" attribute is required on <script> element","https://html-validate.org/rules/require-sri.html"
"https://www.centralpharmacy.clinic/cookie-policy","html-validate","require-sri","warning","1","L4: SRI ""integrity"" attribute is required on <script> element","https://html-validate.org/rules/require-sri.html"
"https://www.centralpharmacy.clinic/cookie-policy","html-validate","require-sri","warning","1","L4: SRI ""integrity"" attribute is required on <script> element","https://html-validate.org/rules/require-sri.html"
"https://www.centralpharmacy.clinic/cookie-policy","html-validate","require-sri","warning","1","L4: SRI ""integrity"" attribute is required on <script> element","https://html-validate.org/rules/require-sri.html"
"https://www.centralpharmacy.clinic/cookie-policy","html-validate","require-sri","warning","1","L4: SRI ""integrity"" attribute is required on <script> element","https://html-validate.org/rules/require-sri.html"
"https://www.centralpharmacy.clinic/cookie-policy","html-validate","require-sri","warning","1","L4: SRI ""integrity"" attribute is required on <link> element","https://html-validate.org/rules/require-sri.html"
"https://www.centralpharmacy.clinic/cookie-policy","html-validate","require-sri","warning","1","L4: SRI ""integrity"" attribute is required on <script> element","https://html-validate.org/rules/require-sri.html"
"https://www.centralpharmacy.clinic/cookie-policy","html-validate","attribute-allowed-values","error","1","L4: Attribute ""width"" has invalid value ""97.5""","https://html-validate.org/rules/attribute-allowed-values.html"
"https://www.centralpharmacy.clinic/cookie-policy","html-validate","aria-label-misuse","error","1","L4: ""aria-label"" cannot be used on this element","https://html-validate.org/rules/aria-label-misuse.html"
"https://www.centralpharmacy.clinic/cookie-policy","html-validate","heading-level","error","1","L4: Heading level can only increase by one, expected <h3> but got <h4>","https://html-validate.org/rules/heading-level.html"
"https://www.centralpharmacy.clinic/cookie-policy","html-validate","require-sri","warning","1","L4: SRI ""integrity"" attribute is required on <script> element","https://html-validate.org/rules/require-sri.html"
"https://www.centralpharmacy.clinic/privacy-policy","axe","color-contrast","serious","1","Elements must meet minimum color contrast ratio thresholds","https://dequeuniversity.com/rules/axe/4.13/color-contrast?application=playwright"
"https://www.centralpharmacy.clinic/privacy-policy","axe","heading-order","moderate","1","Heading levels should only increase by one","https://dequeuniversity.com/rules/axe/4.13/heading-order?application=playwright"
"https://www.centralpharmacy.clinic/privacy-policy","structure","heading-skip","warning","1","Heading levels skipped: h2 → h4 (""Explore"")",""
"https://www.centralpharmacy.clinic/privacy-policy","structure","skip-link-missing","notice","1","No ""skip to content"" link",""
"https://www.centralpharmacy.clinic/privacy-policy","structure","new-tab-no-warning","notice","1","6 links open new tab without warning",""
"https://www.centralpharmacy.clinic/privacy-policy","html-validate","require-sri","warning","1","L4: SRI ""integrity"" attribute is required on <link> element","https://html-validate.org/rules/require-sri.html"
"https://www.centralpharmacy.clinic/privacy-policy","html-validate","require-sri","warning","1","L4: SRI ""integrity"" attribute is required on <script> element","https://html-validate.org/rules/require-sri.html"
"https://www.centralpharmacy.clinic/privacy-policy","html-validate","require-sri","warning","1","L4: SRI ""integrity"" attribute is required on <script> element","https://html-validate.org/rules/require-sri.html"
"https://www.centralpharmacy.clinic/privacy-policy","html-validate","require-sri","warning","1","L4: SRI ""integrity"" attribute is required on <script> element","https://html-validate.org/rules/require-sri.html"
"https://www.centralpharmacy.clinic/privacy-policy","html-validate","require-sri","warning","1","L4: SRI ""integrity"" attribute is required on <script> element","https://html-validate.org/rules/require-sri.html"
"https://www.centralpharmacy.clinic/privacy-policy","html-validate","require-sri","warning","1","L4: SRI ""integrity"" attribute is required on <script> element","https://html-validate.org/rules/require-sri.html"
"https://www.centralpharmacy.clinic/privacy-policy","html-validate","require-sri","warning","1","L4: SRI ""integrity"" attribute is required on <script> element","https://html-validate.org/rules/require-sri.html"
"https://www.centralpharmacy.clinic/privacy-policy","html-validate","require-sri","warning","1","L4: SRI ""integrity"" attribute is required on <script> element","https://html-validate.org/rules/require-sri.html"
"https://www.centralpharmacy.clinic/privacy-policy","html-validate","require-sri","warning","1","L4: SRI ""integrity"" attribute is required on <script> element","https://html-validate.org/rules/require-sri.html"
"https://www.centralpharmacy.clinic/privacy-policy","html-validate","require-sri","warning","1","L4: SRI ""integrity"" attribute is required on <script> element","https://html-validate.org/rules/require-sri.html"
"https://www.centralpharmacy.clinic/privacy-policy","html-validate","require-sri","warning","1","L4: SRI ""integrity"" attribute is required on <script> element","https://html-validate.org/rules/require-sri.html"
"https://www.centralpharmacy.clinic/privacy-policy","html-validate","require-sri","warning","1","L4: SRI ""integrity"" attribute is required on <script> element","https://html-validate.org/rules/require-sri.html"
"https://www.centralpharmacy.clinic/privacy-policy","html-validate","require-sri","warning","1","L4: SRI ""integrity"" attribute is required on <script> element","https://html-validate.org/rules/require-sri.html"
"https://www.centralpharmacy.clinic/privacy-policy","html-validate","require-sri","warning","1","L4: SRI ""integrity"" attribute is required on <script> element","https://html-validate.org/rules/require-sri.html"
"https://www.centralpharmacy.clinic/privacy-policy","html-validate","require-sri","warning","1","L4: SRI ""integrity"" attribute is required on <script> element","https://html-validate.org/rules/require-sri.html"
"https://www.centralpharmacy.clinic/privacy-policy","html-validate","require-sri","warning","1","L4: SRI ""integrity"" attribute is required on <script> element","https://html-validate.org/rules/require-sri.html"
"https://www.centralpharmacy.clinic/privacy-policy","html-validate","require-sri","warning","1","L4: SRI ""integrity"" attribute is required on <script> element","https://html-validate.org/rules/require-sri.html"
"https://www.centralpharmacy.clinic/privacy-policy","html-validate","require-sri","warning","1","L4: SRI ""integrity"" attribute is required on <link> element","https://html-validate.org/rules/require-sri.html"
"https://www.centralpharmacy.clinic/privacy-policy","html-validate","require-sri","warning","1","L4: SRI ""integrity"" attribute is required on <script> element","https://html-validate.org/rules/require-sri.html"
"https://www.centralpharmacy.clinic/privacy-policy","html-validate","attribute-allowed-values","error","1","L4: Attribute ""width"" has invalid value ""97.5""","https://html-validate.org/rules/attribute-allowed-values.html"
"https://www.centralpharmacy.clinic/privacy-policy","html-validate","aria-label-misuse","error","1","L4: ""aria-label"" cannot be used on this element","https://html-validate.org/rules/aria-label-misuse.html"
"https://www.centralpharmacy.clinic/privacy-policy","html-validate","heading-level","error","1","L4: Heading level can only increase by one, expected <h3> but got <h4>","https://html-validate.org/rules/heading-level.html"
"https://www.centralpharmacy.clinic/privacy-policy","html-validate","require-sri","warning","1","L4: SRI ""integrity"" attribute is required on <script> element","https://html-validate.org/rules/require-sri.html"
"https://www.centralpharmacy.clinic/conditions/yellow-fever-vaccination-private","axe","color-contrast","serious","2","Elements must meet minimum color contrast ratio thresholds","https://dequeuniversity.com/rules/axe/4.13/color-contrast?application=playwright"
"https://www.centralpharmacy.clinic/conditions/yellow-fever-vaccination-private","axe","heading-order","moderate","1","Heading levels should only increase by one","https://dequeuniversity.com/rules/axe/4.13/heading-order?application=playwright"
"https://www.centralpharmacy.clinic/conditions/yellow-fever-vaccination-private","axe","landmark-one-main","moderate","1","Document should have one main landmark","https://dequeuniversity.com/rules/axe/4.13/landmark-one-main?application=playwright"
"https://www.centralpharmacy.clinic/conditions/yellow-fever-vaccination-private","axe","region","moderate","20","All page content should be contained by landmarks","https://dequeuniversity.com/rules/axe/4.13/region?application=playwright"
"https://www.centralpharmacy.clinic/conditions/yellow-fever-vaccination-private","structure","heading-skip","warning","1","Heading levels skipped: h1 → h3 (""Patient information"")",""
"https://www.centralpharmacy.clinic/conditions/yellow-fever-vaccination-private","structure","landmark-main-missing","warning","1","No <main> landmark",""
"https://www.centralpharmacy.clinic/conditions/yellow-fever-vaccination-private","structure","skip-link-missing","notice","1","No ""skip to content"" link",""
"https://www.centralpharmacy.clinic/conditions/yellow-fever-vaccination-private","structure","new-tab-no-warning","notice","1","1 links open new tab without warning",""
"https://www.centralpharmacy.clinic/conditions/yellow-fever-vaccination-private","structure","img-no-dimensions","notice","1","1 images without width/height (CLS risk)",""
"https://www.centralpharmacy.clinic/conditions/yellow-fever-vaccination-private","html-validate","require-sri","warning","1","L5: SRI ""integrity"" attribute is required on <link> element","https://html-validate.org/rules/require-sri.html"
"https://www.centralpharmacy.clinic/conditions/yellow-fever-vaccination-private","html-validate","require-sri","warning","1","L5: SRI ""integrity"" attribute is required on <script> element","https://html-validate.org/rules/require-sri.html"
"https://www.centralpharmacy.clinic/conditions/yellow-fever-vaccination-private","html-validate","require-sri","warning","1","L5: SRI ""integrity"" attribute is required on <script> element","https://html-validate.org/rules/require-sri.html"
"https://www.centralpharmacy.clinic/conditions/yellow-fever-vaccination-private","html-validate","require-sri","warning","1","L5: SRI ""integrity"" attribute is required on <script> element","https://html-validate.org/rules/require-sri.html"
"https://www.centralpharmacy.clinic/conditions/yellow-fever-vaccination-private","html-validate","require-sri","warning","1","L5: SRI ""integrity"" attribute is required on <script> element","https://html-validate.org/rules/require-sri.html"
"https://www.centralpharmacy.clinic/conditions/yellow-fever-vaccination-private","html-validate","require-sri","warning","1","L5: SRI ""integrity"" attribute is required on <script> element","https://html-validate.org/rules/require-sri.html"
"https://www.centralpharmacy.clinic/conditions/yellow-fever-vaccination-private","html-validate","require-sri","warning","1","L5: SRI ""integrity"" attribute is required on <script> element","https://html-validate.org/rules/require-sri.html"
"https://www.centralpharmacy.clinic/conditions/yellow-fever-vaccination-private","html-validate","require-sri","warning","1","L5: SRI ""integrity"" attribute is required on <script> element","https://html-validate.org/rules/require-sri.html"
"https://www.centralpharmacy.clinic/conditions/yellow-fever-vaccination-private","html-validate","require-sri","warning","1","L5: SRI ""integrity"" attribute is required on <script> element","https://html-validate.org/rules/require-sri.html"
"https://www.centralpharmacy.clinic/conditions/yellow-fever-vaccination-private","html-validate","require-sri","warning","1","L5: SRI ""integrity"" attribute is required on <script> element","https://html-validate.org/rules/require-sri.html"
"https://www.centralpharmacy.clinic/conditions/yellow-fever-vaccination-private","html-validate","require-sri","warning","1","L5: SRI ""integrity"" attribute is required on <script> element","https://html-validate.org/rules/require-sri.html"
"https://www.centralpharmacy.clinic/conditions/yellow-fever-vaccination-private","html-validate","require-sri","warning","1","L5: SRI ""integrity"" attribute is required on <script> element","https://html-validate.org/rules/require-sri.html"
"https://www.centralpharmacy.clinic/conditions/yellow-fever-vaccination-private","html-validate","require-sri","warning","1","L5: SRI ""integrity"" attribute is required on <script> element","https://html-validate.org/rules/require-sri.html"
"https://www.centralpharmacy.clinic/conditions/yellow-fever-vaccination-private","html-validate","require-sri","warning","1","L5: SRI ""integrity"" attribute is required on <script> element","https://html-validate.org/rules/require-sri.html"
"https://www.centralpharmacy.clinic/conditions/yellow-fever-vaccination-private","html-validate","require-sri","warning","1","L5: SRI ""integrity"" attribute is required on <script> element","https://html-validate.org/rules/require-sri.html"
"https://www.centralpharmacy.clinic/conditions/yellow-fever-vaccination-private","html-validate","require-sri","warning","1","L5: SRI ""integrity"" attribute is required on <script> element","https://html-validate.org/rules/require-sri.html"
"https://www.centralpharmacy.clinic/conditions/yellow-fever-vaccination-private","html-validate","require-sri","warning","1","L5: SRI ""integrity"" attribute is required on <script> element","https://html-validate.org/rules/require-sri.html"
"https://www.centralpharmacy.clinic/conditions/yellow-fever-vaccination-private","html-validate","require-sri","warning","1","L5: SRI ""integrity"" attribute is required on <script> element","https://html-validate.org/rules/require-sri.html"
"https://www.centralpharmacy.clinic/conditions/yellow-fever-vaccination-private","html-validate","require-sri","warning","1","L5: SRI ""integrity"" attribute is required on <script> element","https://html-validate.org/rules/require-sri.html"
"https://www.centralpharmacy.clinic/conditions/yellow-fever-vaccination-private","html-validate","require-sri","warning","1","L5: SRI ""integrity"" attribute is required on <script> element","https://html-validate.org/rules/require-sri.html"
"https://www.centralpharmacy.clinic/conditions/yellow-fever-vaccination-private","html-validate","require-sri","warning","1","L5: SRI ""integrity"" attribute is required on <script> element","https://html-validate.org/rules/require-sri.html"
"https://www.centralpharmacy.clinic/conditions/yellow-fever-vaccination-private","html-validate","require-sri","warning","1","L5: SRI ""integrity"" attribute is required on <script> element","https://html-validate.org/rules/require-sri.html"
"https://www.centralpharmacy.clinic/conditions/yellow-fever-vaccination-private","html-validate","require-sri","warning","1","L5: SRI ""integrity"" attribute is required on <script> element","https://html-validate.org/rules/require-sri.html"
"https://www.centralpharmacy.clinic/conditions/yellow-fever-vaccination-private","html-validate","require-sri","warning","1","L5: SRI ""integrity"" attribute is required on <script> element","https://html-validate.org/rules/require-sri.html"
"https://www.centralpharmacy.clinic/conditions/yellow-fever-vaccination-private","html-validate","require-sri","warning","1","L5: SRI ""integrity"" attribute is required on <script> element","https://html-validate.org/rules/require-sri.html"
"https://www.centralpharmacy.clinic/conditions/yellow-fever-vaccination-private","html-validate","require-sri","warning","1","L5: SRI ""integrity"" attribute is required on <link> element","https://html-validate.org/rules/require-sri.html"
"https://www.centralpharmacy.clinic/conditions/yellow-fever-vaccination-private","html-validate","require-sri","warning","1","L5: SRI ""integrity"" attribute is required on <script> element","https://html-validate.org/rules/require-sri.html"
"https://www.centralpharmacy.clinic/conditions/yellow-fever-vaccination-private","html-validate","heading-level","error","1","L5: Heading level can only increase by one, expected <h2> but got <h3>","https://html-validate.org/rules/heading-level.html"
"https://www.centralpharmacy.clinic/conditions/yellow-fever-vaccination-private","html-validate","input-missing-label","error","1","L5: <input> element does not have a <label>","https://html-validate.org/rules/input-missing-label.html"
"https://www.centralpharmacy.clinic/conditions/yellow-fever-vaccination-private","html-validate","input-missing-label","error","1","L5: <input> element does not have a <label>","https://html-validate.org/rules/input-missing-label.html"
"https://www.centralpharmacy.clinic/conditions/yellow-fever-vaccination-private","html-validate","input-missing-label","error","1","L5: <input> element does not have a <label>","https://html-validate.org/rules/input-missing-label.html"
"https://www.centralpharmacy.clinic/conditions/yellow-fever-vaccination-private","html-validate","input-missing-label","error","1","L5: <input> element does not have a <label>","https://html-validate.org/rules/input-missing-label.html"
"https://www.centralpharmacy.clinic/conditions/yellow-fever-vaccination-private","html-validate","input-missing-label","error","1","L5: <input> element does not have a <label>","https://html-validate.org/rules/input-missing-label.html"
"https://www.centralpharmacy.clinic/conditions/yellow-fever-vaccination-private","html-validate","input-missing-label","error","1","L5: <input> element does not have a <label>","https://html-validate.org/rules/input-missing-label.html"
"https://www.centralpharmacy.clinic/conditions/yellow-fever-vaccination-private","html-validate","require-sri","warning","1","L5: SRI ""integrity"" attribute is required on <script> element","https://html-validate.org/rules/require-sri.html"
"https://www.centralpharmacy.clinic/terms-and-conditions","axe","color-contrast","serious","1","Elements must meet minimum color contrast ratio thresholds","https://dequeuniversity.com/rules/axe/4.13/color-contrast?application=playwright"
"https://www.centralpharmacy.clinic/terms-and-conditions","axe","heading-order","moderate","1","Heading levels should only increase by one","https://dequeuniversity.com/rules/axe/4.13/heading-order?application=playwright"
"https://www.centralpharmacy.clinic/terms-and-conditions","structure","heading-skip","warning","1","Heading levels skipped: h2 → h4 (""Explore"")",""
"https://www.centralpharmacy.clinic/terms-and-conditions","structure","skip-link-missing","notice","1","No ""skip to content"" link",""
"https://www.centralpharmacy.clinic/terms-and-conditions","structure","new-tab-no-warning","notice","1","5 links open new tab without warning",""
"https://www.centralpharmacy.clinic/terms-and-conditions","html-validate","require-sri","warning","1","L4: SRI ""integrity"" attribute is required on <link> element","https://html-validate.org/rules/require-sri.html"
"https://www.centralpharmacy.clinic/terms-and-conditions","html-validate","require-sri","warning","1","L4: SRI ""integrity"" attribute is required on <script> element","https://html-validate.org/rules/require-sri.html"
"https://www.centralpharmacy.clinic/terms-and-conditions","html-validate","require-sri","warning","1","L4: SRI ""integrity"" attribute is required on <script> element","https://html-validate.org/rules/require-sri.html"
"https://www.centralpharmacy.clinic/terms-and-conditions","html-validate","require-sri","warning","1","L4: SRI ""integrity"" attribute is required on <script> element","https://html-validate.org/rules/require-sri.html"
"https://www.centralpharmacy.clinic/terms-and-conditions","html-validate","require-sri","warning","1","L4: SRI ""integrity"" attribute is required on <script> element","https://html-validate.org/rules/require-sri.html"
"https://www.centralpharmacy.clinic/terms-and-conditions","html-validate","require-sri","warning","1","L4: SRI ""integrity"" attribute is required on <script> element","https://html-validate.org/rules/require-sri.html"
"https://www.centralpharmacy.clinic/terms-and-conditions","html-validate","require-sri","warning","1","L4: SRI ""integrity"" attribute is required on <script> element","https://html-validate.org/rules/require-sri.html"
"https://www.centralpharmacy.clinic/terms-and-conditions","html-validate","require-sri","warning","1","L4: SRI ""integrity"" attribute is required on <script> element","https://html-validate.org/rules/require-sri.html"
"https://www.centralpharmacy.clinic/terms-and-conditions","html-validate","require-sri","warning","1","L4: SRI ""integrity"" attribute is required on <script> element","https://html-validate.org/rules/require-sri.html"
"https://www.centralpharmacy.clinic/terms-and-conditions","html-validate","require-sri","warning","1","L4: SRI ""integrity"" attribute is required on <script> element","https://html-validate.org/rules/require-sri.html"
"https://www.centralpharmacy.clinic/terms-and-conditions","html-validate","require-sri","warning","1","L4: SRI ""integrity"" attribute is required on <script> element","https://html-validate.org/rules/require-sri.html"
"https://www.centralpharmacy.clinic/terms-and-conditions","html-validate","require-sri","warning","1","L4: SRI ""integrity"" attribute is required on <script> element","https://html-validate.org/rules/require-sri.html"
"https://www.centralpharmacy.clinic/terms-and-conditions","html-validate","require-sri","warning","1","L4: SRI ""integrity"" attribute is required on <script> element","https://html-validate.org/rules/require-sri.html"
"https://www.centralpharmacy.clinic/terms-and-conditions","html-validate","require-sri","warning","1","L4: SRI ""integrity"" attribute is required on <script> element","https://html-validate.org/rules/require-sri.html"
"https://www.centralpharmacy.clinic/terms-and-conditions","html-validate","require-sri","warning","1","L4: SRI ""integrity"" attribute is required on <script> element","https://html-validate.org/rules/require-sri.html"
"https://www.centralpharmacy.clinic/terms-and-conditions","html-validate","require-sri","warning","1","L4: SRI ""integrity"" attribute is required on <script> element","https://html-validate.org/rules/require-sri.html"
"https://www.centralpharmacy.clinic/terms-and-conditions","html-validate","require-sri","warning","1","L4: SRI ""integrity"" attribute is required on <script> element","https://html-validate.org/rules/require-sri.html"
"https://www.centralpharmacy.clinic/terms-and-conditions","html-validate","require-sri","warning","1","L4: SRI ""integrity"" attribute is required on <link> element","https://html-validate.org/rules/require-sri.html"
"https://www.centralpharmacy.clinic/terms-and-conditions","html-validate","require-sri","warning","1","L4: SRI ""integrity"" attribute is required on <script> element","https://html-validate.org/rules/require-sri.html"
"https://www.centralpharmacy.clinic/terms-and-conditions","html-validate","attribute-allowed-values","error","1","L4: Attribute ""width"" has invalid value ""97.5""","https://html-validate.org/rules/attribute-allowed-values.html"
"https://www.centralpharmacy.clinic/terms-and-conditions","html-validate","aria-label-misuse","error","1","L4: ""aria-label"" cannot be used on this element","https://html-validate.org/rules/aria-label-misuse.html"
"https://www.centralpharmacy.clinic/terms-and-conditions","html-validate","heading-level","error","1","L4: Heading level can only increase by one, expected <h3> but got <h4>","https://html-validate.org/rules/heading-level.html"
"https://www.centralpharmacy.clinic/terms-and-conditions","html-validate","require-sri","warning","1","L4: SRI ""integrity"" attribute is required on <script> element","https://html-validate.org/rules/require-sri.html"
"https://www.centralpharmacy.clinic/","lighthouse","image-delivery-insight","performance","1","Improve image delivery","Est savings of 32 KiB"
"https://www.centralpharmacy.clinic/","lighthouse","lcp-discovery-insight","performance","1","LCP request discovery",""
"https://www.centralpharmacy.clinic/","lighthouse","legacy-javascript-insight","performance","1","Legacy JavaScript","Est savings of 22 KiB"
"https://www.centralpharmacy.clinic/","lighthouse","unused-javascript","performance","1","Reduce unused JavaScript","Est savings of 207 KiB"
"https://www.centralpharmacy.clinic/","lighthouse","total-byte-weight","performance","1","Avoid enormous network payloads","Total size was 8,883 KiB"
"https://www.centralpharmacy.clinic/","lighthouse","bf-cache","performance","1","Page prevented back/forward cache restoration","3 failure reasons"
"https://www.centralpharmacy.clinic/","lighthouse","color-contrast","accessibility","1","Background and foreground colors do not have a sufficient contrast ratio.",""
"https://www.centralpharmacy.clinic/","lighthouse","heading-order","accessibility","1","Heading elements are not in a sequentially-descending order",""
"https://www.centralpharmacy.clinic/","lighthouse","target-size","accessibility","1","Touch targets do not have sufficient size or spacing.",""
"https://www.centralpharmacy.clinic/","lighthouse","label-content-name-mismatch","accessibility","1","Elements with visible text labels do not have matching accessible names.",""
"https://www.centralpharmacy.clinic/blog","lighthouse","legacy-javascript-insight","performance","1","Legacy JavaScript","Est savings of 22 KiB"
"https://www.centralpharmacy.clinic/blog","lighthouse","unused-javascript","performance","1","Reduce unused JavaScript","Est savings of 221 KiB"
"https://www.centralpharmacy.clinic/blog","lighthouse","bf-cache","performance","1","Page prevented back/forward cache restoration","3 failure reasons"
"https://www.centralpharmacy.clinic/blog","lighthouse","color-contrast","accessibility","1","Background and foreground colors do not have a sufficient contrast ratio.",""
"https://www.centralpharmacy.clinic/about","lighthouse","largest-contentful-paint","performance","1","Largest Contentful Paint","1.4 s"
"https://www.centralpharmacy.clinic/about","lighthouse","image-delivery-insight","performance","1","Improve image delivery","Est savings of 322 KiB"
"https://www.centralpharmacy.clinic/about","lighthouse","lcp-discovery-insight","performance","1","LCP request discovery",""
"https://www.centralpharmacy.clinic/about","lighthouse","legacy-javascript-insight","performance","1","Legacy JavaScript","Est savings of 22 KiB"
"https://www.centralpharmacy.clinic/about","lighthouse","unused-javascript","performance","1","Reduce unused JavaScript","Est savings of 205 KiB"
"https://www.centralpharmacy.clinic/about","lighthouse","bf-cache","performance","1","Page prevented back/forward cache restoration","3 failure reasons"
"https://www.centralpharmacy.clinic/about","lighthouse","color-contrast","accessibility","1","Background and foreground colors do not have a sufficient contrast ratio.",""
"https://www.centralpharmacy.clinic/about","lighthouse","heading-order","accessibility","1","Heading elements are not in a sequentially-descending order",""
"https://www.centralpharmacy.clinic/contact","lighthouse","largest-contentful-paint","performance","1","Largest Contentful Paint","2.6 s"
"https://www.centralpharmacy.clinic/contact","lighthouse","cache-insight","performance","1","Use efficient cache lifetimes","Est savings of 57 KiB"
"https://www.centralpharmacy.clinic/contact","lighthouse","font-display-insight","performance","1","Font display","Est savings of 20 ms"
"https://www.centralpharmacy.clinic/contact","lighthouse","forced-reflow-insight","performance","1","Forced reflow",""
"https://www.centralpharmacy.clinic/contact","lighthouse","image-delivery-insight","performance","1","Improve image delivery","Est savings of 111 KiB"
"https://www.centralpharmacy.clinic/contact","lighthouse","lcp-discovery-insight","performance","1","LCP request discovery",""
"https://www.centralpharmacy.clinic/contact","lighthouse","legacy-javascript-insight","performance","1","Legacy JavaScript","Est savings of 22 KiB"
"https://www.centralpharmacy.clinic/contact","lighthouse","network-dependency-tree-insight","performance","1","Network dependency tree",""
"https://www.centralpharmacy.clinic/contact","lighthouse","interactive","performance","1","Time to Interactive","2.7 s"
"https://www.centralpharmacy.clinic/contact","lighthouse","unused-javascript","performance","1","Reduce unused JavaScript","Est savings of 203 KiB"
"https://www.centralpharmacy.clinic/contact","lighthouse","bf-cache","performance","1","Page prevented back/forward cache restoration","3 failure reasons"
"https://www.centralpharmacy.clinic/contact","lighthouse","color-contrast","accessibility","1","Background and foreground colors do not have a sufficient contrast ratio.",""
"https://www.centralpharmacy.clinic/contact","lighthouse","heading-order","accessibility","1","Heading elements are not in a sequentially-descending order",""
"https://www.centralpharmacy.clinic/conditions/acute-otitis-media-pf-nhs","lighthouse","largest-contentful-paint","performance","1","Largest Contentful Paint","1.8 s"
"https://www.centralpharmacy.clinic/conditions/acute-otitis-media-pf-nhs","lighthouse","forced-reflow-insight","performance","1","Forced reflow",""
"https://www.centralpharmacy.clinic/conditions/acute-otitis-media-pf-nhs","lighthouse","legacy-javascript-insight","performance","1","Legacy JavaScript","Est savings of 22 KiB"
"https://www.centralpharmacy.clinic/conditions/acute-otitis-media-pf-nhs","lighthouse","unused-javascript","performance","1","Reduce unused JavaScript","Est savings of 596 KiB"
"https://www.centralpharmacy.clinic/conditions/acute-otitis-media-pf-nhs","lighthouse","bf-cache","performance","1","Page prevented back/forward cache restoration","3 failure reasons"
"https://www.centralpharmacy.clinic/conditions/acute-otitis-media-pf-nhs","lighthouse","color-contrast","accessibility","1","Background and foreground colors do not have a sufficient contrast ratio.",""
"https://www.centralpharmacy.clinic/conditions/acute-otitis-media-pf-nhs","lighthouse","heading-order","accessibility","1","Heading elements are not in a sequentially-descending order",""
"https://www.centralpharmacy.clinic/conditions/acute-otitis-media-pf-nhs","lighthouse","landmark-one-main","accessibility","1","Document does not have a main landmark.",""
"https://www.centralpharmacy.clinic/conditions/acute-otitis-media-pf-nhs","lighthouse","valid-source-maps","best-practices","1","Missing source maps for large first-party JavaScript",""
"https://www.centralpharmacy.clinic/conditions/acute-sore-throat-pf-nhs","lighthouse","largest-contentful-paint","performance","1","Largest Contentful Paint","1.8 s"
"https://www.centralpharmacy.clinic/conditions/acute-sore-throat-pf-nhs","lighthouse","legacy-javascript-insight","performance","1","Legacy JavaScript","Est savings of 22 KiB"
"https://www.centralpharmacy.clinic/conditions/acute-sore-throat-pf-nhs","lighthouse","unused-javascript","performance","1","Reduce unused JavaScript","Est savings of 596 KiB"
"https://www.centralpharmacy.clinic/conditions/acute-sore-throat-pf-nhs","lighthouse","bf-cache","performance","1","Page prevented back/forward cache restoration","3 failure reasons"
"https://www.centralpharmacy.clinic/conditions/acute-sore-throat-pf-nhs","lighthouse","color-contrast","accessibility","1","Background and foreground colors do not have a sufficient contrast ratio.",""
"https://www.centralpharmacy.clinic/conditions/acute-sore-throat-pf-nhs","lighthouse","heading-order","accessibility","1","Heading elements are not in a sequentially-descending order",""
"https://www.centralpharmacy.clinic/conditions/acute-sore-throat-pf-nhs","lighthouse","landmark-one-main","accessibility","1","Document does not have a main landmark.",""
"https://www.centralpharmacy.clinic/conditions/acute-sore-throat-pf-nhs","lighthouse","valid-source-maps","best-practices","1","Missing source maps for large first-party JavaScript",""
"https://www.centralpharmacy.clinic/conditions/altitude-sickness-private","lighthouse","largest-contentful-paint","performance","1","Largest Contentful Paint","1.8 s"
"https://www.centralpharmacy.clinic/conditions/altitude-sickness-private","lighthouse","legacy-javascript-insight","performance","1","Legacy JavaScript","Est savings of 22 KiB"
"https://www.centralpharmacy.clinic/conditions/altitude-sickness-private","lighthouse","unused-javascript","performance","1","Reduce unused JavaScript","Est savings of 597 KiB"
"https://www.centralpharmacy.clinic/conditions/altitude-sickness-private","lighthouse","bf-cache","performance","1","Page prevented back/forward cache restoration","3 failure reasons"
"https://www.centralpharmacy.clinic/conditions/altitude-sickness-private","lighthouse","color-contrast","accessibility","1","Background and foreground colors do not have a sufficient contrast ratio.",""
"https://www.centralpharmacy.clinic/conditions/altitude-sickness-private","lighthouse","heading-order","accessibility","1","Heading elements are not in a sequentially-descending order",""
"https://www.centralpharmacy.clinic/conditions/altitude-sickness-private","lighthouse","landmark-one-main","accessibility","1","Document does not have a main landmark.",""
"https://www.centralpharmacy.clinic/conditions/altitude-sickness-private","lighthouse","valid-source-maps","best-practices","1","Missing source maps for large first-party JavaScript",""
"https://www.centralpharmacy.clinic/conditions/acute-sinusitis-pf-nhs","lighthouse","largest-contentful-paint","performance","1","Largest Contentful Paint","1.8 s"
"https://www.centralpharmacy.clinic/conditions/acute-sinusitis-pf-nhs","lighthouse","legacy-javascript-insight","performance","1","Legacy JavaScript","Est savings of 22 KiB"
"https://www.centralpharmacy.clinic/conditions/acute-sinusitis-pf-nhs","lighthouse","unused-javascript","performance","1","Reduce unused JavaScript","Est savings of 597 KiB"
"https://www.centralpharmacy.clinic/conditions/acute-sinusitis-pf-nhs","lighthouse","bf-cache","performance","1","Page prevented back/forward cache restoration","3 failure reasons"
"https://www.centralpharmacy.clinic/conditions/acute-sinusitis-pf-nhs","lighthouse","color-contrast","accessibility","1","Background and foreground colors do not have a sufficient contrast ratio.",""
"https://www.centralpharmacy.clinic/conditions/acute-sinusitis-pf-nhs","lighthouse","heading-order","accessibility","1","Heading elements are not in a sequentially-descending order",""
"https://www.centralpharmacy.clinic/conditions/acute-sinusitis-pf-nhs","lighthouse","landmark-one-main","accessibility","1","Document does not have a main landmark.",""
"https://www.centralpharmacy.clinic/conditions/acute-sinusitis-pf-nhs","lighthouse","valid-source-maps","best-practices","1","Missing source maps for large first-party JavaScript",""
"https://www.centralpharmacy.clinic/conditions/covid-vaccination-private-private","lighthouse","largest-contentful-paint","performance","1","Largest Contentful Paint","1.8 s"
"https://www.centralpharmacy.clinic/conditions/covid-vaccination-private-private","lighthouse","legacy-javascript-insight","performance","1","Legacy JavaScript","Est savings of 22 KiB"
"https://www.centralpharmacy.clinic/conditions/covid-vaccination-private-private","lighthouse","unused-javascript","performance","1","Reduce unused JavaScript","Est savings of 596 KiB"
"https://www.centralpharmacy.clinic/conditions/covid-vaccination-private-private","lighthouse","bf-cache","performance","1","Page prevented back/forward cache restoration","3 failure reasons"
"https://www.centralpharmacy.clinic/conditions/covid-vaccination-private-private","lighthouse","color-contrast","accessibility","1","Background and foreground colors do not have a sufficient contrast ratio.",""
"https://www.centralpharmacy.clinic/conditions/covid-vaccination-private-private","lighthouse","heading-order","accessibility","1","Heading elements are not in a sequentially-descending order",""
"https://www.centralpharmacy.clinic/conditions/covid-vaccination-private-private","lighthouse","landmark-one-main","accessibility","1","Document does not have a main landmark.",""
"https://www.centralpharmacy.clinic/conditions/covid-vaccination-private-private","lighthouse","valid-source-maps","best-practices","1","Missing source maps for large first-party JavaScript",""
"https://www.centralpharmacy.clinic/conditions/cholera-vaccination-private","lighthouse","largest-contentful-paint","performance","1","Largest Contentful Paint","1.8 s"
"https://www.centralpharmacy.clinic/conditions/cholera-vaccination-private","lighthouse","legacy-javascript-insight","performance","1","Legacy JavaScript","Est savings of 22 KiB"
"https://www.centralpharmacy.clinic/conditions/cholera-vaccination-private","lighthouse","unused-javascript","performance","1","Reduce unused JavaScript","Est savings of 596 KiB"
"https://www.centralpharmacy.clinic/conditions/cholera-vaccination-private","lighthouse","bf-cache","performance","1","Page prevented back/forward cache restoration","3 failure reasons"
"https://www.centralpharmacy.clinic/conditions/cholera-vaccination-private","lighthouse","color-contrast","accessibility","1","Background and foreground colors do not have a sufficient contrast ratio.",""
"https://www.centralpharmacy.clinic/conditions/cholera-vaccination-private","lighthouse","heading-order","accessibility","1","Heading elements are not in a sequentially-descending order",""
"https://www.centralpharmacy.clinic/conditions/cholera-vaccination-private","lighthouse","landmark-one-main","accessibility","1","Document does not have a main landmark.",""
"https://www.centralpharmacy.clinic/conditions/cholera-vaccination-private","lighthouse","valid-source-maps","best-practices","1","Missing source maps for large first-party JavaScript",""
"https://www.centralpharmacy.clinic/conditions/dengue-vaccination-private","lighthouse","largest-contentful-paint","performance","1","Largest Contentful Paint","1.8 s"
"https://www.centralpharmacy.clinic/conditions/dengue-vaccination-private","lighthouse","legacy-javascript-insight","performance","1","Legacy JavaScript","Est savings of 22 KiB"
"https://www.centralpharmacy.clinic/conditions/dengue-vaccination-private","lighthouse","unused-javascript","performance","1","Reduce unused JavaScript","Est savings of 597 KiB"
"https://www.centralpharmacy.clinic/conditions/dengue-vaccination-private","lighthouse","bf-cache","performance","1","Page prevented back/forward cache restoration","3 failure reasons"
"https://www.centralpharmacy.clinic/conditions/dengue-vaccination-private","lighthouse","color-contrast","accessibility","1","Background and foreground colors do not have a sufficient contrast ratio.",""
"https://www.centralpharmacy.clinic/conditions/dengue-vaccination-private","lighthouse","heading-order","accessibility","1","Heading elements are not in a sequentially-descending order",""
"https://www.centralpharmacy.clinic/conditions/dengue-vaccination-private","lighthouse","landmark-one-main","accessibility","1","Document does not have a main landmark.",""
"https://www.centralpharmacy.clinic/conditions/dengue-vaccination-private","lighthouse","valid-source-maps","best-practices","1","Missing source maps for large first-party JavaScript",""
"https://www.centralpharmacy.clinic/conditions/dtp-vaccination-private","lighthouse","largest-contentful-paint","performance","1","Largest Contentful Paint","1.8 s"
"https://www.centralpharmacy.clinic/conditions/dtp-vaccination-private","lighthouse","legacy-javascript-insight","performance","1","Legacy JavaScript","Est savings of 22 KiB"
"https://www.centralpharmacy.clinic/conditions/dtp-vaccination-private","lighthouse","unused-javascript","performance","1","Reduce unused JavaScript","Est savings of 596 KiB"
"https://www.centralpharmacy.clinic/conditions/dtp-vaccination-private","lighthouse","bf-cache","performance","1","Page prevented back/forward cache restoration","3 failure reasons"
"https://www.centralpharmacy.clinic/conditions/dtp-vaccination-private","lighthouse","color-contrast","accessibility","1","Background and foreground colors do not have a sufficient contrast ratio.",""
"https://www.centralpharmacy.clinic/conditions/dtp-vaccination-private","lighthouse","heading-order","accessibility","1","Heading elements are not in a sequentially-descending order",""
"https://www.centralpharmacy.clinic/conditions/dtp-vaccination-private","lighthouse","landmark-one-main","accessibility","1","Document does not have a main landmark.",""
"https://www.centralpharmacy.clinic/conditions/dtp-vaccination-private","lighthouse","valid-source-maps","best-practices","1","Missing source maps for large first-party JavaScript",""
"https://www.centralpharmacy.clinic/conditions/ear-infection-otitis-externa-private","lighthouse","largest-contentful-paint","performance","1","Largest Contentful Paint","1.8 s"
"https://www.centralpharmacy.clinic/conditions/ear-infection-otitis-externa-private","lighthouse","legacy-javascript-insight","performance","1","Legacy JavaScript","Est savings of 22 KiB"
"https://www.centralpharmacy.clinic/conditions/ear-infection-otitis-externa-private","lighthouse","unused-javascript","performance","1","Reduce unused JavaScript","Est savings of 597 KiB"
"https://www.centralpharmacy.clinic/conditions/ear-infection-otitis-externa-private","lighthouse","bf-cache","performance","1","Page prevented back/forward cache restoration","3 failure reasons"
"https://www.centralpharmacy.clinic/conditions/ear-infection-otitis-externa-private","lighthouse","color-contrast","accessibility","1","Background and foreground colors do not have a sufficient contrast ratio.",""
"https://www.centralpharmacy.clinic/conditions/ear-infection-otitis-externa-private","lighthouse","heading-order","accessibility","1","Heading elements are not in a sequentially-descending order",""
"https://www.centralpharmacy.clinic/conditions/ear-infection-otitis-externa-private","lighthouse","landmark-one-main","accessibility","1","Document does not have a main landmark.",""
"https://www.centralpharmacy.clinic/conditions/ear-infection-otitis-externa-private","lighthouse","valid-source-maps","best-practices","1","Missing source maps for large first-party JavaScript",""
"https://www.centralpharmacy.clinic/conditions/ear-wax-removal-private","lighthouse","largest-contentful-paint","performance","1","Largest Contentful Paint","1.8 s"
"https://www.centralpharmacy.clinic/conditions/ear-wax-removal-private","lighthouse","forced-reflow-insight","performance","1","Forced reflow",""
"https://www.centralpharmacy.clinic/conditions/ear-wax-removal-private","lighthouse","legacy-javascript-insight","performance","1","Legacy JavaScript","Est savings of 22 KiB"
"https://www.centralpharmacy.clinic/conditions/ear-wax-removal-private","lighthouse","unused-javascript","performance","1","Reduce unused JavaScript","Est savings of 597 KiB"
"https://www.centralpharmacy.clinic/conditions/ear-wax-removal-private","lighthouse","bf-cache","performance","1","Page prevented back/forward cache restoration","3 failure reasons"
"https://www.centralpharmacy.clinic/conditions/ear-wax-removal-private","lighthouse","color-contrast","accessibility","1","Background and foreground colors do not have a sufficient contrast ratio.",""
"https://www.centralpharmacy.clinic/conditions/ear-wax-removal-private","lighthouse","heading-order","accessibility","1","Heading elements are not in a sequentially-descending order",""
"https://www.centralpharmacy.clinic/conditions/ear-wax-removal-private","lighthouse","landmark-one-main","accessibility","1","Document does not have a main landmark.",""
"https://www.centralpharmacy.clinic/conditions/ear-wax-removal-private","lighthouse","valid-source-maps","best-practices","1","Missing source maps for large first-party JavaScript",""
"https://www.centralpharmacy.clinic/conditions/dtpp-vaccination-private","lighthouse","largest-contentful-paint","performance","1","Largest Contentful Paint","1.8 s"
"https://www.centralpharmacy.clinic/conditions/dtpp-vaccination-private","lighthouse","legacy-javascript-insight","performance","1","Legacy JavaScript","Est savings of 22 KiB"
"https://www.centralpharmacy.clinic/conditions/dtpp-vaccination-private","lighthouse","unused-javascript","performance","1","Reduce unused JavaScript","Est savings of 597 KiB"
"https://www.centralpharmacy.clinic/conditions/dtpp-vaccination-private","lighthouse","bf-cache","performance","1","Page prevented back/forward cache restoration","3 failure reasons"
"https://www.centralpharmacy.clinic/conditions/dtpp-vaccination-private","lighthouse","color-contrast","accessibility","1","Background and foreground colors do not have a sufficient contrast ratio.",""
"https://www.centralpharmacy.clinic/conditions/dtpp-vaccination-private","lighthouse","heading-order","accessibility","1","Heading elements are not in a sequentially-descending order",""
"https://www.centralpharmacy.clinic/conditions/dtpp-vaccination-private","lighthouse","landmark-one-main","accessibility","1","Document does not have a main landmark.",""
"https://www.centralpharmacy.clinic/conditions/dtpp-vaccination-private","lighthouse","valid-source-maps","best-practices","1","Missing source maps for large first-party JavaScript",""
"https://www.centralpharmacy.clinic/conditions/erectile-dysfunction-private","lighthouse","largest-contentful-paint","performance","1","Largest Contentful Paint","1.8 s"
"https://www.centralpharmacy.clinic/conditions/erectile-dysfunction-private","lighthouse","legacy-javascript-insight","performance","1","Legacy JavaScript","Est savings of 22 KiB"
"https://www.centralpharmacy.clinic/conditions/erectile-dysfunction-private","lighthouse","unused-javascript","performance","1","Reduce unused JavaScript","Est savings of 597 KiB"
"https://www.centralpharmacy.clinic/conditions/erectile-dysfunction-private","lighthouse","bf-cache","performance","1","Page prevented back/forward cache restoration","3 failure reasons"
"https://www.centralpharmacy.clinic/conditions/erectile-dysfunction-private","lighthouse","color-contrast","accessibility","1","Background and foreground colors do not have a sufficient contrast ratio.",""
"https://www.centralpharmacy.clinic/conditions/erectile-dysfunction-private","lighthouse","heading-order","accessibility","1","Heading elements are not in a sequentially-descending order",""
"https://www.centralpharmacy.clinic/conditions/erectile-dysfunction-private","lighthouse","landmark-one-main","accessibility","1","Document does not have a main landmark.",""
"https://www.centralpharmacy.clinic/conditions/erectile-dysfunction-private","lighthouse","valid-source-maps","best-practices","1","Missing source maps for large first-party JavaScript",""
"https://www.centralpharmacy.clinic/conditions/flu-vaccination-private","lighthouse","largest-contentful-paint","performance","1","Largest Contentful Paint","1.8 s"
"https://www.centralpharmacy.clinic/conditions/flu-vaccination-private","lighthouse","legacy-javascript-insight","performance","1","Legacy JavaScript","Est savings of 22 KiB"
"https://www.centralpharmacy.clinic/conditions/flu-vaccination-private","lighthouse","unused-javascript","performance","1","Reduce unused JavaScript","Est savings of 597 KiB"
"https://www.centralpharmacy.clinic/conditions/flu-vaccination-private","lighthouse","bf-cache","performance","1","Page prevented back/forward cache restoration","3 failure reasons"
"https://www.centralpharmacy.clinic/conditions/flu-vaccination-private","lighthouse","color-contrast","accessibility","1","Background and foreground colors do not have a sufficient contrast ratio.",""
"https://www.centralpharmacy.clinic/conditions/flu-vaccination-private","lighthouse","heading-order","accessibility","1","Heading elements are not in a sequentially-descending order",""
"https://www.centralpharmacy.clinic/conditions/flu-vaccination-private","lighthouse","landmark-one-main","accessibility","1","Document does not have a main landmark.",""
"https://www.centralpharmacy.clinic/conditions/flu-vaccination-private","lighthouse","valid-source-maps","best-practices","1","Missing source maps for large first-party JavaScript",""
"https://www.centralpharmacy.clinic/conditions/hepatitis-a-vaccination-private","lighthouse","largest-contentful-paint","performance","1","Largest Contentful Paint","1.8 s"
"https://www.centralpharmacy.clinic/conditions/hepatitis-a-vaccination-private","lighthouse","legacy-javascript-insight","performance","1","Legacy JavaScript","Est savings of 22 KiB"
"https://www.centralpharmacy.clinic/conditions/hepatitis-a-vaccination-private","lighthouse","unused-javascript","performance","1","Reduce unused JavaScript","Est savings of 597 KiB"
"https://www.centralpharmacy.clinic/conditions/hepatitis-a-vaccination-private","lighthouse","bf-cache","performance","1","Page prevented back/forward cache restoration","3 failure reasons"
"https://www.centralpharmacy.clinic/conditions/hepatitis-a-vaccination-private","lighthouse","color-contrast","accessibility","1","Background and foreground colors do not have a sufficient contrast ratio.",""
"https://www.centralpharmacy.clinic/conditions/hepatitis-a-vaccination-private","lighthouse","heading-order","accessibility","1","Heading elements are not in a sequentially-descending order",""
"https://www.centralpharmacy.clinic/conditions/hepatitis-a-vaccination-private","lighthouse","landmark-one-main","accessibility","1","Document does not have a main landmark.",""
"https://www.centralpharmacy.clinic/conditions/hepatitis-a-vaccination-private","lighthouse","valid-source-maps","best-practices","1","Missing source maps for large first-party JavaScript",""
"https://www.centralpharmacy.clinic/conditions/hepatitis-a-b-vaccination-private","lighthouse","largest-contentful-paint","performance","1","Largest Contentful Paint","1.8 s"
"https://www.centralpharmacy.clinic/conditions/hepatitis-a-b-vaccination-private","lighthouse","legacy-javascript-insight","performance","1","Legacy JavaScript","Est savings of 22 KiB"
"https://www.centralpharmacy.clinic/conditions/hepatitis-a-b-vaccination-private","lighthouse","unused-javascript","performance","1","Reduce unused JavaScript","Est savings of 597 KiB"
"https://www.centralpharmacy.clinic/conditions/hepatitis-a-b-vaccination-private","lighthouse","bf-cache","performance","1","Page prevented back/forward cache restoration","3 failure reasons"
"https://www.centralpharmacy.clinic/conditions/hepatitis-a-b-vaccination-private","lighthouse","color-contrast","accessibility","1","Background and foreground colors do not have a sufficient contrast ratio.",""
"https://www.centralpharmacy.clinic/conditions/hepatitis-a-b-vaccination-private","lighthouse","heading-order","accessibility","1","Heading elements are not in a sequentially-descending order",""
"https://www.centralpharmacy.clinic/conditions/hepatitis-a-b-vaccination-private","lighthouse","landmark-one-main","accessibility","1","Document does not have a main landmark.",""
"https://www.centralpharmacy.clinic/conditions/hepatitis-a-b-vaccination-private","lighthouse","valid-source-maps","best-practices","1","Missing source maps for large first-party JavaScript",""
"https://www.centralpharmacy.clinic/conditions/hepatitis-b-occupational-private","lighthouse","largest-contentful-paint","performance","1","Largest Contentful Paint","1.8 s"
"https://www.centralpharmacy.clinic/conditions/hepatitis-b-occupational-private","lighthouse","legacy-javascript-insight","performance","1","Legacy JavaScript","Est savings of 22 KiB"
"https://www.centralpharmacy.clinic/conditions/hepatitis-b-occupational-private","lighthouse","unused-javascript","performance","1","Reduce unused JavaScript","Est savings of 597 KiB"
"https://www.centralpharmacy.clinic/conditions/hepatitis-b-occupational-private","lighthouse","bf-cache","performance","1","Page prevented back/forward cache restoration","3 failure reasons"
"https://www.centralpharmacy.clinic/conditions/hepatitis-b-occupational-private","lighthouse","color-contrast","accessibility","1","Background and foreground colors do not have a sufficient contrast ratio.",""
"https://www.centralpharmacy.clinic/conditions/hepatitis-b-occupational-private","lighthouse","heading-order","accessibility","1","Heading elements are not in a sequentially-descending order",""
"https://www.centralpharmacy.clinic/conditions/hepatitis-b-occupational-private","lighthouse","landmark-one-main","accessibility","1","Document does not have a main landmark.",""
"https://www.centralpharmacy.clinic/conditions/hepatitis-b-occupational-private","lighthouse","valid-source-maps","best-practices","1","Missing source maps for large first-party JavaScript",""
"https://www.centralpharmacy.clinic/conditions/hepatitis-b-vaccination-private","lighthouse","largest-contentful-paint","performance","1","Largest Contentful Paint","1.8 s"
"https://www.centralpharmacy.clinic/conditions/hepatitis-b-vaccination-private","lighthouse","legacy-javascript-insight","performance","1","Legacy JavaScript","Est savings of 22 KiB"
"https://www.centralpharmacy.clinic/conditions/hepatitis-b-vaccination-private","lighthouse","unused-javascript","performance","1","Reduce unused JavaScript","Est savings of 597 KiB"
"https://www.centralpharmacy.clinic/conditions/hepatitis-b-vaccination-private","lighthouse","bf-cache","performance","1","Page prevented back/forward cache restoration","3 failure reasons"
"https://www.centralpharmacy.clinic/conditions/hepatitis-b-vaccination-private","lighthouse","color-contrast","accessibility","1","Background and foreground colors do not have a sufficient contrast ratio.",""
"https://www.centralpharmacy.clinic/conditions/hepatitis-b-vaccination-private","lighthouse","heading-order","accessibility","1","Heading elements are not in a sequentially-descending order",""
"https://www.centralpharmacy.clinic/conditions/hepatitis-b-vaccination-private","lighthouse","landmark-one-main","accessibility","1","Document does not have a main landmark.",""
"https://www.centralpharmacy.clinic/conditions/hepatitis-b-vaccination-private","lighthouse","valid-source-maps","best-practices","1","Missing source maps for large first-party JavaScript",""
"https://www.centralpharmacy.clinic/conditions/impetigo-pf-nhs","lighthouse","largest-contentful-paint","performance","1","Largest Contentful Paint","1.8 s"
"https://www.centralpharmacy.clinic/conditions/impetigo-pf-nhs","lighthouse","legacy-javascript-insight","performance","1","Legacy JavaScript","Est savings of 22 KiB"
"https://www.centralpharmacy.clinic/conditions/impetigo-pf-nhs","lighthouse","unused-javascript","performance","1","Reduce unused JavaScript","Est savings of 596 KiB"
"https://www.centralpharmacy.clinic/conditions/impetigo-pf-nhs","lighthouse","bf-cache","performance","1","Page prevented back/forward cache restoration","3 failure reasons"
"https://www.centralpharmacy.clinic/conditions/impetigo-pf-nhs","lighthouse","color-contrast","accessibility","1","Background and foreground colors do not have a sufficient contrast ratio.",""
"https://www.centralpharmacy.clinic/conditions/impetigo-pf-nhs","lighthouse","heading-order","accessibility","1","Heading elements are not in a sequentially-descending order",""
"https://www.centralpharmacy.clinic/conditions/impetigo-pf-nhs","lighthouse","landmark-one-main","accessibility","1","Document does not have a main landmark.",""
"https://www.centralpharmacy.clinic/conditions/impetigo-pf-nhs","lighthouse","valid-source-maps","best-practices","1","Missing source maps for large first-party JavaScript",""
"https://www.centralpharmacy.clinic/conditions/hpv-private","lighthouse","largest-contentful-paint","performance","1","Largest Contentful Paint","1.8 s"
"https://www.centralpharmacy.clinic/conditions/hpv-private","lighthouse","legacy-javascript-insight","performance","1","Legacy JavaScript","Est savings of 22 KiB"
"https://www.centralpharmacy.clinic/conditions/hpv-private","lighthouse","unused-javascript","performance","1","Reduce unused JavaScript","Est savings of 596 KiB"
"https://www.centralpharmacy.clinic/conditions/hpv-private","lighthouse","bf-cache","performance","1","Page prevented back/forward cache restoration","3 failure reasons"
"https://www.centralpharmacy.clinic/conditions/hpv-private","lighthouse","color-contrast","accessibility","1","Background and foreground colors do not have a sufficient contrast ratio.",""
"https://www.centralpharmacy.clinic/conditions/hpv-private","lighthouse","heading-order","accessibility","1","Heading elements are not in a sequentially-descending order",""
"https://www.centralpharmacy.clinic/conditions/hpv-private","lighthouse","landmark-one-main","accessibility","1","Document does not have a main landmark.",""
"https://www.centralpharmacy.clinic/conditions/hpv-private","lighthouse","valid-source-maps","best-practices","1","Missing source maps for large first-party JavaScript",""
"https://www.centralpharmacy.clinic/conditions/infected-insect-bites-pf-nhs","lighthouse","largest-contentful-paint","performance","1","Largest Contentful Paint","1.8 s"
"https://www.centralpharmacy.clinic/conditions/infected-insect-bites-pf-nhs","lighthouse","legacy-javascript-insight","performance","1","Legacy JavaScript","Est savings of 22 KiB"
"https://www.centralpharmacy.clinic/conditions/infected-insect-bites-pf-nhs","lighthouse","unused-javascript","performance","1","Reduce unused JavaScript","Est savings of 597 KiB"
"https://www.centralpharmacy.clinic/conditions/infected-insect-bites-pf-nhs","lighthouse","bf-cache","performance","1","Page prevented back/forward cache restoration","3 failure reasons"
"https://www.centralpharmacy.clinic/conditions/infected-insect-bites-pf-nhs","lighthouse","color-contrast","accessibility","1","Background and foreground colors do not have a sufficient contrast ratio.",""
"https://www.centralpharmacy.clinic/conditions/infected-insect-bites-pf-nhs","lighthouse","heading-order","accessibility","1","Heading elements are not in a sequentially-descending order",""
"https://www.centralpharmacy.clinic/conditions/infected-insect-bites-pf-nhs","lighthouse","landmark-one-main","accessibility","1","Document does not have a main landmark.",""
"https://www.centralpharmacy.clinic/conditions/infected-insect-bites-pf-nhs","lighthouse","valid-source-maps","best-practices","1","Missing source maps for large first-party JavaScript",""
"https://www.centralpharmacy.clinic/conditions/japanese-encephalitis-vaccination-private","lighthouse","largest-contentful-paint","performance","1","Largest Contentful Paint","1.8 s"
"https://www.centralpharmacy.clinic/conditions/japanese-encephalitis-vaccination-private","lighthouse","legacy-javascript-insight","performance","1","Legacy JavaScript","Est savings of 22 KiB"
"https://www.centralpharmacy.clinic/conditions/japanese-encephalitis-vaccination-private","lighthouse","unused-javascript","performance","1","Reduce unused JavaScript","Est savings of 596 KiB"
"https://www.centralpharmacy.clinic/conditions/japanese-encephalitis-vaccination-private","lighthouse","bf-cache","performance","1","Page prevented back/forward cache restoration","3 failure reasons"
"https://www.centralpharmacy.clinic/conditions/japanese-encephalitis-vaccination-private","lighthouse","color-contrast","accessibility","1","Background and foreground colors do not have a sufficient contrast ratio.",""
"https://www.centralpharmacy.clinic/conditions/japanese-encephalitis-vaccination-private","lighthouse","heading-order","accessibility","1","Heading elements are not in a sequentially-descending order",""
"https://www.centralpharmacy.clinic/conditions/japanese-encephalitis-vaccination-private","lighthouse","landmark-one-main","accessibility","1","Document does not have a main landmark.",""
"https://www.centralpharmacy.clinic/conditions/japanese-encephalitis-vaccination-private","lighthouse","valid-source-maps","best-practices","1","Missing source maps for large first-party JavaScript",""
"https://www.centralpharmacy.clinic/conditions/malaria-private","lighthouse","largest-contentful-paint","performance","1","Largest Contentful Paint","1.8 s"
"https://www.centralpharmacy.clinic/conditions/malaria-private","lighthouse","legacy-javascript-insight","performance","1","Legacy JavaScript","Est savings of 22 KiB"
"https://www.centralpharmacy.clinic/conditions/malaria-private","lighthouse","unused-javascript","performance","1","Reduce unused JavaScript","Est savings of 597 KiB"
"https://www.centralpharmacy.clinic/conditions/malaria-private","lighthouse","bf-cache","performance","1","Page prevented back/forward cache restoration","3 failure reasons"
"https://www.centralpharmacy.clinic/conditions/malaria-private","lighthouse","color-contrast","accessibility","1","Background and foreground colors do not have a sufficient contrast ratio.",""
"https://www.centralpharmacy.clinic/conditions/malaria-private","lighthouse","heading-order","accessibility","1","Heading elements are not in a sequentially-descending order",""
"https://www.centralpharmacy.clinic/conditions/malaria-private","lighthouse","landmark-one-main","accessibility","1","Document does not have a main landmark.",""
"https://www.centralpharmacy.clinic/conditions/malaria-private","lighthouse","valid-source-maps","best-practices","1","Missing source maps for large first-party JavaScript",""
"https://www.centralpharmacy.clinic/conditions/menacwy-vaccination-private","lighthouse","largest-contentful-paint","performance","1","Largest Contentful Paint","1.6 s"
"https://www.centralpharmacy.clinic/conditions/menacwy-vaccination-private","lighthouse","legacy-javascript-insight","performance","1","Legacy JavaScript","Est savings of 22 KiB"
"https://www.centralpharmacy.clinic/conditions/menacwy-vaccination-private","lighthouse","unused-javascript","performance","1","Reduce unused JavaScript","Est savings of 597 KiB"
"https://www.centralpharmacy.clinic/conditions/menacwy-vaccination-private","lighthouse","bf-cache","performance","1","Page prevented back/forward cache restoration","3 failure reasons"
"https://www.centralpharmacy.clinic/conditions/menacwy-vaccination-private","lighthouse","color-contrast","accessibility","1","Background and foreground colors do not have a sufficient contrast ratio.",""
"https://www.centralpharmacy.clinic/conditions/menacwy-vaccination-private","lighthouse","heading-order","accessibility","1","Heading elements are not in a sequentially-descending order",""
"https://www.centralpharmacy.clinic/conditions/menacwy-vaccination-private","lighthouse","landmark-one-main","accessibility","1","Document does not have a main landmark.",""
"https://www.centralpharmacy.clinic/conditions/menacwy-vaccination-private","lighthouse","valid-source-maps","best-practices","1","Missing source maps for large first-party JavaScript",""
"https://www.centralpharmacy.clinic/conditions/menb-vaccination-private","lighthouse","largest-contentful-paint","performance","1","Largest Contentful Paint","1.8 s"
"https://www.centralpharmacy.clinic/conditions/menb-vaccination-private","lighthouse","forced-reflow-insight","performance","1","Forced reflow",""
"https://www.centralpharmacy.clinic/conditions/menb-vaccination-private","lighthouse","legacy-javascript-insight","performance","1","Legacy JavaScript","Est savings of 22 KiB"
"https://www.centralpharmacy.clinic/conditions/menb-vaccination-private","lighthouse","unused-javascript","performance","1","Reduce unused JavaScript","Est savings of 597 KiB"
"https://www.centralpharmacy.clinic/conditions/menb-vaccination-private","lighthouse","bf-cache","performance","1","Page prevented back/forward cache restoration","3 failure reasons"
"https://www.centralpharmacy.clinic/conditions/menb-vaccination-private","lighthouse","color-contrast","accessibility","1","Background and foreground colors do not have a sufficient contrast ratio.",""
"https://www.centralpharmacy.clinic/conditions/menb-vaccination-private","lighthouse","heading-order","accessibility","1","Heading elements are not in a sequentially-descending order",""
"https://www.centralpharmacy.clinic/conditions/menb-vaccination-private","lighthouse","landmark-one-main","accessibility","1","Document does not have a main landmark.",""
"https://www.centralpharmacy.clinic/conditions/menb-vaccination-private","lighthouse","valid-source-maps","best-practices","1","Missing source maps for large first-party JavaScript",""
"https://www.centralpharmacy.clinic/conditions/mmr-vaccine-private","lighthouse","largest-contentful-paint","performance","1","Largest Contentful Paint","1.8 s"
"https://www.centralpharmacy.clinic/conditions/mmr-vaccine-private","lighthouse","legacy-javascript-insight","performance","1","Legacy JavaScript","Est savings of 22 KiB"
"https://www.centralpharmacy.clinic/conditions/mmr-vaccine-private","lighthouse","unused-javascript","performance","1","Reduce unused JavaScript","Est savings of 596 KiB"
"https://www.centralpharmacy.clinic/conditions/mmr-vaccine-private","lighthouse","bf-cache","performance","1","Page prevented back/forward cache restoration","3 failure reasons"
"https://www.centralpharmacy.clinic/conditions/mmr-vaccine-private","lighthouse","color-contrast","accessibility","1","Background and foreground colors do not have a sufficient contrast ratio.",""
"https://www.centralpharmacy.clinic/conditions/mmr-vaccine-private","lighthouse","heading-order","accessibility","1","Heading elements are not in a sequentially-descending order",""
"https://www.centralpharmacy.clinic/conditions/mmr-vaccine-private","lighthouse","landmark-one-main","accessibility","1","Document does not have a main landmark.",""
"https://www.centralpharmacy.clinic/conditions/mmr-vaccine-private","lighthouse","valid-source-maps","best-practices","1","Missing source maps for large first-party JavaScript",""
"https://www.centralpharmacy.clinic/conditions/period-delay-private","lighthouse","largest-contentful-paint","performance","1","Largest Contentful Paint","1.8 s"
"https://www.centralpharmacy.clinic/conditions/period-delay-private","lighthouse","legacy-javascript-insight","performance","1","Legacy JavaScript","Est savings of 22 KiB"
"https://www.centralpharmacy.clinic/conditions/period-delay-private","lighthouse","unused-javascript","performance","1","Reduce unused JavaScript","Est savings of 597 KiB"
"https://www.centralpharmacy.clinic/conditions/period-delay-private","lighthouse","bf-cache","performance","1","Page prevented back/forward cache restoration","3 failure reasons"
"https://www.centralpharmacy.clinic/conditions/period-delay-private","lighthouse","color-contrast","accessibility","1","Background and foreground colors do not have a sufficient contrast ratio.",""
"https://www.centralpharmacy.clinic/conditions/period-delay-private","lighthouse","heading-order","accessibility","1","Heading elements are not in a sequentially-descending order",""
"https://www.centralpharmacy.clinic/conditions/period-delay-private","lighthouse","landmark-one-main","accessibility","1","Document does not have a main landmark.",""
"https://www.centralpharmacy.clinic/conditions/period-delay-private","lighthouse","valid-source-maps","best-practices","1","Missing source maps for large first-party JavaScript",""
"https://www.centralpharmacy.clinic/conditions/pneumococcal-vaccination-private","lighthouse","largest-contentful-paint","performance","1","Largest Contentful Paint","1.8 s"
"https://www.centralpharmacy.clinic/conditions/pneumococcal-vaccination-private","lighthouse","forced-reflow-insight","performance","1","Forced reflow",""
"https://www.centralpharmacy.clinic/conditions/pneumococcal-vaccination-private","lighthouse","legacy-javascript-insight","performance","1","Legacy JavaScript","Est savings of 22 KiB"
"https://www.centralpharmacy.clinic/conditions/pneumococcal-vaccination-private","lighthouse","unused-javascript","performance","1","Reduce unused JavaScript","Est savings of 597 KiB"
"https://www.centralpharmacy.clinic/conditions/pneumococcal-vaccination-private","lighthouse","bf-cache","performance","1","Page prevented back/forward cache restoration","3 failure reasons"
"https://www.centralpharmacy.clinic/conditions/pneumococcal-vaccination-private","lighthouse","color-contrast","accessibility","1","Background and foreground colors do not have a sufficient contrast ratio.",""
"https://www.centralpharmacy.clinic/conditions/pneumococcal-vaccination-private","lighthouse","heading-order","accessibility","1","Heading elements are not in a sequentially-descending order",""
"https://www.centralpharmacy.clinic/conditions/pneumococcal-vaccination-private","lighthouse","landmark-one-main","accessibility","1","Document does not have a main landmark.",""
"https://www.centralpharmacy.clinic/conditions/pneumococcal-vaccination-private","lighthouse","valid-source-maps","best-practices","1","Missing source maps for large first-party JavaScript",""
"https://www.centralpharmacy.clinic/conditions/multiple-travel-vaccinations-private","lighthouse","largest-contentful-paint","performance","1","Largest Contentful Paint","1.8 s"
"https://www.centralpharmacy.clinic/conditions/multiple-travel-vaccinations-private","lighthouse","legacy-javascript-insight","performance","1","Legacy JavaScript","Est savings of 22 KiB"
"https://www.centralpharmacy.clinic/conditions/multiple-travel-vaccinations-private","lighthouse","unused-javascript","performance","1","Reduce unused JavaScript","Est savings of 597 KiB"
"https://www.centralpharmacy.clinic/conditions/multiple-travel-vaccinations-private","lighthouse","bf-cache","performance","1","Page prevented back/forward cache restoration","3 failure reasons"
"https://www.centralpharmacy.clinic/conditions/multiple-travel-vaccinations-private","lighthouse","color-contrast","accessibility","1","Background and foreground colors do not have a sufficient contrast ratio.",""
"https://www.centralpharmacy.clinic/conditions/multiple-travel-vaccinations-private","lighthouse","heading-order","accessibility","1","Heading elements are not in a sequentially-descending order",""
"https://www.centralpharmacy.clinic/conditions/multiple-travel-vaccinations-private","lighthouse","landmark-one-main","accessibility","1","Document does not have a main landmark.",""
"https://www.centralpharmacy.clinic/conditions/multiple-travel-vaccinations-private","lighthouse","valid-source-maps","best-practices","1","Missing source maps for large first-party JavaScript",""
"https://www.centralpharmacy.clinic/conditions/premature-ejaculation-private","lighthouse","largest-contentful-paint","performance","1","Largest Contentful Paint","1.8 s"
"https://www.centralpharmacy.clinic/conditions/premature-ejaculation-private","lighthouse","legacy-javascript-insight","performance","1","Legacy JavaScript","Est savings of 22 KiB"
"https://www.centralpharmacy.clinic/conditions/premature-ejaculation-private","lighthouse","unused-javascript","performance","1","Reduce unused JavaScript","Est savings of 597 KiB"
"https://www.centralpharmacy.clinic/conditions/premature-ejaculation-private","lighthouse","bf-cache","performance","1","Page prevented back/forward cache restoration","3 failure reasons"
"https://www.centralpharmacy.clinic/conditions/premature-ejaculation-private","lighthouse","color-contrast","accessibility","1","Background and foreground colors do not have a sufficient contrast ratio.",""
"https://www.centralpharmacy.clinic/conditions/premature-ejaculation-private","lighthouse","heading-order","accessibility","1","Heading elements are not in a sequentially-descending order",""
"https://www.centralpharmacy.clinic/conditions/premature-ejaculation-private","lighthouse","landmark-one-main","accessibility","1","Document does not have a main landmark.",""
"https://www.centralpharmacy.clinic/conditions/premature-ejaculation-private","lighthouse","valid-source-maps","best-practices","1","Missing source maps for large first-party JavaScript",""
"https://www.centralpharmacy.clinic/conditions/premature-ejaculation-private-2","lighthouse","largest-contentful-paint","performance","1","Largest Contentful Paint","1.8 s"
"https://www.centralpharmacy.clinic/conditions/premature-ejaculation-private-2","lighthouse","legacy-javascript-insight","performance","1","Legacy JavaScript","Est savings of 22 KiB"
"https://www.centralpharmacy.clinic/conditions/premature-ejaculation-private-2","lighthouse","unused-javascript","performance","1","Reduce unused JavaScript","Est savings of 597 KiB"
"https://www.centralpharmacy.clinic/conditions/premature-ejaculation-private-2","lighthouse","bf-cache","performance","1","Page prevented back/forward cache restoration","3 failure reasons"
"https://www.centralpharmacy.clinic/conditions/premature-ejaculation-private-2","lighthouse","color-contrast","accessibility","1","Background and foreground colors do not have a sufficient contrast ratio.",""
"https://www.centralpharmacy.clinic/conditions/premature-ejaculation-private-2","lighthouse","heading-order","accessibility","1","Heading elements are not in a sequentially-descending order",""
"https://www.centralpharmacy.clinic/conditions/premature-ejaculation-private-2","lighthouse","landmark-one-main","accessibility","1","Document does not have a main landmark.",""
"https://www.centralpharmacy.clinic/conditions/premature-ejaculation-private-2","lighthouse","valid-source-maps","best-practices","1","Missing source maps for large first-party JavaScript",""
"https://www.centralpharmacy.clinic/conditions/rabies-vaccination-private","lighthouse","largest-contentful-paint","performance","1","Largest Contentful Paint","1.8 s"
"https://www.centralpharmacy.clinic/conditions/rabies-vaccination-private","lighthouse","forced-reflow-insight","performance","1","Forced reflow",""
"https://www.centralpharmacy.clinic/conditions/rabies-vaccination-private","lighthouse","legacy-javascript-insight","performance","1","Legacy JavaScript","Est savings of 22 KiB"
"https://www.centralpharmacy.clinic/conditions/rabies-vaccination-private","lighthouse","unused-javascript","performance","1","Reduce unused JavaScript","Est savings of 597 KiB"
"https://www.centralpharmacy.clinic/conditions/rabies-vaccination-private","lighthouse","bf-cache","performance","1","Page prevented back/forward cache restoration","3 failure reasons"
"https://www.centralpharmacy.clinic/conditions/rabies-vaccination-private","lighthouse","color-contrast","accessibility","1","Background and foreground colors do not have a sufficient contrast ratio.",""
"https://www.centralpharmacy.clinic/conditions/rabies-vaccination-private","lighthouse","heading-order","accessibility","1","Heading elements are not in a sequentially-descending order",""
"https://www.centralpharmacy.clinic/conditions/rabies-vaccination-private","lighthouse","landmark-one-main","accessibility","1","Document does not have a main landmark.",""
"https://www.centralpharmacy.clinic/conditions/rabies-vaccination-private","lighthouse","valid-source-maps","best-practices","1","Missing source maps for large first-party JavaScript",""
"https://www.centralpharmacy.clinic/conditions/shingles-pf-nhs","lighthouse","largest-contentful-paint","performance","1","Largest Contentful Paint","1.8 s"
"https://www.centralpharmacy.clinic/conditions/shingles-pf-nhs","lighthouse","legacy-javascript-insight","performance","1","Legacy JavaScript","Est savings of 22 KiB"
"https://www.centralpharmacy.clinic/conditions/shingles-pf-nhs","lighthouse","unused-javascript","performance","1","Reduce unused JavaScript","Est savings of 597 KiB"
"https://www.centralpharmacy.clinic/conditions/shingles-pf-nhs","lighthouse","bf-cache","performance","1","Page prevented back/forward cache restoration","3 failure reasons"
"https://www.centralpharmacy.clinic/conditions/shingles-pf-nhs","lighthouse","color-contrast","accessibility","1","Background and foreground colors do not have a sufficient contrast ratio.",""
"https://www.centralpharmacy.clinic/conditions/shingles-pf-nhs","lighthouse","heading-order","accessibility","1","Heading elements are not in a sequentially-descending order",""
"https://www.centralpharmacy.clinic/conditions/shingles-pf-nhs","lighthouse","landmark-one-main","accessibility","1","Document does not have a main landmark.",""
"https://www.centralpharmacy.clinic/conditions/shingles-pf-nhs","lighthouse","valid-source-maps","best-practices","1","Missing source maps for large first-party JavaScript",""
"https://www.centralpharmacy.clinic/conditions/shingles-private","lighthouse","largest-contentful-paint","performance","1","Largest Contentful Paint","1.8 s"
"https://www.centralpharmacy.clinic/conditions/shingles-private","lighthouse","legacy-javascript-insight","performance","1","Legacy JavaScript","Est savings of 22 KiB"
"https://www.centralpharmacy.clinic/conditions/shingles-private","lighthouse","unused-javascript","performance","1","Reduce unused JavaScript","Est savings of 597 KiB"
"https://www.centralpharmacy.clinic/conditions/shingles-private","lighthouse","bf-cache","performance","1","Page prevented back/forward cache restoration","3 failure reasons"
"https://www.centralpharmacy.clinic/conditions/shingles-private","lighthouse","color-contrast","accessibility","1","Background and foreground colors do not have a sufficient contrast ratio.",""
"https://www.centralpharmacy.clinic/conditions/shingles-private","lighthouse","heading-order","accessibility","1","Heading elements are not in a sequentially-descending order",""
"https://www.centralpharmacy.clinic/conditions/shingles-private","lighthouse","landmark-one-main","accessibility","1","Document does not have a main landmark.",""
"https://www.centralpharmacy.clinic/conditions/shingles-private","lighthouse","valid-source-maps","best-practices","1","Missing source maps for large first-party JavaScript",""
"https://www.centralpharmacy.clinic/conditions/tick-borne-encephalitis-vaccination-private","lighthouse","largest-contentful-paint","performance","1","Largest Contentful Paint","1.6 s"
"https://www.centralpharmacy.clinic/conditions/tick-borne-encephalitis-vaccination-private","lighthouse","forced-reflow-insight","performance","1","Forced reflow",""
"https://www.centralpharmacy.clinic/conditions/tick-borne-encephalitis-vaccination-private","lighthouse","legacy-javascript-insight","performance","1","Legacy JavaScript","Est savings of 22 KiB"
"https://www.centralpharmacy.clinic/conditions/tick-borne-encephalitis-vaccination-private","lighthouse","unused-javascript","performance","1","Reduce unused JavaScript","Est savings of 597 KiB"
"https://www.centralpharmacy.clinic/conditions/tick-borne-encephalitis-vaccination-private","lighthouse","bf-cache","performance","1","Page prevented back/forward cache restoration","3 failure reasons"
"https://www.centralpharmacy.clinic/conditions/tick-borne-encephalitis-vaccination-private","lighthouse","color-contrast","accessibility","1","Background and foreground colors do not have a sufficient contrast ratio.",""
"https://www.centralpharmacy.clinic/conditions/tick-borne-encephalitis-vaccination-private","lighthouse","heading-order","accessibility","1","Heading elements are not in a sequentially-descending order",""
"https://www.centralpharmacy.clinic/conditions/tick-borne-encephalitis-vaccination-private","lighthouse","landmark-one-main","accessibility","1","Document does not have a main landmark.",""
"https://www.centralpharmacy.clinic/conditions/tick-borne-encephalitis-vaccination-private","lighthouse","valid-source-maps","best-practices","1","Missing source maps for large first-party JavaScript",""
"https://www.centralpharmacy.clinic/conditions/traveller-s-diarrhoea-private","lighthouse","largest-contentful-paint","performance","1","Largest Contentful Paint","1.8 s"
"https://www.centralpharmacy.clinic/conditions/traveller-s-diarrhoea-private","lighthouse","legacy-javascript-insight","performance","1","Legacy JavaScript","Est savings of 22 KiB"
"https://www.centralpharmacy.clinic/conditions/traveller-s-diarrhoea-private","lighthouse","unused-javascript","performance","1","Reduce unused JavaScript","Est savings of 597 KiB"
"https://www.centralpharmacy.clinic/conditions/traveller-s-diarrhoea-private","lighthouse","bf-cache","performance","1","Page prevented back/forward cache restoration","3 failure reasons"
"https://www.centralpharmacy.clinic/conditions/traveller-s-diarrhoea-private","lighthouse","color-contrast","accessibility","1","Background and foreground colors do not have a sufficient contrast ratio.",""
"https://www.centralpharmacy.clinic/conditions/traveller-s-diarrhoea-private","lighthouse","heading-order","accessibility","1","Heading elements are not in a sequentially-descending order",""
"https://www.centralpharmacy.clinic/conditions/traveller-s-diarrhoea-private","lighthouse","landmark-one-main","accessibility","1","Document does not have a main landmark.",""
"https://www.centralpharmacy.clinic/conditions/traveller-s-diarrhoea-private","lighthouse","valid-source-maps","best-practices","1","Missing source maps for large first-party JavaScript",""
"https://www.centralpharmacy.clinic/conditions/typhoid-vaccination-private","lighthouse","largest-contentful-paint","performance","1","Largest Contentful Paint","1.8 s"
"https://www.centralpharmacy.clinic/conditions/typhoid-vaccination-private","lighthouse","legacy-javascript-insight","performance","1","Legacy JavaScript","Est savings of 22 KiB"
"https://www.centralpharmacy.clinic/conditions/typhoid-vaccination-private","lighthouse","unused-javascript","performance","1","Reduce unused JavaScript","Est savings of 596 KiB"
"https://www.centralpharmacy.clinic/conditions/typhoid-vaccination-private","lighthouse","bf-cache","performance","1","Page prevented back/forward cache restoration","3 failure reasons"
"https://www.centralpharmacy.clinic/conditions/typhoid-vaccination-private","lighthouse","color-contrast","accessibility","1","Background and foreground colors do not have a sufficient contrast ratio.",""
"https://www.centralpharmacy.clinic/conditions/typhoid-vaccination-private","lighthouse","heading-order","accessibility","1","Heading elements are not in a sequentially-descending order",""
"https://www.centralpharmacy.clinic/conditions/typhoid-vaccination-private","lighthouse","landmark-one-main","accessibility","1","Document does not have a main landmark.",""
"https://www.centralpharmacy.clinic/conditions/typhoid-vaccination-private","lighthouse","valid-source-maps","best-practices","1","Missing source maps for large first-party JavaScript",""
"https://www.centralpharmacy.clinic/conditions/uti-pf-nhs","lighthouse","largest-contentful-paint","performance","1","Largest Contentful Paint","1.8 s"
"https://www.centralpharmacy.clinic/conditions/uti-pf-nhs","lighthouse","legacy-javascript-insight","performance","1","Legacy JavaScript","Est savings of 22 KiB"
"https://www.centralpharmacy.clinic/conditions/uti-pf-nhs","lighthouse","unused-javascript","performance","1","Reduce unused JavaScript","Est savings of 597 KiB"
"https://www.centralpharmacy.clinic/conditions/uti-pf-nhs","lighthouse","bf-cache","performance","1","Page prevented back/forward cache restoration","3 failure reasons"
"https://www.centralpharmacy.clinic/conditions/uti-pf-nhs","lighthouse","color-contrast","accessibility","1","Background and foreground colors do not have a sufficient contrast ratio.",""
"https://www.centralpharmacy.clinic/conditions/uti-pf-nhs","lighthouse","heading-order","accessibility","1","Heading elements are not in a sequentially-descending order",""
"https://www.centralpharmacy.clinic/conditions/uti-pf-nhs","lighthouse","landmark-one-main","accessibility","1","Document does not have a main landmark.",""
"https://www.centralpharmacy.clinic/conditions/uti-pf-nhs","lighthouse","valid-source-maps","best-practices","1","Missing source maps for large first-party JavaScript",""
"https://www.centralpharmacy.clinic/conditions/varicella-chickenpox-private","lighthouse","largest-contentful-paint","performance","1","Largest Contentful Paint","1.8 s"
"https://www.centralpharmacy.clinic/conditions/varicella-chickenpox-private","lighthouse","legacy-javascript-insight","performance","1","Legacy JavaScript","Est savings of 22 KiB"
"https://www.centralpharmacy.clinic/conditions/varicella-chickenpox-private","lighthouse","unused-javascript","performance","1","Reduce unused JavaScript","Est savings of 597 KiB"
"https://www.centralpharmacy.clinic/conditions/varicella-chickenpox-private","lighthouse","bf-cache","performance","1","Page prevented back/forward cache restoration","3 failure reasons"
"https://www.centralpharmacy.clinic/conditions/varicella-chickenpox-private","lighthouse","color-contrast","accessibility","1","Background and foreground colors do not have a sufficient contrast ratio.",""
"https://www.centralpharmacy.clinic/conditions/varicella-chickenpox-private","lighthouse","heading-order","accessibility","1","Heading elements are not in a sequentially-descending order",""
"https://www.centralpharmacy.clinic/conditions/varicella-chickenpox-private","lighthouse","landmark-one-main","accessibility","1","Document does not have a main landmark.",""
"https://www.centralpharmacy.clinic/conditions/varicella-chickenpox-private","lighthouse","valid-source-maps","best-practices","1","Missing source maps for large first-party JavaScript",""
"https://www.centralpharmacy.clinic/conditions/vitamin-b12-private","lighthouse","largest-contentful-paint","performance","1","Largest Contentful Paint","1.8 s"
"https://www.centralpharmacy.clinic/conditions/vitamin-b12-private","lighthouse","legacy-javascript-insight","performance","1","Legacy JavaScript","Est savings of 22 KiB"
"https://www.centralpharmacy.clinic/conditions/vitamin-b12-private","lighthouse","unused-javascript","performance","1","Reduce unused JavaScript","Est savings of 597 KiB"
"https://www.centralpharmacy.clinic/conditions/vitamin-b12-private","lighthouse","bf-cache","performance","1","Page prevented back/forward cache restoration","3 failure reasons"
"https://www.centralpharmacy.clinic/conditions/vitamin-b12-private","lighthouse","color-contrast","accessibility","1","Background and foreground colors do not have a sufficient contrast ratio.",""
"https://www.centralpharmacy.clinic/conditions/vitamin-b12-private","lighthouse","heading-order","accessibility","1","Heading elements are not in a sequentially-descending order",""
"https://www.centralpharmacy.clinic/conditions/vitamin-b12-private","lighthouse","landmark-one-main","accessibility","1","Document does not have a main landmark.",""
"https://www.centralpharmacy.clinic/conditions/vitamin-b12-private","lighthouse","valid-source-maps","best-practices","1","Missing source maps for large first-party JavaScript",""
"https://www.centralpharmacy.clinic/conditions/weight-management-follow-up-private","lighthouse","largest-contentful-paint","performance","1","Largest Contentful Paint","1.8 s"
"https://www.centralpharmacy.clinic/conditions/weight-management-follow-up-private","lighthouse","legacy-javascript-insight","performance","1","Legacy JavaScript","Est savings of 22 KiB"
"https://www.centralpharmacy.clinic/conditions/weight-management-follow-up-private","lighthouse","unused-javascript","performance","1","Reduce unused JavaScript","Est savings of 597 KiB"
"https://www.centralpharmacy.clinic/conditions/weight-management-follow-up-private","lighthouse","bf-cache","performance","1","Page prevented back/forward cache restoration","3 failure reasons"
"https://www.centralpharmacy.clinic/conditions/weight-management-follow-up-private","lighthouse","color-contrast","accessibility","1","Background and foreground colors do not have a sufficient contrast ratio.",""
"https://www.centralpharmacy.clinic/conditions/weight-management-follow-up-private","lighthouse","heading-order","accessibility","1","Heading elements are not in a sequentially-descending order",""
"https://www.centralpharmacy.clinic/conditions/weight-management-follow-up-private","lighthouse","landmark-one-main","accessibility","1","Document does not have a main landmark.",""
"https://www.centralpharmacy.clinic/conditions/weight-management-follow-up-private","lighthouse","valid-source-maps","best-practices","1","Missing source maps for large first-party JavaScript",""
"https://www.centralpharmacy.clinic/accessibility-statement","lighthouse","legacy-javascript-insight","performance","1","Legacy JavaScript","Est savings of 22 KiB"
"https://www.centralpharmacy.clinic/accessibility-statement","lighthouse","unused-javascript","performance","1","Reduce unused JavaScript","Est savings of 180 KiB"
"https://www.centralpharmacy.clinic/accessibility-statement","lighthouse","bf-cache","performance","1","Page prevented back/forward cache restoration","3 failure reasons"
"https://www.centralpharmacy.clinic/accessibility-statement","lighthouse","color-contrast","accessibility","1","Background and foreground colors do not have a sufficient contrast ratio.",""
"https://www.centralpharmacy.clinic/accessibility-statement","lighthouse","heading-order","accessibility","1","Heading elements are not in a sequentially-descending order",""
"https://www.centralpharmacy.clinic/conditions/weight-management-private","lighthouse","largest-contentful-paint","performance","1","Largest Contentful Paint","1.8 s"
"https://www.centralpharmacy.clinic/conditions/weight-management-private","lighthouse","legacy-javascript-insight","performance","1","Legacy JavaScript","Est savings of 22 KiB"
"https://www.centralpharmacy.clinic/conditions/weight-management-private","lighthouse","unused-javascript","performance","1","Reduce unused JavaScript","Est savings of 597 KiB"
"https://www.centralpharmacy.clinic/conditions/weight-management-private","lighthouse","bf-cache","performance","1","Page prevented back/forward cache restoration","3 failure reasons"
"https://www.centralpharmacy.clinic/conditions/weight-management-private","lighthouse","color-contrast","accessibility","1","Background and foreground colors do not have a sufficient contrast ratio.",""
"https://www.centralpharmacy.clinic/conditions/weight-management-private","lighthouse","heading-order","accessibility","1","Heading elements are not in a sequentially-descending order",""
"https://www.centralpharmacy.clinic/conditions/weight-management-private","lighthouse","landmark-one-main","accessibility","1","Document does not have a main landmark.",""
"https://www.centralpharmacy.clinic/conditions/weight-management-private","lighthouse","valid-source-maps","best-practices","1","Missing source maps for large first-party JavaScript",""
"https://www.centralpharmacy.clinic/complaints-procedure","lighthouse","legacy-javascript-insight","performance","1","Legacy JavaScript","Est savings of 22 KiB"
"https://www.centralpharmacy.clinic/complaints-procedure","lighthouse","unused-javascript","performance","1","Reduce unused JavaScript","Est savings of 180 KiB"
"https://www.centralpharmacy.clinic/complaints-procedure","lighthouse","bf-cache","performance","1","Page prevented back/forward cache restoration","3 failure reasons"
"https://www.centralpharmacy.clinic/complaints-procedure","lighthouse","color-contrast","accessibility","1","Background and foreground colors do not have a sufficient contrast ratio.",""
"https://www.centralpharmacy.clinic/complaints-procedure","lighthouse","heading-order","accessibility","1","Heading elements are not in a sequentially-descending order",""
"https://www.centralpharmacy.clinic/cookie-policy","lighthouse","legacy-javascript-insight","performance","1","Legacy JavaScript","Est savings of 22 KiB"
"https://www.centralpharmacy.clinic/cookie-policy","lighthouse","unused-javascript","performance","1","Reduce unused JavaScript","Est savings of 180 KiB"
"https://www.centralpharmacy.clinic/cookie-policy","lighthouse","bf-cache","performance","1","Page prevented back/forward cache restoration","3 failure reasons"
"https://www.centralpharmacy.clinic/cookie-policy","lighthouse","color-contrast","accessibility","1","Background and foreground colors do not have a sufficient contrast ratio.",""
"https://www.centralpharmacy.clinic/cookie-policy","lighthouse","heading-order","accessibility","1","Heading elements are not in a sequentially-descending order",""
"https://www.centralpharmacy.clinic/privacy-policy","lighthouse","legacy-javascript-insight","performance","1","Legacy JavaScript","Est savings of 22 KiB"
"https://www.centralpharmacy.clinic/privacy-policy","lighthouse","unused-javascript","performance","1","Reduce unused JavaScript","Est savings of 181 KiB"
"https://www.centralpharmacy.clinic/privacy-policy","lighthouse","bf-cache","performance","1","Page prevented back/forward cache restoration","3 failure reasons"
"https://www.centralpharmacy.clinic/privacy-policy","lighthouse","color-contrast","accessibility","1","Background and foreground colors do not have a sufficient contrast ratio.",""
"https://www.centralpharmacy.clinic/privacy-policy","lighthouse","heading-order","accessibility","1","Heading elements are not in a sequentially-descending order",""
"https://www.centralpharmacy.clinic/conditions/yellow-fever-vaccination-private","lighthouse","largest-contentful-paint","performance","1","Largest Contentful Paint","1.8 s"
"https://www.centralpharmacy.clinic/conditions/yellow-fever-vaccination-private","lighthouse","legacy-javascript-insight","performance","1","Legacy JavaScript","Est savings of 22 KiB"
"https://www.centralpharmacy.clinic/conditions/yellow-fever-vaccination-private","lighthouse","unused-javascript","performance","1","Reduce unused JavaScript","Est savings of 596 KiB"
"https://www.centralpharmacy.clinic/conditions/yellow-fever-vaccination-private","lighthouse","bf-cache","performance","1","Page prevented back/forward cache restoration","3 failure reasons"
"https://www.centralpharmacy.clinic/conditions/yellow-fever-vaccination-private","lighthouse","color-contrast","accessibility","1","Background and foreground colors do not have a sufficient contrast ratio.",""
"https://www.centralpharmacy.clinic/conditions/yellow-fever-vaccination-private","lighthouse","heading-order","accessibility","1","Heading elements are not in a sequentially-descending order",""
"https://www.centralpharmacy.clinic/conditions/yellow-fever-vaccination-private","lighthouse","landmark-one-main","accessibility","1","Document does not have a main landmark.",""
"https://www.centralpharmacy.clinic/conditions/yellow-fever-vaccination-private","lighthouse","valid-source-maps","best-practices","1","Missing source maps for large first-party JavaScript",""
"https://www.centralpharmacy.clinic/terms-and-conditions","lighthouse","legacy-javascript-insight","performance","1","Legacy JavaScript","Est savings of 22 KiB"
"https://www.centralpharmacy.clinic/terms-and-conditions","lighthouse","unused-javascript","performance","1","Reduce unused JavaScript","Est savings of 180 KiB"
"https://www.centralpharmacy.clinic/terms-and-conditions","lighthouse","bf-cache","performance","1","Page prevented back/forward cache restoration","3 failure reasons"
"https://www.centralpharmacy.clinic/terms-and-conditions","lighthouse","color-contrast","accessibility","1","Background and foreground colors do not have a sufficient contrast ratio.",""
"https://www.centralpharmacy.clinic/terms-and-conditions","lighthouse","heading-order","accessibility","1","Heading elements are not in a sequentially-descending order",""
"https://www.centralpharmacy.clinic/blog","links","broken-link","400","1","https://www.facebook.com/",""
"https://www.centralpharmacy.clinic/accessibility-statement","links","broken-link","401","1","https://www.equalityadvisoryservice.com/",""
"https://www.centralpharmacy.clinic/blog","links","broken-link","error","1","https://www.intagram.com/","ERR_TLS_CERT_ALTNAME_INVALID"
"https://www.centralpharmacy.clinic/complaints-procedure","links","broken-link","404","1","https://www.pharmacyregulation.org/raise-concern",""
